sample_id,task,prompt_snippet,prediction,ground_truth,prediction_length,ground_truth_length,exact_match,bleu,embedding_similarity,spatial_similarity,combined_similarity,accuracy,answer_format
0,obj_spatial_relation_oo_mv,"<|im_start|>system
You are a helpful assistant.<|im_end|>
<|im_start|>user
<|vision_start|><|image_pad|><|image_pad|><|image_pad|><|image_pad|><|image_pad|><|image_pad|><|image_pad|><|image_pad|><|ima...","The sofa chair (red bbox: [0, 0, 484, 999]) is located to the left of the books (blue bbox: [640, 33, 744, 70]) in the first image.","From the perspective provided, the sofa chair(red bbox) is to the right and below the books(blue bbox). This places it closer as well. The the sofa chair(red bbox) and the books(blue bbox) are in front of the observer.
",131,219,0.0,0.018827127403224394,0.8309366703033447,0.18000000000000002,0.47323376063231726,0.47323376063231726,sentence
1,obj_spatial_relation_oo_mv,"<|im_start|>system
You are a helpful assistant.<|im_end|>
<|im_start|>user
<|vision_start|><|image_pad|><|image_pad|><|image_pad|><|image_pad|><|image_pad|><|image_pad|><|image_pad|><|image_pad|><|ima...","The speaker (red bbox: [684, 577, 986, 999]) is located to the right of the bedside table (blue bbox: [662, 340, 709, 544]) in the first image.","To describe it, the speaker(red bbox) is  and above the bedside table(blue bbox).  The the speaker(red bbox) and the bedside table(blue bbox) are in front of the observer.
",143,172,0.0,0.02463831792025431,0.7594932913780212,0.45,0.5196743092730615,0.5196743092730615,sentence
2,obj_spatial_relation_oo_mv,"<|im_start|>system
You are a helpful assistant.<|im_end|>
<|im_start|>user
<|vision_start|><|image_pad|><|image_pad|><|image_pad|><|image_pad|><|image_pad|><|image_pad|><|image_pad|><|image_pad|><|ima...","The telephone is not visible in the second image, so it is not possible to determine its orientation relative to the smoke detector in the second image.","the telephone(red bbox) lies to the right and below relative to the smoke detector(blue bbox). It seems closer when viewed. The the telephone(red bbox) and the smoke detector(blue bbox) are in front of the observer.
",152,216,0.0,0.08123363279795501,0.6861233711242676,0.18000000000000002,0.41330841212172476,0.41330841212172476,sentence
3,obj_spatial_relation_oo_mv,"<|im_start|>system
You are a helpful assistant.<|im_end|>
<|im_start|>user
<|vision_start|><|image_pad|><|image_pad|><|image_pad|><|image_pad|><|image_pad|><|image_pad|><|image_pad|><|image_pad|><|ima...","The shoes are located on the right side of the image, while the trash can is not visible in the first image, so there is no comparison to be made.","The observer notes the shoes(red bbox) is to the right  the trash can(blue bbox). Additionally, it appears closer. The the shoes(red bbox) and the trash can(blue bbox) are in front of the observer.
",146,198,0.0,0.02461137710926838,0.6027176380157471,0.45,0.44128109442972724,0.44128109442972724,sentence
4,obj_spatial_relation_oo_mv,"<|im_start|>system
You are a helpful assistant.<|im_end|>
<|im_start|>user
<|vision_start|><|image_pad|><|image_pad|><|image_pad|><|image_pad|><|image_pad|><|image_pad|><|image_pad|><|image_pad|><|ima...",The table is to the right of the luggage rack in the observer's viewpoint.,"the table(red bbox) holds a position to the right and  the luggage rack(blue bbox). From this vantage, it seems closer. The the table(red bbox) and the luggage rack(blue bbox) are in front of the observer.
",74,206,0.0,0.02468724190021517,0.8133702874183655,0.45,0.5466225920892258,0.5466225920892258,sentence
5,obj_spatial_relation_oo_mv,"<|im_start|>system
You are a helpful assistant.<|im_end|>
<|im_start|>user
<|vision_start|><|image_pad|><|image_pad|><|image_pad|><|image_pad|><|image_pad|><|image_pad|><|image_pad|><|image_pad|><|ima...","The alarm clock (red bbox: [765, 756, 851, 892]) is positioned below the shoes (blue bbox: [251, 690, 376, 831]) in the first image, while in the second image, the shoes are no longer present, and the alarm clock is in a different location, not related to the shoes' position. Therefore, there is no direct comparison possible between the two images regarding the position of the alarm clock relative to the shoes.","the alarm clock(red bbox) appears to the observer as being to the right and above the shoes(blue bbox). It also seems closer. The the alarm clock(red bbox) is in front of the observer. The the shoes(blue bbox) is behind the observer.
",414,234,0.0,0.014658573833881026,0.8273588418960571,0.15,0.4616111357148048,0.4616111357148048,sentence
6,obj_spatial_relation_oo_mv,"<|im_start|>system
You are a helpful assistant.<|im_end|>
<|im_start|>user
<|vision_start|><|image_pad|><|image_pad|><|image_pad|><|image_pad|><|image_pad|><|image_pad|><|image_pad|><|image_pad|><|ima...",The light switch is to the left of the telephone.,"Observationally, the light switch(red bbox) is to the left and above the telephone(blue bbox).  The the light switch(red bbox) and the telephone(blue bbox) are in front of the observer.
",49,186,0.0,0.05308909805043242,0.7374039888381958,0.225,0.4468198140291844,0.4468198140291844,sentence
7,obj_spatial_relation_oo_mv,"<|im_start|>system
You are a helpful assistant.<|im_end|>
<|im_start|>user
<|vision_start|><|image_pad|><|image_pad|><|image_pad|><|image_pad|><|image_pad|><|image_pad|><|image_pad|><|image_pad|><|ima...",The trash can is located below and to the left of the shower pan from the observer's perspective in the first image.,"Looking at the setup, the trash can(red bbox) is positioned to the left and  the shower pan(blue bbox). To the observer, it seems closer. The the trash can(red bbox) and the shower pan(blue bbox) are in front of the observer.
",116,226,0.0,0.034418354016160294,0.7827862501144409,0.36000000000000004,0.5062767958604525,0.5062767958604525,sentence
8,obj_spatial_relation_oo_mv,"<|im_start|>system
You are a helpful assistant.<|im_end|>
<|im_start|>user
<|vision_start|><|image_pad|><|image_pad|><|image_pad|><|image_pad|><|image_pad|><|image_pad|><|image_pad|><|image_pad|><|ima...","The sofa chair (red bbox: [267, 183, 512, 535]) is positioned to the left of the window sill (blue bbox: [876, 809, 999, 865]) in the first image.","the sofa chair(red bbox) is to the right below with the window sill(blue bbox). From here, it appears closer. The the sofa chair(red bbox) is behind the observer. The the window sill(blue bbox) is in front of the observer.
",146,223,0.0,0.02027871914887983,0.8603271842002869,0.15,0.4792193359299194,0.4792193359299194,sentence
9,obj_spatial_relation_oo_mv,"<|im_start|>system
You are a helpful assistant.<|im_end|>
<|im_start|>user
<|vision_start|><|image_pad|><|image_pad|><|image_pad|><|image_pad|><|image_pad|><|image_pad|><|image_pad|><|image_pad|><|ima...",The bedside lamp is located to the right of the luggage rack based on the observer's viewpoint.,"When observing the luggage rack(blue bbox), the bedside lamp(red bbox) appears to the left above. Additionally, it is perceived as closer. The the bedside lamp(red bbox) and the luggage rack(blue bbox) are in front of the observer.
",95,232,0.0,0.015450548118043464,0.7858436107635498,0.3,0.48601191500538354,0.48601191500538354,sentence
10,obj_spatial_relation_oo_mv,"<|im_start|>system
You are a helpful assistant.<|im_end|>
<|im_start|>user
<|vision_start|><|image_pad|><|image_pad|><|image_pad|><|image_pad|><|image_pad|><|image_pad|><|image_pad|><|image_pad|><|ima...",The toilet is to the right of the windowsill.,"the toilet(red bbox) occupies a to the right and below spot relative to the windowsill(blue bbox). It might also seem closer. The the toilet(red bbox) and the windowsill(blue bbox) are in front of the observer.
",45,211,0.0,0.008690488241522678,0.7594943046569824,0.3,0.4714852499767957,0.4714852499767957,sentence
11,obj_spatial_relation_oo_mv,"<|im_start|>system
You are a helpful assistant.<|im_end|>
<|im_start|>user
<|vision_start|><|image_pad|><|image_pad|><|image_pad|><|image_pad|><|image_pad|><|image_pad|><|image_pad|><|image_pad|><|ima...",The button is to the left of the toilet.,"the button(red bbox) can be spotted to the right and above the toilet(blue bbox). The observer may perceive it as closer. The the button(red bbox) and the toilet(blue bbox) are in front of the observer.
",40,203,0.0,0.004219160533378508,0.6958521604537964,0.0,0.4982427319051056,0.4982427319051056,sentence
12,obj_spatial_relation_oo_mv,"<|im_start|>system
You are a helpful assistant.<|im_end|>
<|im_start|>user
<|vision_start|><|image_pad|><|image_pad|><|image_pad|><|image_pad|><|image_pad|><|image_pad|><|image_pad|><|image_pad|><|ima...","In the first image, the toilet paper is located at the right side of the toilet and the window is at the back left of the room. There is no direct spatial relationship mentioned between the toilet paper and the window in the first image, but in the second image, the toilet paper is located at the back left of the room and the window is at the front left of the room. So, in the second image, the toilet paper is located more to the front left compared to the window.","Describing spatially, the toilet paper(red bbox) is to the right and below in relation to the window(blue bbox). It also appears closer. The the toilet paper(red bbox) and the window(blue bbox) are in front of the observer.
",468,224,0.0,0.011867178539770372,0.7535430192947388,0.54,0.5411449453553235,0.5411449453553235,sentence
13,obj_spatial_relation_oo_mv,"<|im_start|>system
You are a helpful assistant.<|im_end|>
<|im_start|>user
<|vision_start|><|image_pad|><|image_pad|><|image_pad|><|image_pad|><|image_pad|><|image_pad|><|image_pad|><|image_pad|><|ima...","The toilet and the pipe are not directly spatially related in the given images. The toilet is located in the third image and the pipe is not present in the images. Therefore, it is not possible to compare their spatial positions from the given information.","the toilet(red bbox) exists to the left  relative to the pipe(blue bbox). To the viewer, it seems farther. The the toilet(red bbox) and the pipe(blue bbox) are in front of the observer.
",256,186,0.0,0.013808296503652225,0.6646647453308105,0.225,0.40259403196613575,0.40259403196613575,sentence
14,obj_spatial_relation_oo_mv,"<|im_start|>system
You are a helpful assistant.<|im_end|>
<|im_start|>user
<|vision_start|><|image_pad|><|image_pad|><|image_pad|><|image_pad|><|image_pad|><|image_pad|><|image_pad|><|image_pad|><|ima...","The toilet paper (red bbox: [573, 697, 622, 762]) and the sink (blue bbox: [884, 692, 999, 996]) are not directly related in terms of spatial orientation in the images provided. The first image shows a bathroom with a toilet, a toilet paper holder, a sink, and a trash bin. The second image is a close-up of the toilet. The third image shows a different bathroom with a toilet, a sink, a radiator, and a window. The fourth, fifth, and sixth images are visualizations of the plucker rays corresponding to the RGB images, and do not provide spatial information about the objects. Therefore, we cannot determine the spatial orientation of the toilet paper in relation to the sink in the first image based on the information provided.","From this observation point, the toilet paper(red bbox) appears to the left below the sink(blue bbox). It seems farther as well. The the toilet paper(red bbox) and the sink(blue bbox) are in front of the observer.
",730,214,0.0,0.007288665490085863,0.7695677876472473,0.18000000000000002,0.4402416269216408,0.4402416269216408,sentence
15,obj_spatial_relation_oo_mv,"<|im_start|>system
You are a helpful assistant.<|im_end|>
<|im_start|>user
<|vision_start|><|image_pad|><|image_pad|><|image_pad|><|image_pad|><|image_pad|><|image_pad|><|image_pad|><|image_pad|><|ima...",The flush panel is positioned to the right of the toilet.,"the flush panel(red bbox), as observed, is located to the right above the toilet(blue bbox). It appears to be farther from this perspective. The the flush panel(red bbox) and the toilet(blue bbox) are in front of the observer.
",57,227,0.0,0.012178972579999007,0.7814303636550903,0.18000000000000002,0.44715097634354495,0.44715097634354495,sentence
16,obj_spatial_relation_oo_mv,"<|im_start|>system
You are a helpful assistant.<|im_end|>
<|im_start|>user
<|vision_start|><|image_pad|><|image_pad|><|image_pad|><|image_pad|><|image_pad|><|image_pad|><|image_pad|><|image_pad|><|ima...",The toilet brush bowl is located to the right of the windowsill in the observer's perspective.,"the toilet brush bowl(red bbox) is seen in a position to the right below the windowsill(blue bbox). It seems closer in this setup. The the toilet brush bowl(red bbox) and the windowsill(blue bbox) are in front of the observer.
",94,227,0.0,0.029921213025393783,0.8735241293907166,0.3,0.532746307300437,0.532746307300437,sentence
17,obj_spatial_relation_oo_mv,"<|im_start|>system
You are a helpful assistant.<|im_end|>
<|im_start|>user
<|vision_start|><|image_pad|><|image_pad|><|image_pad|><|image_pad|><|image_pad|><|image_pad|><|image_pad|><|image_pad|><|ima...","The handrail in the first image (red bbox: [945, 603, 999, 924]) is positioned to the right of the handrail in the second image (blue bbox: [170, 315, 340, 924]) from the observer's perspective.","Relative to the handrail(blue bbox), the handrail(red bbox) is to the right and . To the observer, it might seem closer. The the handrail(red bbox) and the handrail(blue bbox) are in front of the observer.
",194,206,0.0,0.04029294264124034,0.8994886875152588,0.45,0.5928029322858774,0.5928029322858774,sentence
18,obj_spatial_relation_oo_mv,"<|im_start|>system
You are a helpful assistant.<|im_end|>
<|im_start|>user
<|vision_start|><|image_pad|><|image_pad|><|image_pad|><|image_pad|><|image_pad|><|image_pad|><|image_pad|><|image_pad|><|ima...","The window is positioned above the handrail in the first image. However, in the second image, the window is not visible, indicating it might be outside the field of view or there is no window in the second image. Therefore, it's not possible to compare the position of the window relative to the handrail in the second image.","the window(red bbox) resides to the left and above when viewed in relation to the handrail(blue bbox). This gives it a farther appearance. The the window(red bbox) and the handrail(blue bbox) are in front of the observer.
",325,222,0.0,0.012877338632854628,0.6832472085952759,0.45,0.47919907202420886,0.47919907202420886,sentence
19,obj_spatial_relation_oo_mv,"<|im_start|>system
You are a helpful assistant.<|im_end|>
<|im_start|>user
<|vision_start|><|image_pad|><|image_pad|><|image_pad|><|image_pad|><|image_pad|><|image_pad|><|image_pad|><|image_pad|><|ima...",The toilet brush bowl is to the right of the toilet paper.,"Observing the toilet brush bowl(red bbox) reveals it is to the right below the toilet paper(blue bbox).  The the toilet brush bowl(red bbox) and the toilet paper(blue bbox) are in front of the observer.
",58,203,0.0,0.05829672577403801,0.7929524183273315,0.225,0.4756355543184734,0.4756355543184734,sentence
20,obj_spatial_relation_oo_mv,"<|im_start|>system
You are a helpful assistant.<|im_end|>
<|im_start|>user
<|vision_start|><|image_pad|><|image_pad|><|image_pad|><|image_pad|><|image_pad|><|image_pad|><|image_pad|><|image_pad|><|ima...","The whiteboard (red bbox: [902, 0, 999, 437]) is located to the right of the heater (blue bbox: [647, 0, 765, 181]) from the observer's point of view.","the whiteboard(red bbox) appears to the observer as being to the right and above the heater(blue bbox). It also seems closer. The the whiteboard(red bbox) and the heater(blue bbox) are in front of the observer.
",150,211,0.0,0.03540971368557739,0.8969780206680298,0.36000000000000004,0.5635709530711304,0.5635709530711304,sentence
21,obj_spatial_relation_oo_mv,"<|im_start|>system
You are a helpful assistant.<|im_end|>
<|im_start|>user
<|vision_start|><|image_pad|><|image_pad|><|image_pad|><|image_pad|><|image_pad|><|image_pad|><|image_pad|><|image_pad|><|ima...","The window (red bbox: [446, 147, 601, 946]) is spatially situated behind the chair (blue bbox: [540, 647, 808, 999]) in the two images. In the first image, the chair is in front of the window, while in the second image, the chair is in front of the window as well. The camera poses and intrinsic parameters do not affect the spatial relationship between the chair and the window.","From the perspective provided, the window(red bbox) is to the right and  the chair(blue bbox).  The the window(red bbox) and the chair(blue bbox) are in front of the observer.
",379,176,0.0,0.048201474120811695,0.8503168225288391,0.6,0.6147987060885818,0.6147987060885818,sentence
22,obj_spatial_relation_oo_mv,"<|im_start|>system
You are a helpful assistant.<|im_end|>
<|im_start|>user
<|vision_start|><|image_pad|><|image_pad|><|image_pad|><|image_pad|><|image_pad|><|image_pad|><|image_pad|><|image_pad|><|ima...","The window is located to the left of the bean bag in the first image. However, in the two images provided as plucker ray visualizations, there is no visible window, bean bag, or any other object. The images only show a gradient background, which makes it impossible to judge the relative positions of the window and the bean bag based on the provided images.","the window(red bbox) lies to the right and  relative to the bean bag(blue bbox). It seems farther when viewed. The the window(red bbox) and the bean bag(blue bbox) are in front of the observer.
",358,194,0.0,0.026912992152558907,0.7588867545127869,0.225,0.45232597568690525,0.45232597568690525,sentence
23,obj_spatial_relation_oo_mv,"<|im_start|>system
You are a helpful assistant.<|im_end|>
<|im_start|>user
<|vision_start|><|image_pad|><|image_pad|><|image_pad|><|image_pad|><|image_pad|><|image_pad|><|image_pad|><|image_pad|><|ima...",The chair is to the right of the heater.,"the chair(red bbox) is observed to be to the left and  the heater(blue bbox). This also places it closer from the observer's perspective. The the chair(red bbox) and the heater(blue bbox) are in front of the observer.
",40,218,0.0,0.003535993651898273,0.701644241809845,0.0,0.502184742336146,0.502184742336146,sentence
24,obj_spatial_relation_oo_mv,"<|im_start|>system
You are a helpful assistant.<|im_end|>
<|im_start|>user
<|vision_start|><|image_pad|><|image_pad|><|image_pad|><|image_pad|><|image_pad|><|image_pad|><|image_pad|><|image_pad|><|ima...",The chair with the red bounding box is located to the left of the chair with the blue bounding box.,"To describe it, the chair(red bbox) is to the left and  the chair(blue bbox). It seems farther from this viewpoint. The the chair(red bbox) is in front of the observer. The the chair(blue bbox) is behind the observer.
",99,218,0.0,0.02822277097717758,0.6323091983795166,0.36000000000000004,0.4297991533851938,0.4297991533851938,sentence
25,obj_spatial_relation_oo_mv,"<|im_start|>system
You are a helpful assistant.<|im_end|>
<|im_start|>user
<|vision_start|><|image_pad|><|image_pad|><|image_pad|><|image_pad|><|image_pad|><|image_pad|><|image_pad|><|image_pad|><|ima...","The heater (red bbox: [0, 479, 240, 999]) is not visible in the second image, so we cannot determine its position in relation to the chair (blue bbox: [14, 896, 225, 999]) in the second image.","To describe the scene, the heater(red bbox) is to the right  the chair(blue bbox). Additionally, it seems closer to the observer. The the heater(red bbox) is behind the observer. The the chair(blue bbox) is in front of the observer.
",192,233,0.0,0.013724371100774532,0.7973309755325317,0.18000000000000002,0.45541036198642076,0.45541036198642076,sentence
26,obj_spatial_relation_oo_mv,"<|im_start|>system
You are a helpful assistant.<|im_end|>
<|im_start|>user
<|vision_start|><|image_pad|><|image_pad|><|image_pad|><|image_pad|><|image_pad|><|image_pad|><|image_pad|><|image_pad|><|ima...","The windowsill (red bbox: [183, 384, 759, 545]) is positioned above the table (blue bbox: [0, 151, 469, 842]) from the observer's perspective in the first image.","Examining the table(blue bbox), the windowsill(red bbox) is  and above. It might also appear farther. The the windowsill(red bbox) and the table(blue bbox) are in front of the observer.
",161,186,0.0,0.010144853044462408,0.8935109972953796,0.45,0.5837844692565823,0.5837844692565823,sentence
27,obj_spatial_relation_oo_mv,"<|im_start|>system
You are a helpful assistant.<|im_end|>
<|im_start|>user
<|vision_start|><|image_pad|><|image_pad|><|image_pad|><|image_pad|><|image_pad|><|image_pad|><|image_pad|><|image_pad|><|ima...","The window (red bbox: [709, 0, 878, 579]) appears to the right of the light switch (blue bbox: [821, 434, 847, 465]) in the observer's perspective.","Examining the light switch(blue bbox), the window(red bbox) is to the right and . It might also appear farther. The the window(red bbox) and the light switch(blue bbox) are  the observer.
",147,188,0.0,0.040581074822908035,0.9171550273895264,0.6,0.6466937286593447,0.6466937286593447,sentence
28,obj_spatial_relation_oo_mv,"<|im_start|>system
You are a helpful assistant.<|im_end|>
<|im_start|>user
<|vision_start|><|image_pad|><|image_pad|><|image_pad|><|image_pad|><|image_pad|><|image_pad|><|image_pad|><|image_pad|><|ima...","The window is located on the left side of the whiteboard in the first image, and on the right side of the whiteboard in the second image, as viewed from the observer's perspective.","the window(red bbox) occupies a space to the right  the whiteboard(blue bbox). It is noted to be farther. The the window(red bbox) is in front of the observer. The the whiteboard(blue bbox) is behind the observer.
",180,214,0.0,0.020301810851154612,0.7597050070762634,0.3,0.4739128657083626,0.4739128657083626,sentence
29,obj_spatial_relation_oo_mv,"<|im_start|>system
You are a helpful assistant.<|im_end|>
<|im_start|>user
<|vision_start|><|image_pad|><|image_pad|><|image_pad|><|image_pad|><|image_pad|><|image_pad|><|image_pad|><|image_pad|><|ima...","The whiteboard is positioned to the left of the power socket in the first image, while in the second image, the whiteboard is no longer visible in the frame. Therefore, the relative position of the whiteboard to the power socket has changed.","To the observer, the whiteboard(red bbox) seems to the right and above the power socket(blue bbox). It is perceived as closer. The the whiteboard(red bbox) is behind the observer. The the power socket(blue bbox) is in front of the observer.
",241,241,0.0,0.024058646499784935,0.6966408491134644,0.15,0.39813215385668915,0.39813215385668915,sentence
30,obj_spatial_relation_oo_mv,"<|im_start|>system
You are a helpful assistant.<|im_end|>
<|im_start|>user
<|vision_start|><|image_pad|><|image_pad|><|image_pad|><|image_pad|><|image_pad|><|image_pad|><|image_pad|><|image_pad|><|ima...","The cloth is located in front of the box, as the cloth's position is at a higher Z-value than the box's position in the scene.","To describe the scene, the cloth(red bbox) is to the left above the box(blue bbox). Additionally, it seems farther to the observer. The the cloth(red bbox) and the box(blue bbox) are in front of the observer.
",126,209,0.0,0.07437610415203938,0.7402008175849915,0.54,0.5469756296229036,0.5469756296229036,sentence
31,obj_spatial_relation_oo_mv,"<|im_start|>system
You are a helpful assistant.<|im_end|>
<|im_start|>user
<|vision_start|><|image_pad|><|image_pad|><|image_pad|><|image_pad|><|image_pad|><|image_pad|><|image_pad|><|image_pad|><|ima...",The shelf is positioned above the jacket.,"From a spatial perspective, the shelf(red bbox) is to the left and above the jacket(blue bbox). It looks closer in this view. The the shelf(red bbox) and the jacket(blue bbox) are in front of the observer.
",41,206,0.0,0.001318940426353895,0.6583335399627686,0.18000000000000002,0.38343055806665505,0.38343055806665505,sentence
32,obj_spatial_relation_oo_mv,"<|im_start|>system
You are a helpful assistant.<|im_end|>
<|im_start|>user
<|vision_start|><|image_pad|><|image_pad|><|image_pad|><|image_pad|><|image_pad|><|image_pad|><|image_pad|><|image_pad|><|ima...","In the first image, the cardboard box is situated to the left of the light switches, closer to the floor, and appears to be in front of the light switches from the observer's perspective. In the second image (corresponding to the first image's perspective), the cardboard box is similarly positioned to the left of the light switches, but due to the different camera pose and translation vector, the box is not directly in front of the light switches, but slightly to the side.","Relative to the light switches(blue bbox), the cardboard box(red bbox) is to the left and below. To the observer, it might seem farther. The the cardboard box(red bbox) and the light switches(blue bbox) are in front of the observer.
",477,233,0.0,0.06369677106567635,0.7878806591033936,0.54,0.5686796837648321,0.5686796837648321,sentence
33,obj_spatial_relation_oo_mv,"<|im_start|>system
You are a helpful assistant.<|im_end|>
<|im_start|>user
<|vision_start|><|image_pad|><|image_pad|><|image_pad|><|image_pad|><|image_pad|><|image_pad|><|image_pad|><|image_pad|><|ima...","The shelf rail (red bbox: [672, 0, 752, 444]) is located to the right of the curtain (blue bbox: [383, 0, 535, 854]) in the second image.","the shelf rail(red bbox) lies spatially to the left  the curtain(blue bbox). It is also observed to be farther. The the shelf rail(red bbox) is in front of the observer. The the curtain(blue bbox) is  the observer.
",137,215,0.0,0.019537502306553264,0.7604598999023438,0.225,0.45163745041248254,0.45163745041248254,sentence
34,obj_spatial_relation_oo_mv,"<|im_start|>system
You are a helpful assistant.<|im_end|>
<|im_start|>user
<|vision_start|><|image_pad|><|image_pad|><|image_pad|><|image_pad|><|image_pad|><|image_pad|><|image_pad|><|image_pad|><|ima...","The mattress is not aligned with the bowl in the given images. The mattress is on a bed in a room, while the bowl is on a shelf in a different room, as indicated by the distinct room settings and the presence of a table in the background of the second image.","Examining the bowl(blue bbox), the mattress(red bbox) is to the left and below. It might also appear farther. The the mattress(red bbox) is in front of the observer. The the bowl(blue bbox) is behind the observer.
",258,214,0.0,0.012326447029101946,0.6044765710830688,0.3,0.3947035749473548,0.3947035749473548,sentence
35,obj_spatial_relation_oo_mv,"<|im_start|>system
You are a helpful assistant.<|im_end|>
<|im_start|>user
<|vision_start|><|image_pad|><|image_pad|><|image_pad|><|image_pad|><|image_pad|><|image_pad|><|image_pad|><|image_pad|><|ima...","In the first image, the cloth (red bbox: [392, 644, 812, 999]) is positioned below the books (blue bbox: [0, 988, 99, 999]), indicating a vertical relationship where the books are above the cloth. This can be inferred from the y-coordinate values of the bounding boxes, with the books having a higher y-coordinate than the cloth.","The observer notes the cloth(red bbox) is to the right below the books(blue bbox). Additionally, it appears farther. The the cloth(red bbox) and the books(blue bbox) are in front of the observer.
",329,196,0.0,0.013105036971800979,0.7783198356628418,0.36000000000000004,0.4997809252257811,0.4997809252257811,sentence
36,obj_spatial_relation_oo_mv,"<|im_start|>system
You are a helpful assistant.<|im_end|>
<|im_start|>user
<|vision_start|><|image_pad|><|image_pad|><|image_pad|><|image_pad|><|image_pad|><|image_pad|><|image_pad|><|image_pad|><|ima...","The box (red bbox: [308, 274, 395, 479]) appears to be positioned on the shelf (blue bbox: [303, 25, 605, 100]) in the first image. In the second image, the box is no longer present, indicating it has been removed from the shelf. The exact positions cannot be precisely determined due to the absence of the box in the second image, but the box's location was on the shelf in the first image.","In relation to the shelf(blue bbox), the box(red bbox) is positioned to the left and below. It also seems farther from here. The the box(red bbox) and the shelf(blue bbox) are in front of the observer.
",391,202,0.0,0.010520455852645319,0.7679542303085327,0.18000000000000002,0.4400812063247954,0.4400812063247954,sentence
37,obj_spatial_relation_oo_mv,"<|im_start|>system
You are a helpful assistant.<|im_end|>
<|im_start|>user
<|vision_start|><|image_pad|><|image_pad|><|image_pad|><|image_pad|><|image_pad|><|image_pad|><|image_pad|><|image_pad|><|ima...","The messenger bag is not present in the first image, and the shelf rail is not visible in the second image. Therefore, it is not possible to determine the relative location of the messenger bag with respect to the shelf rail between the two images.","From this observation point, the messenger bag(red bbox) appears to the right  the shelf rail(blue bbox). It seems closer as well. The the messenger bag(red bbox) and the shelf rail(blue bbox) are in front of the observer.
",248,223,0.0,0.04206866899098421,0.760100245475769,0.225,0.45596385653608135,0.45596385653608135,sentence
38,obj_spatial_relation_oo_mv,"<|im_start|>system
You are a helpful assistant.<|im_end|>
<|im_start|>user
<|vision_start|><|image_pad|><|image_pad|><|image_pad|><|image_pad|><|image_pad|><|image_pad|><|image_pad|><|image_pad|><|ima...","The mattress (red bbox: [190, 401, 899, 999]) is positioned to the right of the box (blue bbox: [308, 274, 395, 479]) from the observer's viewpoint. The observer is looking at the room from the left side, where the mattress is situated.","The arrangement shows the mattress(red bbox) as to the right above the box(blue bbox). It also seems closer from this view. The the mattress(red bbox) is behind the observer. The the box(blue bbox) is in front of the observer.
",236,227,0.0,0.03536086548998607,0.912751317024231,0.3,0.5534478316101127,0.5534478316101127,sentence
39,obj_spatial_relation_oo_mv,"<|im_start|>system
You are a helpful assistant.<|im_end|>
<|im_start|>user
<|vision_start|><|image_pad|><|image_pad|><|image_pad|><|image_pad|><|image_pad|><|image_pad|><|image_pad|><|image_pad|><|ima...",There are none.,"Relative to its surroundings, the curtain(red bbox) is to the left above the box(blue bbox). It is also closer from here. The the curtain(red bbox) and the box(blue bbox) are in front of the observer.
",15,201,0.0,2.6484252133554767e-06,0.06185567006468773,0.0,0.044183378167695055,0.044183378167695055,sentence
40,obj_spatial_relation_oo_mv,"<|im_start|>system
You are a helpful assistant.<|im_end|>
<|im_start|>user
<|vision_start|><|image_pad|><|image_pad|><|image_pad|><|image_pad|><|image_pad|><|image_pad|><|image_pad|><|image_pad|><|ima...","In the first image, the water filter (red bbox: [922, 320, 953, 371]) is placed on a shelf next to the wall, positioned higher than the blender and the cabinet, which is visible in the second image. The oven gloves (blue bbox: [930, 715, 953, 734]) are not present in the first image. Therefore, there is no spatial arrangement to compare between the two images.","the water filter(red bbox) resides to the left and above when viewed in relation to the oven gloves(blue bbox).  The the water filter(red bbox) is in front of the observer. The the oven gloves(blue bbox) is behind the observer.
",362,228,0.0,0.013501811720425944,0.7937710285186768,0.3,0.48958587660342356,0.48958587660342356,sentence
41,obj_spatial_relation_oo_mv,"<|im_start|>system
You are a helpful assistant.<|im_end|>
<|im_start|>user
<|vision_start|><|image_pad|><|image_pad|><|image_pad|><|image_pad|><|image_pad|><|image_pad|><|image_pad|><|image_pad|><|ima...","The radiator and the SPLIT are not oriented in the same way in the two images. The radiator is positioned vertically and horizontally, whereas the SPLIT is oriented horizontally and vertically, suggesting a different spatial arrangement in each image.","In reference to the SPLIT(blue bbox), the radiator(red bbox) is to the right and above. It also appears farther when observed. The the radiator(red bbox) and the SPLIT(blue bbox) are in front of the observer.
",251,209,0.0,0.015702080675779346,0.6538655757904053,0.18000000000000002,0.3840732040303585,0.3840732040303585,sentence
42,obj_spatial_relation_oo_mv,"<|im_start|>system
You are a helpful assistant.<|im_end|>
<|im_start|>user
<|vision_start|><|image_pad|><|image_pad|><|image_pad|><|image_pad|><|image_pad|><|image_pad|><|image_pad|><|image_pad|><|ima...","The cushion and the speaker are not present in the images, so their positions cannot be determined.","From a spatial perspective, the cushion(red bbox) is to the left and above the speaker(blue bbox). It looks closer in this view. The the cushion(red bbox) and the speaker(blue bbox) are in front of the observer.
",99,212,0.0,0.010470147804282537,0.6329379081726074,0.18000000000000002,0.37256298364716023,0.37256298364716023,sentence
43,obj_spatial_relation_oo_mv,"<|im_start|>system
You are a helpful assistant.<|im_end|>
<|im_start|>user
<|vision_start|><|image_pad|><|image_pad|><|image_pad|><|image_pad|><|image_pad|><|image_pad|><|image_pad|><|image_pad|><|ima...",It is not possible to determine the relative positions of the dish drying rack and the cutting boards in the two images as the information provided does not contain any bounding box for the dish drying rack in the first image.,"Placing the dish drying rack(red bbox) spatially, it is to the left and above the cutting boards(blue bbox). This view also shows it as farther. The the dish drying rack(red bbox) and the cutting boards(blue bbox) are in front of the observer.
",226,244,0.0,0.06422818496751466,0.6895607709884644,0.18000000000000002,0.4116260224877351,0.4116260224877351,sentence
44,obj_spatial_relation_oo_mv,"<|im_start|>system
You are a helpful assistant.<|im_end|>
<|im_start|>user
<|vision_start|><|image_pad|><|image_pad|><|image_pad|><|image_pad|><|image_pad|><|image_pad|><|image_pad|><|image_pad|><|ima...",The candle is closer to the towel in the first image.,"The arrangement shows the candle(red bbox) as to the left  the towel(blue bbox). It also seems farther from this view. The the candle(red bbox) and the towel(blue bbox) are in front of the observer.
",53,199,0.0,0.006194281318861484,0.7144469618797302,0.225,0.4259623372036374,0.4259623372036374,sentence
45,obj_spatial_relation_oo_mv,"<|im_start|>system
You are a helpful assistant.<|im_end|>
<|im_start|>user
<|vision_start|><|image_pad|><|image_pad|><|image_pad|><|image_pad|><|image_pad|><|image_pad|><|image_pad|><|image_pad|><|ima...","The clock is located in the second image, and it is not visible in the first image, indicating that it is further away from the observer's perspective. The book shelf is visible in the first image, but it is not possible to determine its exact position relative to the clock based on the given information.","the clock(red bbox) can be described as being to the left above in relation to the book shelf(blue bbox).  The the clock(red bbox) and the book shelf(blue bbox) are in front of the observer.
",306,191,0.0,0.013350097003610487,0.7052454948425293,0.225,0.42279276682198674,0.42279276682198674,sentence
46,obj_spatial_relation_oo_mv,"<|im_start|>system
You are a helpful assistant.<|im_end|>
<|im_start|>user
<|vision_start|><|image_pad|><|image_pad|><|image_pad|><|image_pad|><|image_pad|><|image_pad|><|image_pad|><|image_pad|><|ima...","The candle is not visible in the first image, so there is no comparison possible.","From this viewpoint, the candle(red bbox) appears to the left,  the mirror(blue bbox). Additionally, it seems farther. The the candle(red bbox) and the mirror(blue bbox) are in front of the observer.
",81,200,0.0,0.005986829542370676,0.5362895131111145,0.225,0.3368421224640314,0.3368421224640314,sentence
47,obj_spatial_relation_oo_mv,"<|im_start|>system
You are a helpful assistant.<|im_end|>
<|im_start|>user
<|vision_start|><|image_pad|><|image_pad|><|image_pad|><|image_pad|><|image_pad|><|image_pad|><|image_pad|><|image_pad|><|ima...",There are no objects with the given bounding box labels in the second image.,"From this angle, the window frame(red bbox) is seen to the right above in relation to the keyboard(blue bbox). It may also be farther. The the window frame(red bbox) and the keyboard(blue bbox) are in front of the observer.
",76,224,0.0,0.0033870983516127145,0.35779476165771484,0.18000000000000002,0.23357480049917995,0.23357480049917995,sentence
48,obj_spatial_relation_oo_mv,"<|im_start|>system
You are a helpful assistant.<|im_end|>
<|im_start|>user
<|vision_start|><|image_pad|><|image_pad|><|image_pad|><|image_pad|><|image_pad|><|image_pad|><|image_pad|><|image_pad|><|ima...","In the first image, the laundry basket is located at a lower position than the book, and to the left of the book. There is no direct comparison in the last three images as they are visualizations and not objects in a physical space. Therefore, it's not possible to determine the relative position of the laundry basket and the book in the last three images based on the given information.","To describe the scene, the laundry basket(red bbox) is to the right below the book(blue bbox). Additionally, it seems farther to the observer. The the laundry basket(red bbox) and the book(blue bbox) are in front of the observer.
",388,230,0.0,0.014220927286416758,0.7052401304244995,0.36000000000000004,0.4634642506695331,0.4634642506695331,sentence
49,obj_spatial_relation_oo_mv,"<|im_start|>system
You are a helpful assistant.<|im_end|>
<|im_start|>user
<|vision_start|><|image_pad|><|image_pad|><|image_pad|><|image_pad|><|image_pad|><|image_pad|><|image_pad|><|image_pad|><|ima...","In the first image, the oven is to the left of the printer, as indicated by the spatial arrangement of the objects in the kitchen. In the second image, the oven and printer are not visible, but the perspective suggests that the oven is still to the left of the printer based on the room layout and the absence of the oven in the current view.","In the scene, the oven(red bbox) is to the left  the printer(blue bbox). It is also perceived as farther relative to the observer. The the oven(red bbox) and the printer(blue bbox) are in front of the observer.
",342,211,0.0,0.06343005002791575,0.7739166617393494,0.45,0.5346443408752578,0.5346443408752578,sentence
50,obj_spatial_relation_oo_mv,"<|im_start|>system
You are a helpful assistant.<|im_end|>
<|im_start|>user
<|vision_start|><|image_pad|><|image_pad|><|image_pad|><|image_pad|><|image_pad|><|image_pad|><|image_pad|><|image_pad|><|ima...","The shelf (red bbox: [516, 433, 565, 450]) is placed to the left of the box (blue bbox: [720, 350, 817, 453]) in the first image. In the subsequent images, the shelf and the box are not visible, and the bounding boxes are not applicable, so the relative placement cannot be determined.","the shelf(red bbox) stands  and above relative to the box(blue bbox).  The the shelf(red bbox) and the box(blue bbox) are in front of the observer.
",285,148,0.0,0.015652411276701517,0.7524234056472778,0.3,0.4693421850789792,0.4693421850789792,sentence
51,obj_spatial_relation_oo_mv,"<|im_start|>system
You are a helpful assistant.<|im_end|>
<|im_start|>user
<|vision_start|><|image_pad|><|image_pad|><|image_pad|><|image_pad|><|image_pad|><|image_pad|><|image_pad|><|image_pad|><|ima...",The photo frame is to the right of the light switches.,"the photo frame(red bbox) is noted to be to the left below the light switches(blue bbox). It might be perceived as farther from this view. The the photo frame(red bbox) and the light switches(blue bbox) are in front of the observer.
",54,233,0.0,0.005213948090711417,0.6983848810195923,0.0,0.5003360430399121,0.5003360430399121,sentence
52,obj_spatial_relation_oo_mv,"<|im_start|>system
You are a helpful assistant.<|im_end|>
<|im_start|>user
<|vision_start|><|image_pad|><|image_pad|><|image_pad|><|image_pad|><|image_pad|><|image_pad|><|image_pad|><|image_pad|><|ima...","In the first image, the clothes are positioned to the left of the shelf, while in the second image, the clothes are positioned to the left and below the shelf. From the observer's perspective, the clothes have moved slightly to the left and downward relative to the shelf.","the clothes(red bbox) occupies a space to the right  the shelf(blue bbox). It is noted to be closer. The the clothes(red bbox) and the shelf(blue bbox) are in front of the observer.
",272,182,0.0,0.015360875768478385,0.7589658498764038,0.18000000000000002,0.4365551000918976,0.4365551000918976,sentence
53,obj_spatial_relation_oo_mv,"<|im_start|>system
You are a helpful assistant.<|im_end|>
<|im_start|>user
<|vision_start|><|image_pad|><|image_pad|><|image_pad|><|image_pad|><|image_pad|><|image_pad|><|image_pad|><|image_pad|><|ima...","The decoration is above the heater in the first image, while in the second image, the decoration is on the wall to the right of the heater.","In reference to the heater(blue bbox), the decoration(red bbox) is to the left and above. It also appears closer when observed. The the decoration(red bbox) and the heater(blue bbox) are in front of the observer.
",139,213,0.0,0.020429177098947364,0.7388343811035156,0.36000000000000004,0.48150302597154726,0.48150302597154726,sentence
54,obj_spatial_relation_oo_mv,"<|im_start|>system
You are a helpful assistant.<|im_end|>
<|im_start|>user
<|vision_start|><|image_pad|><|image_pad|><|image_pad|><|image_pad|><|image_pad|><|image_pad|><|image_pad|><|image_pad|><|ima...","The shelf (red bbox: [521, 490, 567, 553]) is located to the left of the shelf (blue bbox: [910, 526, 914, 538]) from the observer's perspective.","the shelf(red bbox) is seen to be to the right above the shelf(blue bbox). It may also appear farther to the observer. The the shelf(red bbox) and the shelf(blue bbox) are in front of the observer.
",145,198,0.0,0.017013064994579247,0.8912439346313477,0.0,0.6414636861636996,0.6414636861636996,sentence
55,obj_spatial_relation_oo_mv,"<|im_start|>system
You are a helpful assistant.<|im_end|>
<|im_start|>user
<|vision_start|><|image_pad|><|image_pad|><|image_pad|><|image_pad|><|image_pad|><|image_pad|><|image_pad|><|image_pad|><|ima...","In the first image, the shelf (338, 128) is to the right of the box (466, 128). In the second image, the shelf (338, 128) is to the right of the box (466, 128).","In reference to the box(blue bbox), the shelf(red bbox) is  and below.  The the shelf(red bbox) and the box(blue bbox) are in front of the observer.
",160,149,0.0,0.021085288029061556,0.5788981914520264,0.3,0.38366615333182547,0.38366615333182547,sentence
56,obj_spatial_relation_oo_mv,"<|im_start|>system
You are a helpful assistant.<|im_end|>
<|im_start|>user
<|vision_start|><|image_pad|><|image_pad|><|image_pad|><|image_pad|><|image_pad|><|image_pad|><|image_pad|><|image_pad|><|ima...","The spatial arrangement of the box (red bbox: [424, 2, 477, 85]) is closer to the observer compared to the box (blue bbox: [898, 406, 910, 476]) in the primary perspective (Image 2).","To describe it, the box(red bbox) is  and above the box(blue bbox).  The the box(red bbox) and the box(blue bbox) are in front of the observer.
",182,144,0.0,0.017398984878730765,0.8270659446716309,0.3,0.5070127693115616,0.5070127693115616,sentence
57,obj_spatial_relation_oo_mv,"<|im_start|>system
You are a helpful assistant.<|im_end|>
<|im_start|>user
<|vision_start|><|image_pad|><|image_pad|><|image_pad|><|image_pad|><|image_pad|><|image_pad|><|image_pad|><|image_pad|><|ima...","The box is not visible in the second image, so it cannot be compared to the slippers.","the box(red bbox) lies to the right and above relative to the slippers(blue bbox). It seems farther when viewed. The the box(red bbox) and the slippers(blue bbox) are in front of the observer.
",85,193,0.0,0.012490879399561927,0.5520408153533936,0.18000000000000002,0.3325185835566092,0.3325185835566092,sentence
58,obj_spatial_relation_oo_mv,"<|im_start|>system
You are a helpful assistant.<|im_end|>
<|im_start|>user
<|vision_start|><|image_pad|><|image_pad|><|image_pad|><|image_pad|><|image_pad|><|image_pad|><|image_pad|><|image_pad|><|ima...","The box (red bbox: [0, 739, 166, 917]) is not present in the first image, and therefore cannot be aligned with the shelf (blue bbox: [755, 108, 831, 183]) in the second image.","the box(red bbox) lies spatially  below the shelf(blue bbox). It is also observed to be closer. The the box(red bbox) and the shelf(blue bbox) are in front of the observer.
",175,173,0.0,0.009500266321476485,0.656703770160675,0.225,0.39775193834463285,0.39775193834463285,sentence
59,obj_spatial_relation_oo_mv,"<|im_start|>system
You are a helpful assistant.<|im_end|>
<|im_start|>user
<|vision_start|><|image_pad|><|image_pad|><|image_pad|><|image_pad|><|image_pad|><|image_pad|><|image_pad|><|image_pad|><|ima...","The box (red bbox: [516, 374, 571, 443]) is positioned above the shoes (blue bbox: [642, 624, 695, 719]) in the first image. In the second image, the shoes are not visible, so the position of the box cannot be compared to the shoes.","From the perspective provided, the box(red bbox) is  and above the shoes(blue bbox). This places it farther as well. The the box(red bbox) and the shoes(blue bbox) are in front of the observer.
",232,194,0.0,0.016474575791240956,0.8207145929336548,0.45,0.5486522116250756,0.5486522116250756,sentence
60,obj_spatial_relation_oo_mv,"<|im_start|>system
You are a helpful assistant.<|im_end|>
<|im_start|>user
<|vision_start|><|image_pad|><|image_pad|><|image_pad|><|image_pad|><|image_pad|><|image_pad|><|image_pad|><|image_pad|><|ima...","The chair (red bbox: [116, 566, 291, 832]) is positioned to the right of the heater (blue bbox: [17, 176, 184, 999]) in the first image.","the chair(red bbox) lies visibly to the left and  the heater(blue bbox). From this angle, it seems closer. The the chair(red bbox) and the heater(blue bbox) are in front of the observer.
",136,187,0.0,0.01984253234022795,0.8400352001190186,0.225,0.49148610652755487,0.49148610652755487,sentence
61,obj_spatial_relation_oo_mv,"<|im_start|>system
You are a helpful assistant.<|im_end|>
<|im_start|>user
<|vision_start|><|image_pad|><|image_pad|><|image_pad|><|image_pad|><|image_pad|><|image_pad|><|image_pad|><|image_pad|><|ima...",The oven is to the right of the cutting board in both images.,"Observing the oven(red bbox) reveals it is  below the cutting board(blue bbox). It is perceived as closer. The the oven(red bbox) and the cutting board(blue bbox) are in front of the observer.
",61,193,0.0,0.012392661836912499,0.6591815948486328,0.225,0.3995693297916989,0.3995693297916989,sentence
62,obj_spatial_relation_oo_mv,"<|im_start|>system
You are a helpful assistant.<|im_end|>
<|im_start|>user
<|vision_start|><|image_pad|><|image_pad|><|image_pad|><|image_pad|><|image_pad|><|image_pad|><|image_pad|><|image_pad|><|ima...","The dish drainer is located below the kitchen cabinet, as it is situated on the counter and the cabinet is above it.","the dish drainer(red bbox) is clearly to the left and above the kitchen cabinet(blue bbox). When observed, it is farther. The the dish drainer(red bbox) is behind the observer. The the kitchen cabinet(blue bbox) is in front of the observer.
",116,241,0.0,0.016696959099078243,0.6765578389167786,0.3,0.4316183112782049,0.4316183112782049,sentence
63,obj_spatial_relation_oo_mv,"<|im_start|>system
You are a helpful assistant.<|im_end|>
<|im_start|>user
<|vision_start|><|image_pad|><|image_pad|><|image_pad|><|image_pad|><|image_pad|><|image_pad|><|image_pad|><|image_pad|><|ima...",It is not possible to determine the spatial alignment of the kitchen towel and the stovetop as the kitchen towel is not present in the second image.,"the kitchen towel(red bbox) is observed to the left above relative to the stovetop(blue bbox). To the observer, it appears closer. The the kitchen towel(red bbox) and the stovetop(blue bbox) are in front of the observer.
",148,221,0.0,0.02388437701912632,0.6091580390930176,0.18000000000000002,0.36335589495033405,0.36335589495033405,sentence
64,obj_spatial_relation_oo_mv,"<|im_start|>system
You are a helpful assistant.<|im_end|>
<|im_start|>user
<|vision_start|><|image_pad|><|image_pad|><|image_pad|><|image_pad|><|image_pad|><|image_pad|><|image_pad|><|image_pad|><|ima...","The kitchen cabinet (red bbox: [0, 0, 507, 231]) in the first image is to the left of the table (blue bbox: [542, 258, 995, 490]) in the third image.","the kitchen cabinet(red bbox) appears to the observer as being to the left and above the table(blue bbox). It also seems closer. The the kitchen cabinet(red bbox) and the table(blue bbox) are in front of the observer.
",149,218,0.0,0.03932505662911806,0.7414008378982544,0.36000000000000004,0.4865654302749508,0.4865654302749508,sentence
65,obj_spatial_relation_oo_mv,"<|im_start|>system
You are a helpful assistant.<|im_end|>
<|im_start|>user
<|vision_start|><|image_pad|><|image_pad|><|image_pad|><|image_pad|><|image_pad|><|image_pad|><|image_pad|><|image_pad|><|ima...","The stovetop is located above the bowl, with the microwave to the right of the stovetop and the sink to the left of the stovetop in the observer's perspective.","the stovetop(red bbox) lies visibly to the right and below the bowl(blue bbox). From this angle, it seems closer. The the stovetop(red bbox) and the bowl(blue bbox) are in front of the observer.
",159,195,0.0,0.04692824757850897,0.7401987910270691,0.36000000000000004,0.48748504502923634,0.48748504502923634,sentence
66,obj_spatial_relation_oo_mv,"<|im_start|>system
You are a helpful assistant.<|im_end|>
<|im_start|>user
<|vision_start|><|image_pad|><|image_pad|><|image_pad|><|image_pad|><|image_pad|><|image_pad|><|image_pad|><|image_pad|><|ima...","The chair (red bbox: [404, 0, 583, 138]) lies in the same room as the cutting board (blue bbox: [250, 374, 347, 514]), but the chair is not in the same location as the cutting board. In the first image, the chair is located in a different room and closer to the wall, while the cutting board is on a counter in the kitchen. In the second image, the chair is in the same room as the cutting board but is positioned further away from the cutting board and closer to the oven.","Describing spatially, the chair(red bbox) is to the left and below in relation to the cutting board(blue bbox). It also appears farther. The the chair(red bbox) is in front of the observer. The the cutting board(blue bbox) is behind the observer.
",473,247,0.0,0.01079051646872741,0.795373797416687,0.3,0.48984500200208897,0.48984500200208897,sentence
67,obj_spatial_relation_oo_mv,"<|im_start|>system
You are a helpful assistant.<|im_end|>
<|im_start|>user
<|vision_start|><|image_pad|><|image_pad|><|image_pad|><|image_pad|><|image_pad|><|image_pad|><|image_pad|><|image_pad|><|ima...",The kitchen cabinet is to the left of the power socket.,"Relative to its surroundings, the kitchen cabinet(red bbox) is to the left below the power socket(blue bbox). It is also farther from here. The the kitchen cabinet(red bbox) and the power socket(blue bbox) are in front of the observer.
",55,236,0.0,0.02680388712847583,0.7724251747131348,0.36000000000000004,0.49957336478226255,0.49957336478226255,sentence
68,obj_spatial_relation_oo_mv,"<|im_start|>system
You are a helpful assistant.<|im_end|>
<|im_start|>user
<|vision_start|><|image_pad|><|image_pad|><|image_pad|><|image_pad|><|image_pad|><|image_pad|><|image_pad|><|image_pad|><|ima...","In the first image, the paper towel (red bounding box [21, 680, 227, 797]) is positioned on the countertop of the kitchen, which is in the same location as the kitchen cabinet (blue bounding box [0, 0, 502, 420]) in the second image. The camera poses and intrinsic parameters provided indicate that the viewpoint is mirrored, and the kitchen cabinet and paper towel are in the same position relative to the kitchen counter in both images.","Observing the paper towel(red bbox) reveals it is to the left below the kitchen cabinet(blue bbox). It is perceived as farther. The the paper towel(red bbox) and the kitchen cabinet(blue bbox) are behind the observer.
",438,218,0.0,0.02292172894294473,0.7643395662307739,0.18000000000000002,0.4407541289039759,0.4407541289039759,sentence
69,obj_spatial_relation_oo_mv,"<|im_start|>system
You are a helpful assistant.<|im_end|>
<|im_start|>user
<|vision_start|><|image_pad|><|image_pad|><|image_pad|><|image_pad|><|image_pad|><|image_pad|><|image_pad|><|image_pad|><|ima...",There are no stovetop and bowl in the provided images.,"Describing spatially, the stovetop(red bbox) is to the right and below in relation to the bowl(blue bbox).  The the stovetop(red bbox) and the bowl(blue bbox) are in front of the observer.
",54,189,0.0,0.0036550132166810923,0.5269282460212708,0.225,0.3316951256539716,0.3316951256539716,sentence
70,obj_spatial_relation_oo_mv,"<|im_start|>system
You are a helpful assistant.<|im_end|>
<|im_start|>user
<|vision_start|><|image_pad|><|image_pad|><|image_pad|><|image_pad|><|image_pad|><|image_pad|><|image_pad|><|image_pad|><|ima...","The PC is positioned to the right of the heater in the first image. In the subsequent images, the PC is not visible, so we cannot determine its position relative to the heater.","the pc(red bbox) occupies a to the left and  spot relative to the heater(blue bbox). It might also seem closer. The the pc(red bbox) and the heater(blue bbox) are in front of the observer.
",176,189,0.0,0.04561557501521856,0.7279421091079712,0.18000000000000002,0.4270941695570293,0.4270941695570293,sentence
71,obj_spatial_relation_oo_mv,"<|im_start|>system
You are a helpful assistant.<|im_end|>
<|im_start|>user
<|vision_start|><|image_pad|><|image_pad|><|image_pad|><|image_pad|><|image_pad|><|image_pad|><|image_pad|><|image_pad|><|ima...",The monitor is to the right of the heater.,"The arrangement shows the monitor(red bbox) as  above the heater(blue bbox). It also seems closer from this view. The the monitor(red bbox) and the heater(blue bbox) are in front of the observer.
",42,196,0.0,0.00468280286241527,0.7530248165130615,0.0,0.5392128126128769,0.5392128126128769,sentence
72,obj_spatial_relation_oo_mv,"<|im_start|>system
You are a helpful assistant.<|im_end|>
<|im_start|>user
<|vision_start|><|image_pad|><|image_pad|><|image_pad|><|image_pad|><|image_pad|><|image_pad|><|image_pad|><|image_pad|><|ima...","The PC (red bbox: [820, 735, 984, 978]) is not present in the provided images. However, the cabinet (blue bbox: [539, 535, 999, 999]) is shown in the first image, and there is no information given to determine its position relative to the PC. Therefore, it's not possible to judge the position of the PC with respect to the cabinet based on the provided information.","the pc(red bbox) appears to the observer as being to the left and  the cabinet(blue bbox). It also seems closer. The the pc(red bbox) and the cabinet(blue bbox) are in front of the observer.
",366,191,0.0,0.012446858700288546,0.728877067565918,0.225,0.4344279055230167,0.4344279055230167,sentence
73,obj_spatial_relation_oo_mv,"<|im_start|>system
You are a helpful assistant.<|im_end|>
<|im_start|>user
<|vision_start|><|image_pad|><|image_pad|><|image_pad|><|image_pad|><|image_pad|><|image_pad|><|image_pad|><|image_pad|><|ima...","The folders are to the left of the power socket, as the folders are on the table, and the power socket is on the wall.","the folders(red bbox) is to the right above with the power socket(blue bbox). From here, it appears farther. The the folders(red bbox) and the power socket(blue bbox) are in front of the observer.
",118,197,0.0,0.05031816952896075,0.8054013252258301,0.0,0.5896632807410103,0.5896632807410103,sentence
74,obj_spatial_relation_oo_mv,"<|im_start|>system
You are a helpful assistant.<|im_end|>
<|im_start|>user
<|vision_start|><|image_pad|><|image_pad|><|image_pad|><|image_pad|><|image_pad|><|image_pad|><|image_pad|><|image_pad|><|ima...","To compare the spatial relationships and locations of the suit bag (red bounding box: [207, 601, 317, 767]) and the internet socket (blue bounding box: [78, 297, 99, 325]) in the two images, we need to convert the normalized bounding box coordinates to the actual spatial coordinates using the camera intrinsic parameters and camera poses. However, since the images are not provided and only the bounding box coordinates are given, it is impossible to accurately determine the spatial relationships and locations of these objects. The provided intrinsic parameters and camera poses are for the images in the second, third, and fourth images, which are not the ones in question. Therefore, it is not possible to calculate or judge the spatial relationships and locations of the suit bag and the internet socket based on the given information.","From this angle, the suit bag(red bbox) is seen to the left below in relation to the internet socket(blue bbox). It may also be closer. The the suit bag(red bbox) and the internet socket(blue bbox) are in front of the observer.
",841,228,0.0,0.014382180331547033,0.6466189622879028,0.18000000000000002,0.3801859172102608,0.3801859172102608,sentence
75,obj_spatial_relation_oo_mv,"<|im_start|>system
You are a helpful assistant.<|im_end|>
<|im_start|>user
<|vision_start|><|image_pad|><|image_pad|><|image_pad|><|image_pad|><|image_pad|><|image_pad|><|image_pad|><|image_pad|><|ima...","The table (red bbox: [0, 485, 999, 999]) appears in the background, while the phone (blue bbox: [154, 347, 318, 485]) is in the foreground. The table is farther from the camera than the phone, as indicated by the different depths in the plucker ray visualizations.","From this position, the table(red bbox) looks to the right below the phone(blue bbox). It is also farther as seen. The the table(red bbox) and the phone(blue bbox) are in front of the observer.
",264,194,0.0,0.0074399915472035,0.8021758198738098,0.36000000000000004,0.5105759082463456,0.5105759082463456,sentence
76,obj_spatial_relation_oo_mv,"<|im_start|>system
You are a helpful assistant.<|im_end|>
<|im_start|>user
<|vision_start|><|image_pad|><|image_pad|><|image_pad|><|image_pad|><|image_pad|><|image_pad|><|image_pad|><|image_pad|><|ima...","In the first image, the power sockets are to the left of the computer monitor, and the remove is on the far right side of the image. The spatial orientation of the power sockets and the remove from the observer's perspective is not directly comparable between the two images since the remove and power sockets are not present in the second image. However, based on the spatial orientation in the first image, the power sockets are closer to the left side of the desk and the remove is towards the right side. The second image only shows the desk, the chair, and a computer setup without the power sockets or the remove.","When observing the remove(blue bbox), the power sockets(red bbox) appears to the left . Additionally, it is perceived as farther. The the power sockets(red bbox) and the remove(blue bbox) are in front of the observer.
",619,218,0.0,0.015930439666442853,0.7248445749282837,0.675,0.5681083753974304,0.5681083753974304,sentence
77,obj_spatial_relation_oo_mv,"<|im_start|>system
You are a helpful assistant.<|im_end|>
<|im_start|>user
<|vision_start|><|image_pad|><|image_pad|><|image_pad|><|image_pad|><|image_pad|><|image_pad|><|image_pad|><|image_pad|><|ima...","The office chair (red bbox: [0, 551, 104, 999]) lies behind the box (blue bbox: [2, 636, 242, 822]) based on the observer's frame of reference.","the office chair(red bbox) lies visibly to the right and  the box(blue bbox). From this angle, it seems farther. The the office chair(red bbox) and the box(blue bbox) are behind the observer.
",143,192,0.0,0.019092394496869846,0.8916044235229492,0.45,0.5846206906608485,0.5846206906608485,sentence
78,obj_spatial_relation_oo_mv,"<|im_start|>system
You are a helpful assistant.<|im_end|>
<|im_start|>user
<|vision_start|><|image_pad|><|image_pad|><|image_pad|><|image_pad|><|image_pad|><|image_pad|><|image_pad|><|image_pad|><|ima...","In the first image, the box (red bbox: [610, 18, 930, 310]) is on a desk and is not related spatially to the window frame (blue bbox: [0, 35, 595, 615]) since they are in different parts of the room. In the second image, the window frame (blue bbox: [0, 35, 595, 615]) is not present, and the box (red bbox: [610, 18, 930, 310]) is not visible, so we cannot determine a spatial relationship between them.","To describe it, the box(red bbox) is to the left and below the window frame(blue bbox). It seems closer from this viewpoint. The the box(red bbox) is in front of the observer. The the window frame(blue bbox) is behind the observer.
",404,232,0.0,0.011848016991695924,0.7252634763717651,0.15,0.41000134158422175,0.41000134158422175,sentence
79,obj_spatial_relation_oo_mv,"<|im_start|>system
You are a helpful assistant.<|im_end|>
<|im_start|>user
<|vision_start|><|image_pad|><|image_pad|><|image_pad|><|image_pad|><|image_pad|><|image_pad|><|image_pad|><|image_pad|><|ima...","The monitor (red bbox: [60, 335, 355, 999]) is located to the left of the cabinet (blue bbox: [477, 581, 657, 949]) from the observer's point of view.","To describe it, the monitor(red bbox) is to the left and  the cabinet(blue bbox). It seems closer from this viewpoint. The the monitor(red bbox) and the cabinet(blue bbox) are in front of the observer.
",150,202,0.0,0.03907680518455402,0.8793398141860962,0.45,0.5824852681299589,0.5824852681299589,sentence
80,obj_spatial_relation_oo_mv,"<|im_start|>system
You are a helpful assistant.<|im_end|>
<|im_start|>user
<|vision_start|><|image_pad|><|image_pad|><|image_pad|><|image_pad|><|image_pad|><|image_pad|><|image_pad|><|image_pad|><|ima...",The table is to the left of the clothes.,"From this viewpoint, the table(red bbox) appears to the left,  the clothes(blue bbox). Additionally, it seems closer. The the table(red bbox) and the clothes(blue bbox) are in front of the observer.
",40,199,0.0,0.006580301908032276,0.6682756543159485,0.225,0.4029538875395807,0.4029538875395807,sentence
81,obj_spatial_relation_oo_mv,"<|im_start|>system
You are a helpful assistant.<|im_end|>
<|im_start|>user
<|vision_start|><|image_pad|><|image_pad|><|image_pad|><|image_pad|><|image_pad|><|image_pad|><|image_pad|><|image_pad|><|ima...",It is not possible to determine the relative position of the clothes in the two images as the first image does not contain any clothes and the second image is a different perspective and does not show the clothes from the first image.,"the clothes(red bbox) occupies a  and above spot relative to the clothes(blue bbox). It might also seem farther. The the clothes(red bbox) and the clothes(blue bbox) are in front of the observer.
",234,196,0.0,0.017534731063172864,0.610015869140625,0.225,0.3760148807829471,0.3760148807829471,sentence
82,obj_spatial_relation_oo_mv,"<|im_start|>system
You are a helpful assistant.<|im_end|>
<|im_start|>user
<|vision_start|><|image_pad|><|image_pad|><|image_pad|><|image_pad|><|image_pad|><|image_pad|><|image_pad|><|image_pad|><|ima...","There is no paper towel or cabinet in the second image, only a gradient background.","the paper towel(red bbox) lies spatially to the left above the cabinet(blue bbox). It is also observed to be farther. The the paper towel(red bbox) and the cabinet(blue bbox) are in front of the observer.
",83,205,0.0,0.004927421513664453,0.6428414583206177,0.18000000000000002,0.3764062134630417,0.3764062134630417,sentence
83,obj_spatial_relation_oo_mv,"<|im_start|>system
You are a helpful assistant.<|im_end|>
<|im_start|>user
<|vision_start|><|image_pad|><|image_pad|><|image_pad|><|image_pad|><|image_pad|><|image_pad|><|image_pad|><|image_pad|><|ima...",The jar is located to the right of the table.,"the table(red bbox) is observed to the left below relative to the jar(blue bbox). To the observer, it appears closer. The the table(red bbox) and the jar(blue bbox) are in front of the observer.
",45,195,0.0,0.00633695934399402,0.6934683322906494,0.0,0.4971450828773193,0.4971450828773193,sentence
84,obj_spatial_relation_oo_mv,"<|im_start|>system
You are a helpful assistant.<|im_end|>
<|im_start|>user
<|vision_start|><|image_pad|><|image_pad|><|image_pad|><|image_pad|><|image_pad|><|image_pad|><|image_pad|><|image_pad|><|ima...",The book is oriented closer to the power socket in the first image (the RGB image) and farther from the power socket in the second image (the plucker ray visualization).,"the book(red bbox) can be identified as to the left below the power socket(blue bbox). To the observer, it appears farther. The the book(red bbox) is behind the observer. The the power socket(blue bbox) is in front of the observer.
",169,232,0.0,0.018621095367894098,0.6719098091125488,0.3,0.4296791236298532,0.4296791236298532,sentence
85,obj_spatial_relation_oo_mv,"<|im_start|>system
You are a helpful assistant.<|im_end|>
<|im_start|>user
<|vision_start|><|image_pad|><|image_pad|><|image_pad|><|image_pad|><|image_pad|><|image_pad|><|image_pad|><|image_pad|><|ima...","The bottle (red bbox: [429, 210, 447, 244]) is located to the left of the suitcase (blue bbox: [281, 612, 516, 861]) in the first image, while the second image is a green gradient and does not provide any spatial information about the bottle or the suitcase. Therefore, it's impossible to determine the relative position of the bottle and the suitcase in the second image.","Observing the bottle(red bbox) reveals it is to the right above the suitcase(blue bbox). It is perceived as closer. The the bottle(red bbox) and the suitcase(blue bbox) are in front of the observer.
",372,199,0.0,0.012446858700288546,0.8106752038002014,0.18000000000000002,0.4618269736401584,0.4618269736401584,sentence
86,obj_spatial_relation_oo_mv,"<|im_start|>system
You are a helpful assistant.<|im_end|>
<|im_start|>user
<|vision_start|><|image_pad|><|image_pad|><|image_pad|><|image_pad|><|image_pad|><|image_pad|><|image_pad|><|image_pad|><|ima...","The book (red bbox: [657, 349, 673, 436]) is to the left of the book (blue bbox: [379, 592, 451, 628]) in the second image.","From this viewpoint, the book(red bbox) appears to the left, above the book(blue bbox). Additionally, it seems farther. The the book(red bbox) and the book(blue bbox) are in front of the observer.
",123,197,0.0,0.019694915062347537,0.7761050462722778,0.36000000000000004,0.49999150614860843,0.49999150614860843,sentence
87,obj_spatial_relation_oo_mv,"<|im_start|>system
You are a helpful assistant.<|im_end|>
<|im_start|>user
<|vision_start|><|image_pad|><|image_pad|><|image_pad|><|image_pad|><|image_pad|><|image_pad|><|image_pad|><|image_pad|><|ima...","In the first image, the curtain rod is oriented horizontally across the top of the window. In the second image, the toaster is oriented vertically, standing on the table. There is no overlap or alignment between the two objects in the spatial arrangement. The curtain rod is not related to the location of the toaster.","From the perspective provided, the curtain rod(red bbox) is to the left and above the toaster(blue bbox). This places it farther as well. The the curtain rod(red bbox) is in front of the observer. The the toaster(blue bbox) is behind the observer.
",318,248,0.0,0.01722162818073382,0.7180846333503723,0.3,0.4524866423113329,0.4524866423113329,sentence
88,obj_spatial_relation_oo_mv,"<|im_start|>system
You are a helpful assistant.<|im_end|>
<|im_start|>user
<|vision_start|><|image_pad|><|image_pad|><|image_pad|><|image_pad|><|image_pad|><|image_pad|><|image_pad|><|image_pad|><|ima...","The wardrobe (red bbox: [724, 0, 999, 634]) is located to the right of the light switch (blue bbox: [124, 183, 165, 237]) in the two images.","the wardrobe(red bbox) is observed to be to the right and  the light switch(blue bbox). This also places it farther from the observer's perspective. The the wardrobe(red bbox) and the light switch(blue bbox) are in front of the observer.
",140,238,0.0,0.035593700145994965,0.8421573638916016,0.45,0.5631974219749998,0.5631974219749998,sentence
89,obj_spatial_relation_oo_mv,"<|im_start|>system
You are a helpful assistant.<|im_end|>
<|im_start|>user
<|vision_start|><|image_pad|><|image_pad|><|image_pad|><|image_pad|><|image_pad|><|image_pad|><|image_pad|><|image_pad|><|ima...","In the first image, the toaster is on a table and is positioned to the left of the observer. In the second image, the perspective has changed, and the toaster is no longer visible. The change in the second image's perspective does not provide enough information to determine the exact orientation of the toaster relative to the table in the first image. The changes in the camera pose and the translation vector suggest a shift in the viewpoint, but the absence of the toaster in the second image prevents a precise comparison.","the toaster(red bbox), as observed, is located to the right  the table(blue bbox). It appears to be closer from this perspective. The the toaster(red bbox) and the table(blue bbox) are in front of the observer.
",527,211,0.0,0.016999320922283585,0.6218141317367554,0.225,0.3818069300528344,0.3818069300528344,sentence
90,obj_spatial_relation_oo_mv,"<|im_start|>system
You are a helpful assistant.<|im_end|>
<|im_start|>user
<|vision_start|><|image_pad|><|image_pad|><|image_pad|><|image_pad|><|image_pad|><|image_pad|><|image_pad|><|image_pad|><|ima...",The SPLIT (red) is to the right of the SPLIT (blue) with respect to the observer's perspective.,"the SPLIT(red bbox) holds a position to the left and  the SPLIT(blue bbox). From this vantage, it seems closer. The the SPLIT(red bbox) and the SPLIT(blue bbox) are in front of the observer.
",95,191,0.0,0.014854242654599961,0.8288304805755615,0.0,0.5962658411695726,0.5962658411695726,sentence
91,obj_spatial_relation_oo_mv,"<|im_start|>system
You are a helpful assistant.<|im_end|>
<|im_start|>user
<|vision_start|><|image_pad|><|image_pad|><|image_pad|><|image_pad|><|image_pad|><|image_pad|><|image_pad|><|image_pad|><|ima...",The cabinet is to the right of the trash can.,"Examining the trash can(blue bbox), the cabinet(red bbox) is to the right and . It might also appear farther. The the cabinet(red bbox) and the trash can(blue bbox) are in front of the observer.
",45,195,0.0,0.03220016566407746,0.7483274936676025,0.45,0.5156037799666168,0.5156037799666168,sentence
92,obj_spatial_relation_oo_mv,"<|im_start|>system
You are a helpful assistant.<|im_end|>
<|im_start|>user
<|vision_start|><|image_pad|><|image_pad|><|image_pad|><|image_pad|><|image_pad|><|image_pad|><|image_pad|><|image_pad|><|ima...","In the first image, the whiteboard (red bounding box [0, 724, 522, 999]) is positioned to the left of the notebook (blue bounding box [764, 572, 999, 888]). The whiteboard is also further away from the camera, as indicated by its smaller size in the image.","Relative to its surroundings, the whiteboard(red bbox) is to the left above the notebook(blue bbox). It is also closer from here. The the whiteboard(red bbox) and the notebook(blue bbox) are in front of the observer.
",256,217,0.0,0.035753793221373315,0.7882605791091919,0.36000000000000004,0.5092810481988705,0.5092810481988705,sentence
93,obj_spatial_relation_oo_mv,"<|im_start|>system
You are a helpful assistant.<|im_end|>
<|im_start|>user
<|vision_start|><|image_pad|><|image_pad|><|image_pad|><|image_pad|><|image_pad|><|image_pad|><|image_pad|><|image_pad|><|ima...","The office chair (red bbox: [596, 0, 741, 239]) appears to the right of the electrical duct (blue bbox: [309, 110, 471, 172]) in the two images.","Looking at the setup, the office chair(red bbox) is positioned to the right and below the electrical duct(blue bbox).  The the office chair(red bbox) and the electrical duct(blue bbox) are in front of the observer.
",144,215,0.0,0.043645609628738584,0.8641475439071655,0.36000000000000004,0.5488028938793305,0.5488028938793305,sentence
94,obj_spatial_relation_oo_mv,"<|im_start|>system
You are a helpful assistant.<|im_end|>
<|im_start|>user
<|vision_start|><|image_pad|><|image_pad|><|image_pad|><|image_pad|><|image_pad|><|image_pad|><|image_pad|><|image_pad|><|ima...","The table (red bbox: [235, 378, 924, 999]) is spatially situated to the right of the office chair (blue bbox: [243, 228, 375, 648]) in the two images. The table is positioned in front of the chair and appears to be further away from the observer compared to the chair.","the table(red bbox) is seen in a position to the right  the office chair(blue bbox). It seems closer in this setup. The the table(red bbox) and the office chair(blue bbox) are in front of the observer.
",268,202,0.0,0.08496143264866135,0.912865936756134,0.54,0.6354252549077993,0.6354252549077993,sentence
95,obj_spatial_relation_oo_mv,"<|im_start|>system
You are a helpful assistant.<|im_end|>
<|im_start|>user
<|vision_start|><|image_pad|><|image_pad|><|image_pad|><|image_pad|><|image_pad|><|image_pad|><|image_pad|><|image_pad|><|ima...",The power socket is located to the right of the window frame in the main perspective.,"the power socket(red bbox) lies to the left and below relative to the window frame(blue bbox). It seems closer when viewed. The the power socket(red bbox) and the window frame(blue bbox) are in front of the observer.
",85,217,0.0,0.014420936359034598,0.8309589624404907,0.18000000000000002,0.47236366849205225,0.47236366849205225,sentence
96,obj_spatial_relation_oo_mv,"<|im_start|>system
You are a helpful assistant.<|im_end|>
<|im_start|>user
<|vision_start|><|image_pad|><|image_pad|><|image_pad|><|image_pad|><|image_pad|><|image_pad|><|image_pad|><|image_pad|><|ima...","The SPLIT (red bbox: [652, 285, 975, 608]) is not visible in the second image, as it is a plain gradient image, and there is no object that could be identified as the stapler (blue bbox: [531, 555, 570, 583]). Therefore, it is not possible to compare their spatial relationship in the two images.","the SPLIT(red bbox) is spatially to the right and  with respect to the stapler(blue bbox). It seems closer to the observer. The the SPLIT(red bbox) and the stapler(blue bbox) are in front of the observer.
",296,205,0.0,0.005868131535243178,0.7251245379447937,0.225,0.4312358952794455,0.4312358952794455,sentence
97,obj_spatial_relation_oo_mv,"<|im_start|>system
You are a helpful assistant.<|im_end|>
<|im_start|>user
<|vision_start|><|image_pad|><|image_pad|><|image_pad|><|image_pad|><|image_pad|><|image_pad|><|image_pad|><|image_pad|><|ima...",The socket is located to the right of the office chair.,"From this observation point, the socket(red bbox) appears to the left  the office chair(blue bbox). It seems closer as well. The the socket(red bbox) and the office chair(blue bbox) are in front of the observer.
",55,212,0.0,0.007790857017686778,0.7799134254455566,0.0,0.559306977323308,0.559306977323308,sentence
98,obj_spatial_relation_oo_mv,"<|im_start|>system
You are a helpful assistant.<|im_end|>
<|im_start|>user
<|vision_start|><|image_pad|><|image_pad|><|image_pad|><|image_pad|><|image_pad|><|image_pad|><|image_pad|><|image_pad|><|ima...","The window (red bbox: [44, 0, 104, 138]) is located to the left of the power socket (blue bbox: [353, 322, 468, 458]) based on the observer's frame of reference. The window is on the left side of the desk in the first image, while the power socket is on the right side of the desk in the second image.","Looking at the setup, the window(red bbox) is positioned to the right and above the power socket(blue bbox).  The the window(red bbox) and the power socket(blue bbox) are in front of the observer.
",301,197,0.0,0.01591068171661626,0.8549258708953857,0.45,0.5656450717910161,0.5656450717910161,sentence
99,obj_spatial_relation_oo_mv,"<|im_start|>system
You are a helpful assistant.<|im_end|>
<|im_start|>user
<|vision_start|><|image_pad|><|image_pad|><|image_pad|><|image_pad|><|image_pad|><|image_pad|><|image_pad|><|image_pad|><|ima...","In the first image, the trash can is located at coordinates (575, 570) and the cabinet is at (258, 780). In the second image, the trash can is at (479, 780) and the cabinet is at (258, 780). Based on these coordinates, the trash can is closer to the cabinet in the first image compared to the second image.","Observing the trash can(red bbox) reveals it is to the right  the cabinet(blue bbox). It is perceived as farther. The the trash can(red bbox) and the cabinet(blue bbox) are in front of the observer.
",306,199,0.0,0.015047393727010075,0.7088186740875244,0.225,0.42491881578916424,0.42491881578916424,sentence
100,obj_spatial_relation_oo_mv,"<|im_start|>system
You are a helpful assistant.<|im_end|>
<|im_start|>user
<|vision_start|><|image_pad|><|image_pad|><|image_pad|><|image_pad|><|image_pad|><|image_pad|><|image_pad|><|image_pad|><|ima...","The high chair and the chair in the first image are not visible in the second image, so it is impossible to determine their orientation in relation to each other based on the given information.","From this observation point, the high chair(red bbox) appears to the right  the chair(blue bbox). It seems farther as well. The the high chair(red bbox) and the chair(blue bbox) are in front of the observer.
",193,208,0.0,0.020455163269401243,0.6458590030670166,0.225,0.3945205341873885,0.3945205341873885,sentence
101,obj_spatial_relation_oo_mv,"<|im_start|>system
You are a helpful assistant.<|im_end|>
<|im_start|>user
<|vision_start|><|image_pad|><|image_pad|><|image_pad|><|image_pad|><|image_pad|><|image_pad|><|image_pad|><|image_pad|><|ima...","The high table is positioned to the right of the high bench, as indicated by the relative positions in the images. The high table is more distant from the observer than the high bench, as shown by the camera poses and translation vectors, which indicate that the high table is located further from the camera than the high bench.","the high table(red bbox), as observed, is located to the right  the high bench(blue bbox). It appears to be farther from this perspective. The the high table(red bbox) is behind the observer. The the high bench(blue bbox) is in front of the observer.
",329,251,0.0,0.03602622306932511,0.802579402923584,0.54,0.5704949460756571,0.5704949460756571,sentence
102,obj_spatial_relation_oo_mv,"<|im_start|>system
You are a helpful assistant.<|im_end|>
<|im_start|>user
<|vision_start|><|image_pad|><|image_pad|><|image_pad|><|image_pad|><|image_pad|><|image_pad|><|image_pad|><|image_pad|><|ima...","In the first image, the high bench is positioned to the left of the chair, relative to the observer's viewpoint. The exact 3D center points are not provided, but it can be inferred that the bench is closer to the wall and the chair is positioned in front of it. In the second image, the high bench is not visible, and the chair is positioned in the center of the room. Since the images are from different angles and the high bench is not present in the second image, it is not possible to determine the relative position of the bench to the chair in the second image.","the high bench(red bbox) lies to the left and  relative to the chair(blue bbox). It seems farther when viewed. The the high bench(red bbox) and the chair(blue bbox) are in front of the observer.
",567,195,0.0,0.026134376188747678,0.7743756771087646,0.675,0.5949147137921319,0.5949147137921319,sentence
103,obj_spatial_relation_oo_mv,"<|im_start|>system
You are a helpful assistant.<|im_end|>
<|im_start|>user
<|vision_start|><|image_pad|><|image_pad|><|image_pad|><|image_pad|><|image_pad|><|image_pad|><|image_pad|><|image_pad|><|ima...",The cabinet is positioned to the left of the high bench.,"Relative to its surroundings, the cabinet(red bbox) is to the right  the high bench(blue bbox). It is also closer from here. The the cabinet(red bbox) is in front of the observer. The the high bench(blue bbox) is behind the observer.
",56,234,0.0,0.00513943465619245,0.6720240116119385,0.18000000000000002,0.39103989273720774,0.39103989273720774,sentence
104,obj_spatial_relation_oo_mv,"<|im_start|>system
You are a helpful assistant.<|im_end|>
<|im_start|>user
<|vision_start|><|image_pad|><|image_pad|><|image_pad|><|image_pad|><|image_pad|><|image_pad|><|image_pad|><|image_pad|><|ima...","The high chair (red bbox: [76, 514, 189, 675]) is positioned to the left of the power panel (blue bbox: [728, 478, 883, 999]) in the primary perspective of the first image. The high chair is in the foreground and the power panel is further back in the room. There is no direct comparison possible between the two images since the high chair is not present in the second image.","To the observer, the high chair(red bbox) seems to the left and  the power panel(blue bbox). It is perceived as farther. The the high chair(red bbox) and the power panel(blue bbox) are in front of the observer.
",376,211,0.0,0.0338232558218863,0.8387973308563232,0.45,0.5611633165925389,0.5611633165925389,sentence
105,obj_spatial_relation_oo_mv,"<|im_start|>system
You are a helpful assistant.<|im_end|>
<|im_start|>user
<|vision_start|><|image_pad|><|image_pad|><|image_pad|><|image_pad|><|image_pad|><|image_pad|><|image_pad|><|image_pad|><|ima...","In the first image, the high table is to the right of the high chair, as seen from the observer's perspective. In the second image, the high table is still to the right of the high chair, maintaining the same spatial relationship from the observer's perspective.","From this angle, the high table(red bbox) is seen to the right  in relation to the high chair(blue bbox). It may also be farther. The the high table(red bbox) and the high chair(blue bbox) are in front of the observer.
",262,219,0.0,0.044958014834525946,0.814267635345459,0.45,0.5511254206396347,0.5511254206396347,sentence
106,obj_spatial_relation_oo_mv,"<|im_start|>system
You are a helpful assistant.<|im_end|>
<|im_start|>user
<|vision_start|><|image_pad|><|image_pad|><|image_pad|><|image_pad|><|image_pad|><|image_pad|><|image_pad|><|image_pad|><|ima...","The table (red bbox: [782, 74, 921, 169]) is positioned in front of the high chair (blue bbox: [452, 389, 532, 524]) in the second image, as the table is located in the foreground relative to the chair, which is in the background. In the first image, the perspective is different, and the table is not in front of the chair, but rather to the side, suggesting a different orientation in the space.","When observing the high chair(blue bbox), the table(red bbox) appears to the right . Additionally, it is perceived as farther. The the table(red bbox) is in front of the observer. The the high chair(blue bbox) is  the observer.
",397,228,0.0,0.05362415990881577,0.7986748218536377,0.45,0.545062242908582,0.545062242908582,sentence
107,obj_spatial_relation_oo_mv,"<|im_start|>system
You are a helpful assistant.<|im_end|>
<|im_start|>user
<|vision_start|><|image_pad|><|image_pad|><|image_pad|><|image_pad|><|image_pad|><|image_pad|><|image_pad|><|image_pad|><|ima...",The table is aligned in a lower position relative to the high bench in the first image.,"In the scene, the table(red bbox) is to the right above the high bench(blue bbox). It is also perceived as closer relative to the observer. The the table(red bbox) and the high bench(blue bbox) are in front of the observer.
",87,224,0.0,0.023030517047523184,0.6651572585105896,0.18000000000000002,0.3911847326647994,0.3911847326647994,sentence
108,obj_spatial_relation_oo_mv,"<|im_start|>system
You are a helpful assistant.<|im_end|>
<|im_start|>user
<|vision_start|><|image_pad|><|image_pad|><|image_pad|><|image_pad|><|image_pad|><|image_pad|><|image_pad|><|image_pad|><|ima...","In the first image, the robot car is positioned on the floor in the foreground, while the pipe is mounted on the ceiling. There is no direct comparison between the robot car and the pipe in terms of their positions relative to each other in the two images, as they are in different locations and the pipe is an object attached to the ceiling. The robot car and the pipe do not have a 3D center point that can be calculated or judged from the provided information.","the robot car(red bbox) seems to occupy a position to the right and below in relation to the pipe(blue bbox). This makes it appear closer. The the robot car(red bbox) and the pipe(blue bbox) are in front of the observer.
",463,221,0.0,0.011392830824221021,0.6972753405570984,0.15,0.3959162364433934,0.3959162364433934,sentence
109,obj_spatial_relation_oo_mv,"<|im_start|>system
You are a helpful assistant.<|im_end|>
<|im_start|>user
<|vision_start|><|image_pad|><|image_pad|><|image_pad|><|image_pad|><|image_pad|><|image_pad|><|image_pad|><|image_pad|><|ima...",The robot car is to the right of the table in both images.,"Examining the table(blue bbox), the robot car(red bbox) is to the right and . It might also appear closer. The the robot car(red bbox) and the table(blue bbox) are in front of the observer.
",58,190,0.0,0.053503067457877675,0.7912320494651794,0.45,0.5413166382241653,0.5413166382241653,sentence
110,obj_spatial_relation_oo_mv,"<|im_start|>system
You are a helpful assistant.<|im_end|>
<|im_start|>user
<|vision_start|><|image_pad|><|image_pad|><|image_pad|><|image_pad|><|image_pad|><|image_pad|><|image_pad|><|image_pad|><|ima...","In the first image, the heater is positioned below the windowsill, as it is located on the floor beneath the desk, which has the windowsill as its upper boundary. In the second image, the heater is not visible, suggesting it might be in a different location or the image does not capture it in the frame.","the heater(red bbox) can be described as being to the right below in relation to the windowsill(blue bbox). To the observer, it is closer. The the heater(red bbox) and the windowsill(blue bbox) are in front of the observer.
",304,224,0.0,0.01142135757051001,0.6469793915748596,0.36000000000000004,0.4337739673015318,0.4337739673015318,sentence
111,obj_spatial_relation_oo_mv,"<|im_start|>system
You are a helpful assistant.<|im_end|>
<|im_start|>user
<|vision_start|><|image_pad|><|image_pad|><|image_pad|><|image_pad|><|image_pad|><|image_pad|><|image_pad|><|image_pad|><|ima...","It is impossible to judge the relative position of the papers (red bbox: [648, 612, 688, 620]) with respect to the mousepad (blue bbox: [721, 693, 916, 782]) from the given information.","Looking at the setup, the papers(red bbox) is positioned to the right and above the mousepad(blue bbox). To the observer, it seems closer. The the papers(red bbox) and the mousepad(blue bbox) are in front of the observer.
",185,222,0.0,0.018278976827567593,0.7488722801208496,0.18000000000000002,0.4320919354259383,0.4320919354259383,sentence
112,obj_spatial_relation_oo_mv,"<|im_start|>system
You are a helpful assistant.<|im_end|>
<|im_start|>user
<|vision_start|><|image_pad|><|image_pad|><|image_pad|><|image_pad|><|image_pad|><|image_pad|><|image_pad|><|image_pad|><|ima...","The spatial arrangement of the windowsill (red bbox: [639, 373, 911, 425]) with respect to the electrical duct (blue bbox: [738, 617, 765, 641]) in the two images can be inferred as follows: 

In the first image, the windowsill is positioned higher than the electrical duct, as the windowsill appears to be located at a higher elevation within the room. In the second image, the windowsill and the electrical duct are aligned vertically, with the windowsill positioned above the electrical duct. This vertical alignment suggests that the electrical duct is installed below the windowsill in the second image. However, without more information about the room's layout and the relative positions of these objects, it is not possible to make a definitive statement about their spatial arrangement.","the windowsill(red bbox) is clearly to the left and above the electrical  duct(blue bbox). When observed, it is farther. The the windowsill(red bbox) and the electrical  duct(blue bbox) are in front of the observer.
",794,216,0.0,0.018241836987722214,0.8065171837806702,0.36000000000000004,0.5149069592878796,0.5149069592878796,sentence
113,obj_spatial_relation_oo_mv,"<|im_start|>system
You are a helpful assistant.<|im_end|>
<|im_start|>user
<|vision_start|><|image_pad|><|image_pad|><|image_pad|><|image_pad|><|image_pad|><|image_pad|><|image_pad|><|image_pad|><|ima...",The notepad is located to the right of the power socket.,"Looking at the setup, the notepad(red bbox) is positioned to the left and above the power socket(blue bbox). To the observer, it seems closer. The the notepad(red bbox) is in front of the observer. The the power socket(blue bbox) is behind the observer.
",56,254,0.0,0.003912653591162626,0.6634862422943115,0.0,0.47503664552198327,0.47503664552198327,sentence
114,obj_spatial_relation_oo_mv,"<|im_start|>system
You are a helpful assistant.<|im_end|>
<|im_start|>user
<|vision_start|><|image_pad|><|image_pad|><|image_pad|><|image_pad|><|image_pad|><|image_pad|><|image_pad|><|image_pad|><|ima...",It is not possible to determine the positional relationship of the papers to the keyboard in the provided images.,"the papers(red bbox), as observed, is located to the right above the keyboard(blue bbox). It appears to be farther from this perspective. The the papers(red bbox) and the keyboard(blue bbox) are in front of the observer.
",113,221,0.0,0.015650545270249495,0.6172523498535156,0.18000000000000002,0.36575628398080773,0.36575628398080773,sentence
115,obj_spatial_relation_oo_mv,"<|im_start|>system
You are a helpful assistant.<|im_end|>
<|im_start|>user
<|vision_start|><|image_pad|><|image_pad|><|image_pad|><|image_pad|><|image_pad|><|image_pad|><|image_pad|><|image_pad|><|ima...","The heater (red bbox: [619, 579, 691, 653]) is positioned to the right of the keyboard (blue bbox: [467, 242, 501, 269]) in the first image. The camera poses and intrinsic parameters do not provide enough information to determine the exact spatial arrangement of the heater with respect to the keyboard in the second image.","the heater(red bbox) lies to the right and below relative to the keyboard(blue bbox). It seems closer when viewed. The the heater(red bbox) and the keyboard(blue bbox) are in front of the observer.
",323,198,0.0,0.028232017871523418,0.8577041625976562,0.36000000000000004,0.5424984848731328,0.5424984848731328,sentence
116,obj_spatial_relation_oo_mv,"<|im_start|>system
You are a helpful assistant.<|im_end|>
<|im_start|>user
<|vision_start|><|image_pad|><|image_pad|><|image_pad|><|image_pad|><|image_pad|><|image_pad|><|image_pad|><|image_pad|><|ima...","The monitor (red bbox: [419, 5, 530, 153]) and the pen (blue bbox: [340, 716, 354, 735]) are not present in the same image, so it's not possible to determine their relative position in the two images.","the monitor(red bbox) stands to the left and above relative to the pen(blue bbox). It also appears farther in this configuration. The the monitor(red bbox) and the pen(blue bbox) are in front of the observer.
",200,209,0.0,0.01584846494016487,0.7598191499710083,0.18000000000000002,0.43707926797353713,0.43707926797353713,sentence
117,obj_spatial_relation_oo_mv,"<|im_start|>system
You are a helpful assistant.<|im_end|>
<|im_start|>user
<|vision_start|><|image_pad|><|image_pad|><|image_pad|><|image_pad|><|image_pad|><|image_pad|><|image_pad|><|image_pad|><|ima...","The telephone is not visible in the second image, so it is impossible to determine its position relative to the power socket in the second image.","In the scene, the telephone(red bbox) is to the right above the power socket(blue bbox).  The the telephone(red bbox) and the power socket(blue bbox) are in front of the observer.
",145,180,0.0,0.025253018492863617,0.7181708812713623,0.225,0.4316360443342539,0.4316360443342539,sentence
118,obj_spatial_relation_oo_mv,"<|im_start|>system
You are a helpful assistant.<|im_end|>
<|im_start|>user
<|vision_start|><|image_pad|><|image_pad|><|image_pad|><|image_pad|><|image_pad|><|image_pad|><|image_pad|><|image_pad|><|ima...","The window frame and the electrical duct are not visible in the provided images, so it is impossible to determine their positioning in relation to each other. The images do not contain enough information to calculate the 3D center points of the window frame and the electrical duct.","the window frame(red bbox) resides to the right and  when viewed in relation to the electrical duct(blue bbox).  The the window frame(red bbox) and the electrical duct(blue bbox) are in front of the observer.
",282,209,0.0,0.05116348683919507,0.6154899597167969,0.225,0.38547767722623744,0.38547767722623744,sentence
119,obj_spatial_relation_oo_mv,"<|im_start|>system
You are a helpful assistant.<|im_end|>
<|im_start|>user
<|vision_start|><|image_pad|><|image_pad|><|image_pad|><|image_pad|><|image_pad|><|image_pad|><|image_pad|><|image_pad|><|ima...","The power socket is closer to the window (blue bbox: [66, 0, 126, 514]) in the first image compared to the second image.","From the perspective provided, the power socket(red bbox) is to the left and below the window(blue bbox). This places it closer as well. The the power socket(red bbox) is behind the observer. The the window(blue bbox) is in front of the observer.
",120,247,0.0,0.013280155725485267,0.8176671266555786,0.3,0.5014895944728863,0.5014895944728863,sentence
120,obj_spatial_relation_oo_mv,"<|im_start|>system
You are a helpful assistant.<|im_end|>
<|im_start|>user
<|vision_start|><|image_pad|><|image_pad|><|image_pad|><|image_pad|><|image_pad|><|image_pad|><|image_pad|><|image_pad|><|ima...","In the first image, the cutting boards are located to the right of the window, while in the second image, they are not visible. The direction from the observer's perspective is to the right of the window.","The observer notes the cutting boards(red bbox) is to the right  the window(blue bbox). Additionally, it appears closer. The the cutting boards(red bbox) and the window(blue bbox) are in front of the observer.
",204,210,0.0,0.09863022371664866,0.8261083364486694,0.45,0.5677802129676645,0.5677802129676645,sentence
121,obj_spatial_relation_oo_mv,"<|im_start|>system
You are a helpful assistant.<|im_end|>
<|im_start|>user
<|vision_start|><|image_pad|><|image_pad|><|image_pad|><|image_pad|><|image_pad|><|image_pad|><|image_pad|><|image_pad|><|ima...","The window is to the left of the cutting board in the first image, and the cutting board is not present in the second image. Therefore, the spatial position of the window relative to the cutting board in the first image cannot be determined in the second image.","Looking closer, the window(red bbox) is to the left below in relation to the cutting board(blue bbox). It might also be farther. The the window(red bbox) and the cutting board(blue bbox) are in front of the observer.
",261,217,0.0,0.10538486915909825,0.6536376476287842,0.3,0.4378957976462117,0.4378957976462117,sentence
122,obj_spatial_relation_oo_mv,"<|im_start|>system
You are a helpful assistant.<|im_end|>
<|im_start|>user
<|vision_start|><|image_pad|><|image_pad|><|image_pad|><|image_pad|><|image_pad|><|image_pad|><|image_pad|><|image_pad|><|ima...",The dustbin is to the left of the chair.,"In the scene, the dustbin(red bbox) is to the left  the chair(blue bbox). It is also perceived as closer relative to the observer. The the dustbin(red bbox) and the chair(blue bbox) are in front of the observer.
",40,212,0.0,0.016434752640546387,0.7714113593101501,0.45,0.5239926301831843,0.5239926301831843,sentence
123,obj_spatial_relation_oo_mv,"<|im_start|>system
You are a helpful assistant.<|im_end|>
<|im_start|>user
<|vision_start|><|image_pad|><|image_pad|><|image_pad|><|image_pad|><|image_pad|><|image_pad|><|image_pad|><|image_pad|><|ima...",The kitchen hob is to the left of the window.,"the kitchen hob(red bbox) is observed to be to the right and below the window(blue bbox). This also places it closer from the observer's perspective. The the kitchen hob(red bbox) is in front of the observer. The the window(blue bbox) is behind the observer.
",45,259,0.0,0.0026813033519237812,0.7567430138587952,0.15,0.4239077675997823,0.4239077675997823,sentence
124,obj_spatial_relation_oo_mv,"<|im_start|>system
You are a helpful assistant.<|im_end|>
<|im_start|>user
<|vision_start|><|image_pad|><|image_pad|><|image_pad|><|image_pad|><|image_pad|><|image_pad|><|image_pad|><|image_pad|><|ima...","In the two images, the shelf (red bbox: [465, 433, 879, 478]) is positioned directly below the bottles (blue bbox: [523, 170, 834, 257]). The shelf appears to be a continuous surface running horizontally, while the bottles are arranged in a row on top of it. The bottles are aligned in a straight line and are directly above the shelf.","Observationally, the shelf(red bbox) is to the left and below the bottles(blue bbox). It appears farther in proximity. The the shelf(red bbox) and the bottles(blue bbox) are in front of the observer.
",335,200,0.0,0.010813180880884479,0.8333072662353516,0.36000000000000004,0.5268162692938526,0.5268162692938526,sentence
125,obj_spatial_relation_oo_mv,"<|im_start|>system
You are a helpful assistant.<|im_end|>
<|im_start|>user
<|vision_start|><|image_pad|><|image_pad|><|image_pad|><|image_pad|><|image_pad|><|image_pad|><|image_pad|><|image_pad|><|ima...",The chair is to the left of the window.,"When observing the window(blue bbox), the chair(red bbox) appears to the left . Additionally, it is perceived as closer. The the chair(red bbox) and the window(blue bbox) are in front of the observer.
",39,201,0.0,0.011279523634261348,0.6694965362548828,0.45,0.4720041728542937,0.4720041728542937,sentence
126,obj_spatial_relation_oo_mv,"<|im_start|>system
You are a helpful assistant.<|im_end|>
<|im_start|>user
<|vision_start|><|image_pad|><|image_pad|><|image_pad|><|image_pad|><|image_pad|><|image_pad|><|image_pad|><|image_pad|><|ima...","The kitchen cabinet (red bbox: [520, 581, 999, 999]) is positioned to the right of the kitchen cabinet (blue bbox: [307, 0, 654, 868]) in the main view (Image 1).","Examining the kitchen cabinet(blue bbox), the kitchen cabinet(red bbox) is to the left and . It might also appear closer. The the kitchen cabinet(red bbox) and the kitchen cabinet(blue bbox) are in front of the observer.
",162,221,0.0,0.02286366453885884,0.8498912453651428,0.225,0.4970183555903432,0.4970183555903432,sentence
127,obj_spatial_relation_oo_mv,"<|im_start|>system
You are a helpful assistant.<|im_end|>
<|im_start|>user
<|vision_start|><|image_pad|><|image_pad|><|image_pad|><|image_pad|><|image_pad|><|image_pad|><|image_pad|><|image_pad|><|ima...","It is impossible to determine the relative position of the cookware and the heater based on the provided information. The given bounding box coordinates and camera parameters only provide information about the 3D position and orientation of the cookware and the heater in the scene, but not their physical relationship.","the cookware(red bbox) exists to the right above relative to the heater(blue bbox). To the viewer, it seems farther. The the cookware(red bbox) and the heater(blue bbox) are in front of the observer.
",319,200,0.0,0.01500248540419793,0.6150469183921814,0.18000000000000002,0.3645239562769303,0.3645239562769303,sentence
128,obj_spatial_relation_oo_mv,"<|im_start|>system
You are a helpful assistant.<|im_end|>
<|im_start|>user
<|vision_start|><|image_pad|><|image_pad|><|image_pad|><|image_pad|><|image_pad|><|image_pad|><|image_pad|><|image_pad|><|ima...","The cutting boards are positioned to the right of the shelf, as the cutting boards are placed on the countertop and the shelf is located in the kitchen, while the cutting boards are closer to the foreground.","In this arrangement, the cutting boards(red bbox) is positioned to the right below the shelf(blue bbox). From the observer's perspective, it looks closer. The the cutting boards(red bbox) and the shelf(blue bbox) are in front of the observer.
",207,243,0.0,0.10929483781175295,0.6846608519554138,0.54,0.5261893935400576,0.5261893935400576,sentence
129,obj_spatial_relation_oo_mv,"<|im_start|>system
You are a helpful assistant.<|im_end|>
<|im_start|>user
<|vision_start|><|image_pad|><|image_pad|><|image_pad|><|image_pad|><|image_pad|><|image_pad|><|image_pad|><|image_pad|><|ima...","The oven is located to the right of the window frame, as seen from the observer's perspective in both images.","the oven(red bbox) seems to occupy a position to the right and  in relation to the window frame(blue bbox). This makes it appear farther. The the oven(red bbox) and the window frame(blue bbox) are in front of the observer.
",109,223,0.0,0.028848259206747464,0.7900793552398682,0.36000000000000004,0.5088093294612835,0.5088093294612835,sentence
130,obj_spatial_relation_oo_mv,"<|im_start|>system
You are a helpful assistant.<|im_end|>
<|im_start|>user
<|vision_start|><|image_pad|><|image_pad|><|image_pad|><|image_pad|><|image_pad|><|image_pad|><|image_pad|><|image_pad|><|ima...","In the first image, the cabinet (red bbox: [0, 164, 36, 319]) is positioned in front of the window (blue bbox: [282, 0, 549, 354]), with the window to the right of the cabinet. In the second image, the cabinet (red bbox: [0, 164, 36, 319]) is not visible, and the window (blue bbox: [282, 0, 549, 354]) is positioned behind the desk, suggesting a different room or a different angle of the same room. The 3D center points of the cabinet and the window are not available for comparison in the provided information.","From the observer's standpoint, the cabinet(red bbox) sits to the right below the window(blue bbox).  The the cabinet(red bbox) and the window(blue bbox) are in front of the observer.
",513,184,0.0,0.04382590929829649,0.753816545009613,0.675,0.5881734543644658,0.5881734543644658,sentence
131,obj_spatial_relation_oo_mv,"<|im_start|>system
You are a helpful assistant.<|im_end|>
<|im_start|>user
<|vision_start|><|image_pad|><|image_pad|><|image_pad|><|image_pad|><|image_pad|><|image_pad|><|image_pad|><|image_pad|><|ima...","The bucket (red bbox: [205, 872, 379, 999]) is in front of the whiteboard (blue bbox: [389, 290, 819, 784]) in the first image, as the bucket is closer to the camera's viewpoint.","the bucket(red bbox) resides to the right and below when viewed in relation to the whiteboard(blue bbox). This gives it a farther appearance. The the bucket(red bbox) and the whiteboard(blue bbox) are behind the observer.
",178,222,0.0,0.015378604058619707,0.8198051452636719,0.15,0.45797829344355984,0.45797829344355984,sentence
132,obj_spatial_relation_oo_mv,"<|im_start|>system
You are a helpful assistant.<|im_end|>
<|im_start|>user
<|vision_start|><|image_pad|><|image_pad|><|image_pad|><|image_pad|><|image_pad|><|image_pad|><|image_pad|><|image_pad|><|ima...","The poster (red bbox: [876, 240, 915, 388]) is located in the image on the right, which corresponds to the observer's viewpoint. The SPLIT (blue bbox: [618, 0, 973, 599]) is the area on the right side of the first image, where the poster is visible in the background. The observer's perspective, as indicated by the camera intrinsic parameters and poses, places the poster in the far right of the scene.","From this angle, the poster(red bbox) is seen to the left  in relation to the SPLIT(blue bbox). It may also be farther. The the poster(red bbox) is in front of the observer. The the SPLIT(blue bbox) is behind the observer.
",403,223,0.0,0.010823280066671754,0.8778654932975769,0.54,0.6030974026621229,0.6030974026621229,sentence
133,obj_spatial_relation_oo_mv,"<|im_start|>system
You are a helpful assistant.<|im_end|>
<|im_start|>user
<|vision_start|><|image_pad|><|image_pad|><|image_pad|><|image_pad|><|image_pad|><|image_pad|><|image_pad|><|image_pad|><|ima...","The headphone is not visible in the second image, so there is no relative orientation to the cabinet.","the headphone(red bbox) stands to the left and above relative to the cabinet(blue bbox). It also appears closer in this configuration. The the headphone(red bbox) and the cabinet(blue bbox) are in front of the observer.
",101,220,0.0,0.011691968452396926,0.7227563858032227,0.18000000000000002,0.4177165865920907,0.4177165865920907,sentence
134,obj_spatial_relation_oo_mv,"<|im_start|>system
You are a helpful assistant.<|im_end|>
<|im_start|>user
<|vision_start|><|image_pad|><|image_pad|><|image_pad|><|image_pad|><|image_pad|><|image_pad|><|image_pad|><|image_pad|><|ima...","It is not possible to determine the relative location of the paper and the bucket in the first image due to the lack of clear objects in the scene. However, in the last three images, the paper appears to be located in the upper part of the image, while the bucket is in the lower part. Since the paper is not present in the first image, it is not possible to compare their positions relative to each other.","the paper(red bbox), as observed, is located to the left above the bucket(blue bbox).  The the paper(red bbox) and the bucket(blue bbox) are in front of the observer.
",406,167,0.0,0.010331208012220438,0.6882873773574829,0.45,0.4812099302811855,0.4812099302811855,sentence
135,obj_spatial_relation_oo_mv,"<|im_start|>system
You are a helpful assistant.<|im_end|>
<|im_start|>user
<|vision_start|><|image_pad|><|image_pad|><|image_pad|><|image_pad|><|image_pad|><|image_pad|><|image_pad|><|image_pad|><|ima...","In the first image, the storage cabinet (red bbox: [0, 0, 279, 999]) is positioned to the left of the table (blue bbox: [438, 517, 624, 749]). The camera intrinsic parameters and poses provided do not give enough information to calculate the exact 3D center points of these objects. However, based on the relative positions in the images, we can infer that the storage cabinet is positioned to the left of the table.","Looking closer, the storage cabinet(red bbox) is to the left  in relation to the table(blue bbox). It might also be farther. The the storage cabinet(red bbox) and the table(blue bbox) are in front of the observer.
",416,214,0.0,0.024997530481296295,0.6625161170959473,0.36000000000000004,0.4442575646442329,0.4442575646442329,sentence
136,obj_spatial_relation_oo_mv,"<|im_start|>system
You are a helpful assistant.<|im_end|>
<|im_start|>user
<|vision_start|><|image_pad|><|image_pad|><|image_pad|><|image_pad|><|image_pad|><|image_pad|><|image_pad|><|image_pad|><|ima...","The paper (red bounding box: [44, 390, 109, 410]) is situated below the pipe (blue bounding box: [932, 510, 979, 554]) in the first image, and the relative position is not directly comparable to the second image due to the lack of visible elements in the second image that would allow for a comparison. However, the pipe appears to be a straight line and the paper is a flat surface, so their relative position cannot be determined from the second image alone.","To describe the scene, the paper(red bbox) is to the left above the pipe(blue bbox). Additionally, it seems closer to the observer. The the paper(red bbox) and the pipe(blue bbox) are in front of the observer.
",460,210,0.0,0.010340851987636068,0.6747637391090393,0.18000000000000002,0.39345003995204686,0.39345003995204686,sentence
137,obj_spatial_relation_oo_mv,"<|im_start|>system
You are a helpful assistant.<|im_end|>
<|im_start|>user
<|vision_start|><|image_pad|><|image_pad|><|image_pad|><|image_pad|><|image_pad|><|image_pad|><|image_pad|><|image_pad|><|ima...","The cable spool (red bbox: [168, 136, 228, 190]) is to the left of the monitor (blue bbox: [493, 0, 626, 198]) in the first image, and the same relative position is preserved in the third image. The exact 3D positions and orientations cannot be determined due to the lack of specific 3D coordinates and the nature of the Plucker ray visualizations, but the relative position of the spool and the monitor is consistent across the images.","the cable spool(red bbox) stands to the right and below relative to the monitor(blue bbox). It also appears farther in this configuration. The the cable spool(red bbox) and the monitor(blue bbox) are in front of the observer.
",436,226,0.0,0.012527752695774788,0.7989956140518188,0.18000000000000002,0.4560033575650644,0.4560033575650644,sentence
138,obj_spatial_relation_oo_mv,"<|im_start|>system
You are a helpful assistant.<|im_end|>
<|im_start|>user
<|vision_start|><|image_pad|><|image_pad|><|image_pad|><|image_pad|><|image_pad|><|image_pad|><|image_pad|><|image_pad|><|ima...","The keyboard is located in front of the plant pot, as the keyboard is closer to the viewer and the plant pot is further away, as seen in the depth perception in the images.","When observing the plant pot(blue bbox), the keyboard(red bbox) appears to the left below. Additionally, it is perceived as closer. The the keyboard(red bbox) and the plant pot(blue bbox) are behind the observer.
",172,213,0.0,0.04649162259136118,0.7698846459388733,0.36000000000000004,0.5022406474877089,0.5022406474877089,sentence
139,obj_spatial_relation_oo_mv,"<|im_start|>system
You are a helpful assistant.<|im_end|>
<|im_start|>user
<|vision_start|><|image_pad|><|image_pad|><|image_pad|><|image_pad|><|image_pad|><|image_pad|><|image_pad|><|image_pad|><|ima...","The SPLIT (red bbox: [0, 252, 999, 999]) is situated to the right of the blinds (blue bbox: [249, 0, 284, 333]) in the two images.","the SPLIT(red bbox) lies visibly to the right and below the blinds(blue bbox). From this angle, it seems closer. The the SPLIT(red bbox) and the blinds(blue bbox) are in front of the observer.
",130,193,0.0,0.038852079112778846,0.8515880107879639,0.36000000000000004,0.5415644212165377,0.5415644212165377,sentence
140,obj_spatial_relation_oo_mv,"<|im_start|>system
You are a helpful assistant.<|im_end|>
<|im_start|>user
<|vision_start|><|image_pad|><|image_pad|><|image_pad|><|image_pad|><|image_pad|><|image_pad|><|image_pad|><|image_pad|><|ima...","The cable duct (red bbox: [655, 563, 999, 849]) is positioned below the light switch (blue bbox: [330, 451, 403, 547]) in the first image. The exact position and orientation can be better understood by examining the camera poses and translation vectors, which indicate the relative depth and location of the objects in the scene. However, based on the visible layout in the first image, the cable duct is likely placed on the floor or a lower surface compared to the light switch, which is mounted on the wall.","the cable duct(red bbox) appears to the observer as being to the right and below the light switch(blue bbox). It also seems farther. The the cable duct(red bbox) is in front of the observer. The the light switch(blue bbox) is  the observer.
",510,241,0.0,0.02237982766940243,0.7878549695014954,0.36000000000000004,0.5064034502846282,0.5064034502846282,sentence
141,obj_spatial_relation_oo_mv,"<|im_start|>system
You are a helpful assistant.<|im_end|>
<|im_start|>user
<|vision_start|><|image_pad|><|image_pad|><|image_pad|><|image_pad|><|image_pad|><|image_pad|><|image_pad|><|image_pad|><|ima...","In the first image, the cable duct is aligned horizontally across the room, perpendicular to the desk. The desk is positioned against the wall, and the cable duct runs alongside the wall, parallel to the floor. The observer's perspective is from the front of the room, looking towards the door. In the second image, the desk is shown from a side angle, with the same perspective as the first image, and the cable duct is no longer visible, implying it's out of the frame. The alignment spatially suggests that the cable duct is located in the wall, above or below the desk, in a position where it would be perpendicular to the desk in the first image.","the cable duct(red bbox), as observed, is located  above the desk(blue bbox). It appears to be farther from this perspective. The the cable duct(red bbox) and the desk(blue bbox) are in front of the observer.
",651,209,0.0,0.01611512489973139,0.7609046101570129,0.675,0.5861753300584528,0.5861753300584528,sentence
142,obj_spatial_relation_oo_mv,"<|im_start|>system
You are a helpful assistant.<|im_end|>
<|im_start|>user
<|vision_start|><|image_pad|><|image_pad|><|image_pad|><|image_pad|><|image_pad|><|image_pad|><|image_pad|><|image_pad|><|ima...","In the first image, the windowsill is positioned below the window lintel. However, since the second image is a visualization and does not provide a realistic 3D environment, it is not possible to accurately determine the position of the windowsill relative to the window lintel in the second image.","the windowsill(red bbox) lies to the right and below relative to the window lintel(blue bbox). It seems closer when viewed. The the windowsill(red bbox) and the window lintel(blue bbox) are in front of the observer.
",298,216,0.0,0.07603945204405141,0.7565092444419861,0.36000000000000004,0.5014625126298033,0.5014625126298033,sentence
143,obj_spatial_relation_oo_mv,"<|im_start|>system
You are a helpful assistant.<|im_end|>
<|im_start|>user
<|vision_start|><|image_pad|><|image_pad|><|image_pad|><|image_pad|><|image_pad|><|image_pad|><|image_pad|><|image_pad|><|ima...","It is impossible to determine the spatial alignment of the coax outlet (red bbox: [292, 894, 323, 954]) relative to the coax outlet (blue bbox: [21, 921, 67, 988]) as the bounding boxes are not aligned in the same image.","the coax outlet(red bbox), as observed, is located to the left above the coax outlet(blue bbox). It appears to be farther from this perspective. The the coax outlet(red bbox) and the coax outlet(blue bbox) are in front of the observer.
",220,236,0.0,0.022869692900326317,0.7450392246246338,0.3,0.46709355089238214,0.46709355089238214,sentence
144,obj_spatial_relation_oo_mv,"<|im_start|>system
You are a helpful assistant.<|im_end|>
<|im_start|>user
<|vision_start|><|image_pad|><|image_pad|><|image_pad|><|image_pad|><|image_pad|><|image_pad|><|image_pad|><|image_pad|><|ima...",The desk is positioned to the left of the power sockets.,"From this angle, the desk(red bbox) is seen  below in relation to the power sockets(blue bbox). It may also be closer. The the desk(red bbox) and the power sockets(blue bbox) are in front of the observer.
",56,205,0.0,0.0073933389133241535,0.7371856570243835,0.0,0.5286735661355094,0.5286735661355094,sentence
145,obj_spatial_relation_oo_mv,"<|im_start|>system
You are a helpful assistant.<|im_end|>
<|im_start|>user
<|vision_start|><|image_pad|><|image_pad|><|image_pad|><|image_pad|><|image_pad|><|image_pad|><|image_pad|><|image_pad|><|ima...","The chair (red bbox: [762, 456, 851, 999]) is located in front of the power socket (blue bbox: [827, 665, 854, 695]) in the first image.","the chair(red bbox) lies to the left and above relative to the power socket(blue bbox). It seems farther when viewed. The the chair(red bbox) and the power socket(blue bbox) are in front of the observer.
",136,204,0.0,0.07906807997737784,0.8275258541107178,0.36000000000000004,0.5375765430508345,0.5375765430508345,sentence
146,obj_spatial_relation_oo_mv,"<|im_start|>system
You are a helpful assistant.<|im_end|>
<|im_start|>user
<|vision_start|><|image_pad|><|image_pad|><|image_pad|><|image_pad|><|image_pad|><|image_pad|><|image_pad|><|image_pad|><|ima...",The heater is located to the left of the curtain in the main focus image.,"the heater(red bbox) holds a position to the right and below the curtain(blue bbox). From this vantage, it seems closer. The the heater(red bbox) and the curtain(blue bbox) are in front of the observer.
",73,203,0.0,0.012811196481971663,0.7769975662231445,0.18000000000000002,0.4450610224079666,0.4450610224079666,sentence
147,obj_spatial_relation_oo_mv,"<|im_start|>system
You are a helpful assistant.<|im_end|>
<|im_start|>user
<|vision_start|><|image_pad|><|image_pad|><|image_pad|><|image_pad|><|image_pad|><|image_pad|><|image_pad|><|image_pad|><|ima...",The air vent is to the left of the window lintel.,"the air vent(red bbox) lies to the left and above relative to the window lintel(blue bbox). It seems closer when viewed. The the air vent(red bbox) and the window lintel(blue bbox) are in front of the observer.
",49,211,0.0,0.014103258703764629,0.8101587295532227,0.36000000000000004,0.5159000165173643,0.5159000165173643,sentence
148,obj_spatial_relation_oo_mv,"<|im_start|>system
You are a helpful assistant.<|im_end|>
<|im_start|>user
<|vision_start|><|image_pad|><|image_pad|><|image_pad|><|image_pad|><|image_pad|><|image_pad|><|image_pad|><|image_pad|><|ima...","The coax outlet is located to the left of the whiteboard, closer to the bottom of the image frame in relation to the observer's perspective.","the coax outlet(red bbox) is observed to be to the left and below the whiteboard(blue bbox).  The the coax outlet(red bbox) and the whiteboard(blue bbox) are in front of the observer.
",140,184,0.0,0.05060515022684413,0.848179817199707,0.7200000000000001,0.6502109386452223,0.6502109386452223,sentence
149,obj_spatial_relation_oo_mv,"<|im_start|>system
You are a helpful assistant.<|im_end|>
<|im_start|>user
<|vision_start|><|image_pad|><|image_pad|><|image_pad|><|image_pad|><|image_pad|><|image_pad|><|image_pad|><|image_pad|><|ima...","The windowsill is located above the heater from the observer's perspective in the first image, as it is positioned higher on the wall.","the windowsill(red bbox) appears situated to the right and above the heater(blue bbox). From this point, it seems farther. The the windowsill(red bbox) and the heater(blue bbox) are in front of the observer.
",134,208,0.0,0.016515319801860908,0.8387649059295654,0.36000000000000004,0.5306855169251549,0.5306855169251549,sentence
150,obj_spatial_relation_oo_mv,"<|im_start|>system
You are a helpful assistant.<|im_end|>
<|im_start|>user
<|vision_start|><|image_pad|><|image_pad|><|image_pad|><|image_pad|><|image_pad|><|image_pad|><|image_pad|><|image_pad|><|ima...","In the first image, the bookshelf (blue bbox: [556, 0, 999, 999]) is located to the right of the intercom (red bbox: [488, 358, 565, 428]). In the second image, the bookshelf (blue bbox: [556, 0, 999, 999]) is also to the right of the intercom (red bbox: [488, 358, 565, 428]).","the intercom(red bbox) occupies a to the left and  spot relative to the bookshelf(blue bbox). It might also seem closer. The the intercom(red bbox) and the bookshelf(blue bbox) are in front of the observer.
",277,207,0.0,0.015342308958019458,0.8270648717880249,0.18000000000000002,0.47060089768561636,0.47060089768561636,sentence
151,obj_spatial_relation_oo_mv,"<|im_start|>system
You are a helpful assistant.<|im_end|>
<|im_start|>user
<|vision_start|><|image_pad|><|image_pad|><|image_pad|><|image_pad|><|image_pad|><|image_pad|><|image_pad|><|image_pad|><|ima...","The phone charger (red bbox: [463, 26, 482, 48]) is to the left of the power outlet (blue bbox: [494, 858, 522, 893]) as seen by the observer.","the phone charger(red bbox) is  above with the power outlet(blue bbox).  The the phone charger(red bbox) and the power outlet(blue bbox) are in front of the observer.
",142,167,0.0,0.02925612730731506,0.8933725953102112,0.225,0.5200375231165686,0.5200375231165686,sentence
152,obj_spatial_relation_oo_mv,"<|im_start|>system
You are a helpful assistant.<|im_end|>
<|im_start|>user
<|vision_start|><|image_pad|><|image_pad|><|image_pad|><|image_pad|><|image_pad|><|image_pad|><|image_pad|><|image_pad|><|ima...",The cable duct (red) is located to the right of the light switch (blue) in the main focus image (Image 2810).,"the cable duct(red bbox) is clearly to the left and below the light swicth(blue bbox). When observed, it is closer. The the cable duct(red bbox) and the light swicth(blue bbox) are in front of the observer.
",109,207,0.0,0.019997965025312838,0.7424560785293579,0.18000000000000002,0.42922763226974153,0.42922763226974153,sentence
153,obj_spatial_relation_oo_mv,"<|im_start|>system
You are a helpful assistant.<|im_end|>
<|im_start|>user
<|vision_start|><|image_pad|><|image_pad|><|image_pad|><|image_pad|><|image_pad|><|image_pad|><|image_pad|><|image_pad|><|ima...","In the first image, the window frame is located towards the right and slightly behind the office chair, as observed from the camera's viewpoint. In the second image, the window frame is positioned to the right of the office chair, but closer to the top right corner of the image, indicating a shift in the observer's perspective. The exact positioning cannot be precisely calculated without the camera poses and intrinsic parameters for the second image, but the relative positioning suggests that the window frame is more to the right and slightly further away in the second image.","the window frame(red bbox), as observed, is located to the left  the office chair(blue bbox). It appears to be closer from this perspective. The the window frame(red bbox) is behind the observer. The the office chair(blue bbox) is in front of the observer.
",582,257,0.0,0.013074586475784794,0.7282508611679077,0.54,0.5287403478791108,0.5287403478791108,sentence
154,obj_spatial_relation_oo_mv,"<|im_start|>system
You are a helpful assistant.<|im_end|>
<|im_start|>user
<|vision_start|><|image_pad|><|image_pad|><|image_pad|><|image_pad|><|image_pad|><|image_pad|><|image_pad|><|image_pad|><|ima...","The office chair (red bbox: [489, 675, 867, 999]) is positioned further away from the coax outlet (blue bbox: [101, 217, 170, 299]) in the first image compared to the second image. This can be inferred from the relative positions of the objects in the two images and the camera poses provided, which indicate a change in the observer's viewpoint.","From a spatial perspective, the office chair(red bbox) is to the left and below the coax outlet(blue bbox). It looks closer in this view. The the office chair(red bbox) and the coax outlet(blue bbox) are in front of the observer.
",346,230,0.0,0.016652678576294086,0.9016456007957458,0.3,0.5441533361131317,0.5441533361131317,sentence
155,obj_spatial_relation_oo_mv,"<|im_start|>system
You are a helpful assistant.<|im_end|>
<|im_start|>user
<|vision_start|><|image_pad|><|image_pad|><|image_pad|><|image_pad|><|image_pad|><|image_pad|><|image_pad|><|image_pad|><|ima...",The light swicth is to the left of the coax outlet.,"The arrangement shows the light swicth(red bbox) as to the left above the coax outlet(blue bbox). It also seems closer from this view. The the light swicth(red bbox) is behind the observer. The the coax outlet(blue bbox) is in front of the observer.
",51,250,0.0,0.008418209000782419,0.787273645401001,0.2571428571428571,0.4724633216435141,0.4724633216435141,sentence
156,obj_spatial_relation_oo_mv,"<|im_start|>system
You are a helpful assistant.<|im_end|>
<|im_start|>user
<|vision_start|><|image_pad|><|image_pad|><|image_pad|><|image_pad|><|image_pad|><|image_pad|><|image_pad|><|image_pad|><|ima...","The windowsill (red bbox: [682, 681, 999, 780]) is positioned below the window (blue bbox: [285, 0, 492, 196]) in the two images. The first image shows the window with a partially open blind and the windowsill below it, while the second image shows the same window but with a closed blind, with the windowsill still below the window. The windowsill is not visible in the third image, but based on the positioning of the window and the blind in the first and second images, it can be inferred that the windowsill is below the window in the third image as well.","the windowsill(red bbox) can be identified as to the right below the window(blue bbox). To the observer, it appears closer. The the windowsill(red bbox) is behind the observer. The the window(blue bbox) is in front of the observer.
",559,232,0.0,0.008646284645152559,0.7996003031730652,0.45,0.5365294085155631,0.5365294085155631,sentence
157,obj_spatial_relation_oo_mv,"<|im_start|>system
You are a helpful assistant.<|im_end|>
<|im_start|>user
<|vision_start|><|image_pad|><|image_pad|><|image_pad|><|image_pad|><|image_pad|><|image_pad|><|image_pad|><|image_pad|><|ima...",The bottle is located at a position further away from the windowsill compared to the location of the bottle in the first image. The distance between the bottle and the windowsill can be calculated using the camera intrinsic parameters and the translation vectors provided.,"the bottle(red bbox) is spatially to the right and above with respect to the windowsill(blue bbox). It seems farther to the observer. The the bottle(red bbox) is  the observer. The the windowsill(blue bbox) is in front of the observer.
",272,236,0.0,0.017419743019031778,0.720634937286377,0.36000000000000004,0.4718014172469948,0.4718014172469948,sentence
158,obj_spatial_relation_oo_mv,"<|im_start|>system
You are a helpful assistant.<|im_end|>
<|im_start|>user
<|vision_start|><|image_pad|><|image_pad|><|image_pad|><|image_pad|><|image_pad|><|image_pad|><|image_pad|><|image_pad|><|ima...","The power sockets (red bbox: [232, 223, 348, 307]) are located above and to the left of the chair (blue bbox: [792, 294, 999, 487]) in relation to the observer.","Placing the power sockets(red bbox) spatially, it is to the left and above the chair(blue bbox). This view also shows it as farther. The the power sockets(red bbox) and the chair(blue bbox) are in front of the observer.
",160,220,0.0,0.0429443679558435,0.8903164863586426,0.54,0.61574711677049,0.61574711677049,sentence
159,obj_spatial_relation_oo_mv,"<|im_start|>system
You are a helpful assistant.<|im_end|>
<|im_start|>user
<|vision_start|><|image_pad|><|image_pad|><|image_pad|><|image_pad|><|image_pad|><|image_pad|><|image_pad|><|image_pad|><|ima...","The table (red bbox: [0, 0, 561, 875]) is positioned to the left of the office chair (blue bbox: [711, 740, 836, 999]) from the observer's view.","In the scene, the table(red bbox) is to the right  the office chair(blue bbox). It is also perceived as closer relative to the observer. The the table(red bbox) is behind the observer. The the office chair(blue bbox) is in front of the observer.
",144,246,0.0,0.01519046354604448,0.8581020832061768,0.0,0.6172701918747104,0.6172701918747104,sentence
160,obj_spatial_relation_oo_mv,"<|im_start|>system
You are a helpful assistant.<|im_end|>
<|im_start|>user
<|vision_start|><|image_pad|><|image_pad|><|image_pad|><|image_pad|><|image_pad|><|image_pad|><|image_pad|><|image_pad|><|ima...","The office chair (red bbox: [288, 236, 577, 692]) is positioned to the left of the laptop charger (blue bbox: [212, 737, 225, 771]).","Placing the office chair(red bbox) spatially, it is to the left and above the laptop charger(blue bbox). This view also shows it as farther. The the office chair(red bbox) and the laptop charger(blue bbox) are behind the observer.
",132,231,0.0,0.033212669473011984,0.8527241945266724,0.18000000000000002,0.4870046311579386,0.4870046311579386,sentence
161,obj_spatial_relation_oo_mv,"<|im_start|>system
You are a helpful assistant.<|im_end|>
<|im_start|>user
<|vision_start|><|image_pad|><|image_pad|><|image_pad|><|image_pad|><|image_pad|><|image_pad|><|image_pad|><|image_pad|><|ima...","The mouse (red bbox: [330, 336, 375, 363]) is located on the desk, which is in front of the PC (blue bbox: [610, 586, 802, 802]). In the first image, the mouse is positioned to the left of the PC, and in the second image, the mouse is to the right of the PC. This suggests that the mouse is not oriented in the same relative position to the PC in both images. The exact orientation of the mouse in relation to the PC would require a 3D model of the environment and a precise 3D transformation of the mouse and PC, which is not possible with the provided information.","The observer notes the mouse(red bbox) is to the left above the pc(blue bbox).  The the mouse(red bbox) is behind the observer. The the pc(blue bbox) is in front of the observer.
",566,179,0.0,0.054914363886242344,0.6546022295951843,0.54,0.5002839875748407,0.5002839875748407,sentence
162,obj_spatial_relation_oo_mv,"<|im_start|>system
You are a helpful assistant.<|im_end|>
<|im_start|>user
<|vision_start|><|image_pad|><|image_pad|><|image_pad|><|image_pad|><|image_pad|><|image_pad|><|image_pad|><|image_pad|><|ima...","The cardboard box is located to the right of the office chair in the first image, but the specific positions cannot be accurately determined without 3D center points and camera intrinsic parameters.","Relative to its surroundings, the cardboard box(red bbox) is to the left above the office chair(blue bbox). It is also closer from here. The the cardboard box(red bbox) and the office chair(blue bbox) are in front of the observer.
",198,231,0.0,0.021943235305375956,0.730398952960968,0.18000000000000002,0.42358812354155917,0.42358812354155917,sentence
163,obj_spatial_relation_oo_mv,"<|im_start|>system
You are a helpful assistant.<|im_end|>
<|im_start|>user
<|vision_start|><|image_pad|><|image_pad|><|image_pad|><|image_pad|><|image_pad|><|image_pad|><|image_pad|><|image_pad|><|ima...","The cardboard box (red bbox: [848, 507, 999, 699]) is located to the right of the tennis racket (blue bbox: [716, 534, 827, 553]) in the first image.","the cardboard box(red bbox) can be spotted to the left and below the tennis racket(blue bbox). The observer may perceive it as closer. The the cardboard box(red bbox) and the tennis racket(blue bbox) are in front of the observer.
",149,230,0.0,0.01975154842371536,0.819951057434082,0.18000000000000002,0.4679258384017841,0.4679258384017841,sentence
164,obj_spatial_relation_oo_mv,"<|im_start|>system
You are a helpful assistant.<|im_end|>
<|im_start|>user
<|vision_start|><|image_pad|><|image_pad|><|image_pad|><|image_pad|><|image_pad|><|image_pad|><|image_pad|><|image_pad|><|ima...","In the first image, the office chair is to the right of the clock. The 3D center point of the office chair is approximately [803, 367, 999, 747] and the 3D center point of the clock is approximately [876, 243, 899, 292].","To describe the scene, the office chair(red bbox) is to the left below the clock(blue bbox). Additionally, it seems closer to the observer. The the office chair(red bbox) is in front of the observer. The the clock(blue bbox) is behind the observer.
",220,249,0.0,0.04154158476653687,0.7109307646751404,0.15,0.40877369929087753,0.40877369929087753,sentence
165,obj_spatial_relation_oo_mv,"<|im_start|>system
You are a helpful assistant.<|im_end|>
<|im_start|>user
<|vision_start|><|image_pad|><|image_pad|><|image_pad|><|image_pad|><|image_pad|><|image_pad|><|image_pad|><|image_pad|><|ima...","The pinboard cannot be found in the first image, as it is not present in the room. Therefore, the question is not applicable in the context of the first image.","In reference to the coat rack(blue bbox), the pinboard(red bbox) is to the right and . It also appears farther when observed. The the pinboard(red bbox) is behind the observer. The the coat rack(blue bbox) is in front of the observer.
",159,235,0.0,0.014323321476334128,0.46480637788772583,0.18000000000000002,0.28926785323912974,0.28926785323912974,sentence
166,obj_spatial_relation_oo_mv,"<|im_start|>system
You are a helpful assistant.<|im_end|>
<|im_start|>user
<|vision_start|><|image_pad|><|image_pad|><|image_pad|><|image_pad|><|image_pad|><|image_pad|><|image_pad|><|image_pad|><|ima...","The books (red bbox: [743, 688, 898, 791]) are found to the right of the books (blue bbox: [207, 17, 232, 40]) in the two images.","the books(red bbox) can be spotted to the left and below the books(blue bbox). The observer may perceive it as closer. The the books(red bbox) and the books(blue bbox) are in front of the observer.
",129,198,0.0,0.018280336329017828,0.6960837244987488,0.18000000000000002,0.40569792951517797,0.40569792951517797,sentence
167,obj_spatial_relation_oo_mv,"<|im_start|>system
You are a helpful assistant.<|im_end|>
<|im_start|>user
<|vision_start|><|image_pad|><|image_pad|><|image_pad|><|image_pad|><|image_pad|><|image_pad|><|image_pad|><|image_pad|><|ima...","The monitor (red bbox: [338, 96, 355, 181]) is not in the same image as the cabinet (blue bbox: [836, 395, 999, 780]).","the monitor(red bbox) is noted to be to the left above the cabinet(blue bbox). It might be perceived as farther from this view. The the monitor(red bbox) is in front of the observer. The the cabinet(blue bbox) is behind the observer.
",118,234,0.0,0.005926594624515584,0.7611116170883179,0.15,0.426741127469062,0.426741127469062,sentence
168,obj_spatial_relation_oo_mv,"<|im_start|>system
You are a helpful assistant.<|im_end|>
<|im_start|>user
<|vision_start|><|image_pad|><|image_pad|><|image_pad|><|image_pad|><|image_pad|><|image_pad|><|image_pad|><|image_pad|><|ima...","In the first image, the laptop charger is to the left of the tea box, while in the second image, the laptop charger is to the left of the tea box as well. The relative positions of the laptop charger and the tea box do not change between the two images.","From this angle, the laptop charger(red bbox) is seen to the left below in relation to the tea box(blue bbox). It may also be closer. The the laptop charger(red bbox) and the tea box(blue bbox) are in front of the observer.
",253,224,0.0,0.04886660325840052,0.7758715152740479,0.36000000000000004,0.505709078288704,0.505709078288704,sentence
169,obj_spatial_relation_oo_mv,"<|im_start|>system
You are a helpful assistant.<|im_end|>
<|im_start|>user
<|vision_start|><|image_pad|><|image_pad|><|image_pad|><|image_pad|><|image_pad|><|image_pad|><|image_pad|><|image_pad|><|ima...","In the first image, the cup is located to the right of the light switches. However, in the second image, the cup is no longer visible, indicating that it has been moved out of the observer's field of view. The exact distance between the cup and the light switches in the first image cannot be calculated without the camera intrinsic parameters and the exact 3D coordinates of the cup and light switches, which are not provided.","Placing the cup(red bbox) spatially, it is to the right and below the light switches(blue bbox).  The the cup(red bbox) and the light switches(blue bbox) are in front of the observer.
",427,184,0.0,0.028940503253829505,0.7147684097290039,0.54,0.5251723055152678,0.5251723055152678,sentence
170,obj_spatial_relation_oo_mv,"<|im_start|>system
You are a helpful assistant.<|im_end|>
<|im_start|>user
<|vision_start|><|image_pad|><|image_pad|><|image_pad|><|image_pad|><|image_pad|><|image_pad|><|image_pad|><|image_pad|><|ima...","The cabinet appears to the right of the book in the first image. The cabinet is positioned near the wall and the book is on the desk, but the cabinet is further away from the camera's position than the book.","the cabinet(red bbox) is noted to be to the left  the book(blue bbox). It might be perceived as closer from this view. The the cabinet(red bbox) is behind the observer. The the book(blue bbox) is in front of the observer.
",207,222,0.0,0.019543845233163278,0.7045984268188477,0.36000000000000004,0.4642079824560565,0.4642079824560565,sentence
171,obj_spatial_relation_oo_mv,"<|im_start|>system
You are a helpful assistant.<|im_end|>
<|im_start|>user
<|vision_start|><|image_pad|><|image_pad|><|image_pad|><|image_pad|><|image_pad|><|image_pad|><|image_pad|><|image_pad|><|ima...","The monitor (red bbox: [118, 301, 284, 552]) appears to the left of the paper (blue bbox: [4, 615, 167, 648]) in the first image. The monitor is located at a lower position compared to the paper.","the monitor(red bbox) occupies a to the left and above spot relative to the paper(blue bbox). It might also seem farther. The the monitor(red bbox) and the paper(blue bbox) are in front of the observer.
",195,203,0.0,0.04171550570587932,0.8612619638442993,0.36000000000000004,0.5469740830633255,0.5469740830633255,sentence
172,obj_spatial_relation_oo_mv,"<|im_start|>system
You are a helpful assistant.<|im_end|>
<|im_start|>user
<|vision_start|><|image_pad|><|image_pad|><|image_pad|><|image_pad|><|image_pad|><|image_pad|><|image_pad|><|image_pad|><|ima...","The picture (red bbox: [120, 562, 188, 638]) is located to the left of the book (blue bbox: [391, 756, 439, 777]) in the first image.","To describe it, the picture(red bbox) is to the left and above the book(blue bbox). It seems farther from this viewpoint. The the picture(red bbox) and the book(blue bbox) are in front of the observer.
",133,202,0.0,0.03705058991654031,0.7294923067092896,0.36000000000000004,0.4801562713379528,0.4801562713379528,sentence
173,obj_spatial_relation_oo_mv,"<|im_start|>system
You are a helpful assistant.<|im_end|>
<|im_start|>user
<|vision_start|><|image_pad|><|image_pad|><|image_pad|><|image_pad|><|image_pad|><|image_pad|><|image_pad|><|image_pad|><|ima...","The paper is positioned to the left and slightly below the book, based on the depth information provided by the camera poses.","Placing the paper(red bbox) spatially, it is to the right and above the book(blue bbox). This view also shows it as farther. The the paper(red bbox) is in front of the observer. The the book(blue bbox) is  the observer.
",125,220,0.0,0.011997062272923142,0.7395356297492981,0.18000000000000002,0.4261672273292337,0.4261672273292337,sentence
174,obj_spatial_relation_oo_mv,"<|im_start|>system
You are a helpful assistant.<|im_end|>
<|im_start|>user
<|vision_start|><|image_pad|><|image_pad|><|image_pad|><|image_pad|><|image_pad|><|image_pad|><|image_pad|><|image_pad|><|ima...","The mouse is positioned to the right of the box. The box is located at coordinates (546, 419) and the mouse is at coordinates (621, 490). From the observer's view, the mouse is to the right of the box.","the mouse(red bbox) occupies a to the left and above spot relative to the box(blue bbox). It might also seem closer. The the mouse(red bbox) is in front of the observer. The the box(blue bbox) is behind the observer.
",201,217,0.0,0.02185068324154416,0.844658613204956,0.15,0.47169944325078683,0.47169944325078683,sentence
175,obj_spatial_relation_oo_mv,"<|im_start|>system
You are a helpful assistant.<|im_end|>
<|im_start|>user
<|vision_start|><|image_pad|><|image_pad|><|image_pad|><|image_pad|><|image_pad|><|image_pad|><|image_pad|><|image_pad|><|ima...",The books are to the left of the box.,"the books(red bbox), as observed, is located to the right above the box(blue bbox).  The the books(red bbox) and the box(blue bbox) are in front of the observer.
",37,162,0.0,0.00961182728950161,0.7548003196716309,0.0,0.5418893218481654,0.5418893218481654,sentence
176,obj_spatial_relation_oo_mv,"<|im_start|>system
You are a helpful assistant.<|im_end|>
<|im_start|>user
<|vision_start|><|image_pad|><|image_pad|><|image_pad|><|image_pad|><|image_pad|><|image_pad|><|image_pad|><|image_pad|><|ima...","In the first image, the box is not visible in the scene, so it cannot be related to the window. However, in the second image, the box is located at a higher elevation compared to the window, as the window is on the ground level and the box appears to be on a shelf or higher surface.","In relation to the window(blue bbox), the box(red bbox) is positioned to the right and above. It also seems closer from here. The the box(red bbox) is behind the observer. The the window(blue bbox) is in front of the observer.
",283,227,0.0,0.01395952986545593,0.6920027136802673,0.3,0.43879326281322484,0.43879326281322484,sentence
177,obj_spatial_relation_oo_mv,"<|im_start|>system
You are a helpful assistant.<|im_end|>
<|im_start|>user
<|vision_start|><|image_pad|><|image_pad|><|image_pad|><|image_pad|><|image_pad|><|image_pad|><|image_pad|><|image_pad|><|ima...","The paper and the box are not placed in the same room or in the same location as the objects in the provided images. The images show different scenes, and there is no information in the provided images that allows for a comparison of the positions of the paper and the box. Therefore, it is not possible to determine how the paper is placed compared to the box in the two images.","the paper(red bbox) is noted to be to the left above the box(blue bbox). It might be perceived as farther from this view. The the paper(red bbox) is in front of the observer. The the box(blue bbox) is  the observer.
",379,216,0.0,0.010988568788654035,0.6207466125488281,0.18000000000000002,0.36657102003214487,0.36657102003214487,sentence
178,obj_spatial_relation_oo_mv,"<|im_start|>system
You are a helpful assistant.<|im_end|>
<|im_start|>user
<|vision_start|><|image_pad|><|image_pad|><|image_pad|><|image_pad|><|image_pad|><|image_pad|><|image_pad|><|image_pad|><|ima...","The spatial relationship between the poster (red bbox: [129, 322, 161, 358]) and the picture (blue bbox: [797, 94, 829, 125]) cannot be determined as the objects are not present in the same image. The first image shows a room with desks, computers, and a chair, while the last three images are plucker ray visualizations with no identifiable objects.","To the observer, the poster(red bbox) seems to the left and above the picture(blue bbox). It is perceived as farther. The the poster(red bbox) and the picture(blue bbox) are in front of the observer.
",350,200,0.0,0.010237869503610934,0.7331465482711792,0.18000000000000002,0.4226208480363118,0.4226208480363118,sentence
179,obj_spatial_relation_oo_mv,"<|im_start|>system
You are a helpful assistant.<|im_end|>
<|im_start|>user
<|vision_start|><|image_pad|><|image_pad|><|image_pad|><|image_pad|><|image_pad|><|image_pad|><|image_pad|><|image_pad|><|ima...",It is not possible to determine the positional relationship of the paper to the cushion as there is no information about the paper or the cushion in the provided images.,"the paper(red bbox) is to the right above with the cushion(blue bbox). From here, it appears farther. The the paper(red bbox) and the cushion(blue bbox) are in front of the observer.
",169,183,0.0,0.02326049354623893,0.6288149952888489,0.18000000000000002,0.3730595963536722,0.3730595963536722,sentence
180,obj_spatial_relation_oo_mv,"<|im_start|>system
You are a helpful assistant.<|im_end|>
<|im_start|>user
<|vision_start|><|image_pad|><|image_pad|><|image_pad|><|image_pad|><|image_pad|><|image_pad|><|image_pad|><|image_pad|><|ima...",The light switch is to the right of the jacket.,"To describe the scene, the light switch(red bbox) is to the right below the jacket(blue bbox). Additionally, it seems farther to the observer. The the light switch(red bbox) and the jacket(blue bbox) are in front of the observer.
",47,230,0.0,0.021584416530299615,0.6988582015037537,0.18000000000000002,0.4077459840579368,0.4077459840579368,sentence
181,obj_spatial_relation_oo_mv,"<|im_start|>system
You are a helpful assistant.<|im_end|>
<|im_start|>user
<|vision_start|><|image_pad|><|image_pad|><|image_pad|><|image_pad|><|image_pad|><|image_pad|><|image_pad|><|image_pad|><|ima...","In the first image, the jacket is placed on the top of the white cabinet and the hairdryer is on the wooden dresser, which is to the left of the cabinet. In the second image, the jacket is hanging on the wall to the right of the hairdryer. Based on the camera poses and translation vectors, the jacket in the second image is closer to the camera and slightly higher than the hairdryer, indicating that the camera is positioned in front of the wall and the cabinet, and slightly above the hairdryer and the jacket.","the jacket(red bbox) is noted to be to the right above the hairdryer(blue bbox). It might be perceived as closer from this view. The the jacket(red bbox) and the hairdryer(blue bbox) are in front of the observer.
",513,213,0.0,0.04649288491982551,0.6773858070373535,0.9,0.6179914805026419,0.6179914805026419,sentence
182,obj_spatial_relation_oo_mv,"<|im_start|>system
You are a helpful assistant.<|im_end|>
<|im_start|>user
<|vision_start|><|image_pad|><|image_pad|><|image_pad|><|image_pad|><|image_pad|><|image_pad|><|image_pad|><|image_pad|><|ima...","In the first image, the storage basket (red bbox: [112, 438, 217, 565]) is positioned to the left of the pillow (blue bbox: [253, 291, 301, 303]). In the second image, the storage basket is no longer visible, so we cannot determine its relative position to the pillow.","In relation to the pillow(blue bbox), the storage basket(red bbox) is positioned to the left and above. It also seems farther from here. The the storage basket(red bbox) and the pillow(blue bbox) are in front of the observer.
",268,226,0.0,0.1149728188963999,0.8695993423461914,0.36000000000000004,0.5657942349523757,0.5657942349523757,sentence
183,obj_spatial_relation_oo_mv,"<|im_start|>system
You are a helpful assistant.<|im_end|>
<|im_start|>user
<|vision_start|><|image_pad|><|image_pad|><|image_pad|><|image_pad|><|image_pad|><|image_pad|><|image_pad|><|image_pad|><|ima...",It is not possible to determine the relative position of the cardboard box and the jacket based on the provided information.,"the cardboard box(red bbox) exists to the right below relative to the jacket(blue bbox). To the viewer, it seems farther. The the cardboard box(red bbox) is in front of the observer. The the jacket(blue bbox) is behind the observer.
",124,233,0.0,0.014577606963258969,0.6204447746276855,0.15,0.35813790870649453,0.35813790870649453,sentence
184,obj_spatial_relation_oo_mv,"<|im_start|>system
You are a helpful assistant.<|im_end|>
<|im_start|>user
<|vision_start|><|image_pad|><|image_pad|><|image_pad|><|image_pad|><|image_pad|><|image_pad|><|image_pad|><|image_pad|><|ima...","In the first image, the lotion bottle (red bbox: [572, 696, 583, 760]) is to the left of the book (blue bbox: [848, 652, 926, 735]). There is no lotion bottle or book present in the other images.","the lotion bottle(red bbox) is observed  above relative to the book(blue bbox).  The the lotion bottle(red bbox) and the book(blue bbox) are in front of the observer.
",195,167,0.0,0.020774927579124174,0.7638437747955322,0.3,0.4760768729135909,0.4760768729135909,sentence
185,obj_spatial_relation_oo_mv,"<|im_start|>system
You are a helpful assistant.<|im_end|>
<|im_start|>user
<|vision_start|><|image_pad|><|image_pad|><|image_pad|><|image_pad|><|image_pad|><|image_pad|><|image_pad|><|image_pad|><|ima...",The pillow is to the right of the mirror.,"the pillow(red bbox) is clearly to the right and  the mirror(blue bbox). When observed, it is farther. The the pillow(red bbox) and the mirror(blue bbox) are in front of the observer.
",41,184,0.0,0.014086420333525022,0.7412983775138855,0.225,0.44096647282364776,0.44096647282364776,sentence
186,obj_spatial_relation_oo_mv,"<|im_start|>system
You are a helpful assistant.<|im_end|>
<|im_start|>user
<|vision_start|><|image_pad|><|image_pad|><|image_pad|><|image_pad|><|image_pad|><|image_pad|><|image_pad|><|image_pad|><|ima...","In the first image, the hairdryer is located to the right of the wardrobe. In the second image, the hairdryer is no longer visible, indicating it may have been moved or is out of the frame.","the hairdryer(red bbox) is seen in a position to the left  the wardrobe(blue bbox). It seems closer in this setup. The the hairdryer(red bbox) and the wardrobe(blue bbox) are in front of the observer.
",189,201,0.0,0.020708683301631173,0.7401787042617798,0.18000000000000002,0.42823108879121613,0.42823108879121613,sentence
187,obj_spatial_relation_oo_mv,"<|im_start|>system
You are a helpful assistant.<|im_end|>
<|im_start|>user
<|vision_start|><|image_pad|><|image_pad|><|image_pad|><|image_pad|><|image_pad|><|image_pad|><|image_pad|><|image_pad|><|ima...","The storage basket (red bbox: [0, 781, 35, 890]) is located to the left of the pillow (blue bbox: [224, 56, 428, 85]) with respect to the observer's viewpoint.","From this angle, the storage basket(red bbox) is seen to the right above in relation to the pillow(blue bbox). It may also be closer. The the storage basket(red bbox) and the pillow(blue bbox) are in front of the observer.
",159,223,0.0,0.01996850824515011,0.880494236946106,0.18000000000000002,0.498240820122083,0.498240820122083,sentence
188,obj_spatial_relation_oo_mv,"<|im_start|>system
You are a helpful assistant.<|im_end|>
<|im_start|>user
<|vision_start|><|image_pad|><|image_pad|><|image_pad|><|image_pad|><|image_pad|><|image_pad|><|image_pad|><|image_pad|><|ima...",The mirror is positioned to the left of the pillow.,"the mirror(red bbox) lies visibly to the left and  the pillow(blue bbox). From this angle, it seems closer. The the mirror(red bbox) and the pillow(blue bbox) are in front of the observer.
",51,189,0.0,0.01523219995013593,0.7606831192970276,0.225,0.450887999638541,0.450887999638541,sentence
189,obj_spatial_relation_oo_mv,"<|im_start|>system
You are a helpful assistant.<|im_end|>
<|im_start|>user
<|vision_start|><|image_pad|><|image_pad|><|image_pad|><|image_pad|><|image_pad|><|image_pad|><|image_pad|><|image_pad|><|ima...","The jacket (red bbox: [349, 0, 453, 333]) is positioned to the right of the clothes iron (blue bbox: [99, 551, 143, 611]) in the first image. In the second image, the jacket is still to the right of the clothes iron, but the angle of the camera has changed, making the exact distance and position less clear.","the jacket(red bbox) can be described as being to the right above in relation to the clothes iron(blue bbox). To the observer, it is closer. The the jacket(red bbox) and the clothes iron(blue bbox) are in front of the observer.
",308,228,0.0,0.03209168697731788,0.8181606531143188,0.36000000000000004,0.523498663952623,0.523498663952623,sentence
190,obj_spatial_relation_oo_mv,"<|im_start|>system
You are a helpful assistant.<|im_end|>
<|im_start|>user
<|vision_start|><|image_pad|><|image_pad|><|image_pad|><|image_pad|><|image_pad|><|image_pad|><|image_pad|><|image_pad|><|ima...","The cable duct (red bbox: [445, 110, 675, 160]) is positioned on the floor, while the jacket (blue bbox: [841, 400, 919, 474]) is hanging on the wall. Therefore, the cable duct and the jacket are not spatially related to each other in the provided images.","the cable duct(red bbox) occupies a space to the left below the jacket(blue bbox). It is noted to be farther. The the cable duct(red bbox) is in front of the observer. The the jacket(blue bbox) is behind the observer.
",255,218,0.0,0.016051679053388793,0.7908985614776611,0.12857142857142856,0.4372310451209369,0.4372310451209369,sentence
191,obj_spatial_relation_oo_mv,"<|im_start|>system
You are a helpful assistant.<|im_end|>
<|im_start|>user
<|vision_start|><|image_pad|><|image_pad|><|image_pad|><|image_pad|><|image_pad|><|image_pad|><|image_pad|><|image_pad|><|ima...",The cabinet is to the left of the cup.,"the cabinet(red bbox) is observed to the right below relative to the cup(blue bbox). To the observer, it appears closer. The the cabinet(red bbox) and the cup(blue bbox) are in front of the observer.
",38,200,0.0,0.004934876675614765,0.6868915557861328,0.3,0.4344327532281893,0.4344327532281893,sentence
192,obj_spatial_relation_oo_mv,"<|im_start|>system
You are a helpful assistant.<|im_end|>
<|im_start|>user
<|vision_start|><|image_pad|><|image_pad|><|image_pad|><|image_pad|><|image_pad|><|image_pad|><|image_pad|><|image_pad|><|ima...","The heater (red bounding box) is positioned to the right of the whiteboard eraser (blue bounding box) in the first image. There is no whiteboard eraser in the second and third images, so the comparison is not applicable.","From a spatial perspective, the heater(red bbox) is to the left and below the whiteboard eraser(blue bbox). It looks closer in this view. The the heater(red bbox) is in front of the observer. The the whiteboard eraser(blue bbox) is behind the observer.
",220,253,0.0,0.020535540320533213,0.704008936882019,0.15,0.40111157650511614,0.40111157650511614,sentence
193,obj_spatial_relation_oo_mv,"<|im_start|>system
You are a helpful assistant.<|im_end|>
<|im_start|>user
<|vision_start|><|image_pad|><|image_pad|><|image_pad|><|image_pad|><|image_pad|><|image_pad|><|image_pad|><|image_pad|><|ima...","The table (red bbox: [202, 151, 999, 690]) is positioned behind the chair (blue bbox: [409, 442, 511, 630]) in the first image. In the second image, the table is no longer visible, and the chair is alone in the frame, indicating that the table has been removed or repositioned out of the observer's view.","To describe the scene, the table(red bbox) is to the left  the chair(blue bbox). Additionally, it seems closer to the observer. The the table(red bbox) and the chair(blue bbox) are in front of the observer.
",304,207,0.0,0.013350097003610487,0.812473714351654,0.225,0.4764068765765491,0.4764068765765491,sentence
194,obj_spatial_relation_oo_mv,"<|im_start|>system
You are a helpful assistant.<|im_end|>
<|im_start|>user
<|vision_start|><|image_pad|><|image_pad|><|image_pad|><|image_pad|><|image_pad|><|image_pad|><|image_pad|><|image_pad|><|ima...",The cup is closer to the viewer than the file cabinet.,"the file cabinet(red bbox) lies visibly to the left and  the cup(blue bbox). From this angle, it seems farther. The the file cabinet(red bbox) and the cup(blue bbox) are in front of the observer.
",54,196,0.0,0.007366283416718516,0.7359886169433594,0.36000000000000004,0.47746756515502337,0.47746756515502337,sentence
195,obj_spatial_relation_oo_mv,"<|im_start|>system
You are a helpful assistant.<|im_end|>
<|im_start|>user
<|vision_start|><|image_pad|><|image_pad|><|image_pad|><|image_pad|><|image_pad|><|image_pad|><|image_pad|><|image_pad|><|ima...","In the first image, the table is to the left of the jacket. In the second image, the table is not visible, but the jacket is not in the frame either, so there is no direct comparison.","the table(red bbox) occupies a to the left and below spot relative to the jacket(blue bbox). It might also seem closer. The the table(red bbox) and the jacket(blue bbox) are in front of the observer.
",183,200,0.0,0.03798531116845303,0.7214179039001465,0.3,0.4583060141837638,0.4583060141837638,sentence
196,obj_spatial_relation_oo_mv,"<|im_start|>system
You are a helpful assistant.<|im_end|>
<|im_start|>user
<|vision_start|><|image_pad|><|image_pad|><|image_pad|><|image_pad|><|image_pad|><|image_pad|><|image_pad|><|image_pad|><|ima...","The switch is located to the right of the documents. In the first image, the documents are on the right side of the desk, and in the second image, the documents are on the left side of the desk.","the switch(red bbox) is observed to be to the right and above the documents(blue bbox). This also places it farther from the observer's perspective. The the switch(red bbox) and the documents(blue bbox) are in front of the observer.
",194,233,0.0,0.03885662010372052,0.6830266118049622,0.36000000000000004,0.45728462992322516,0.45728462992322516,sentence
197,obj_spatial_relation_oo_mv,"<|im_start|>system
You are a helpful assistant.<|im_end|>
<|im_start|>user
<|vision_start|><|image_pad|><|image_pad|><|image_pad|><|image_pad|><|image_pad|><|image_pad|><|image_pad|><|image_pad|><|ima...",The monitor is located to the right of the keyboard.,"the monitor(red bbox) is seen to be to the right above the keyboard(blue bbox).  The the monitor(red bbox) and the keyboard(blue bbox) are in front of the observer.
",52,165,0.0,0.023616586309431208,0.7890187501907349,0.225,0.4667326923572537,0.4667326923572537,sentence
198,obj_spatial_relation_oo_mv,"<|im_start|>system
You are a helpful assistant.<|im_end|>
<|im_start|>user
<|vision_start|><|image_pad|><|image_pad|><|image_pad|><|image_pad|><|image_pad|><|image_pad|><|image_pad|><|image_pad|><|ima...","The table appears to the left of the chair in the second image (Image 2) based on the 3D center points provided, whereas in the first image (Image 1), there is no table or chair visible, so it is not possible to compare their positions.","From the observer's standpoint, the table(red bbox) sits to the left  the chair(blue bbox). It can also be considered closer. The the table(red bbox) and the chair(blue bbox) are in front of the observer.
",236,205,0.0,0.03099436555527029,0.6691383123397827,0.36000000000000004,0.4487680292809454,0.4487680292809454,sentence
199,obj_spatial_relation_oo_mv,"<|im_start|>system
You are a helpful assistant.<|im_end|>
<|im_start|>user
<|vision_start|><|image_pad|><|image_pad|><|image_pad|><|image_pad|><|image_pad|><|image_pad|><|image_pad|><|image_pad|><|ima...","The jacket (red bbox: [566, 228, 638, 299]) is to the right of the file cabinet (blue bbox: [481, 0, 755, 468]) in the main focus image.","the jacket(red bbox) is seen to be to the right  the file cabinet(blue bbox). It may also appear farther to the observer. The the jacket(red bbox) is in front of the observer. The the file cabinet(blue bbox) is behind the observer.
",136,232,0.0,0.033052413387061434,0.7980623245239258,0.36000000000000004,0.5136416449393751,0.5136416449393751,sentence
200,obj_spatial_relation_oo_mv,"<|im_start|>system
You are a helpful assistant.<|im_end|>
<|im_start|>user
<|vision_start|><|image_pad|><|image_pad|><|image_pad|><|image_pad|><|image_pad|><|image_pad|><|image_pad|><|image_pad|><|ima...",The heater is to the left of the bed.,"the heater(red bbox), as observed, is located to the left  the bed(blue bbox). It appears to be farther from this perspective. The the heater(red bbox) and the bed(blue bbox) are in front of the observer.
",37,205,0.0,0.009031936461037187,0.7098023295402527,0.225,0.4242075520623338,0.4242075520623338,sentence
201,obj_spatial_relation_oo_mv,"<|im_start|>system
You are a helpful assistant.<|im_end|>
<|im_start|>user
<|vision_start|><|image_pad|><|image_pad|><|image_pad|><|image_pad|><|image_pad|><|image_pad|><|image_pad|><|image_pad|><|ima...","In the first image, the heater is to the left of the foot rest. The heater is positioned on the left side of the room, while the foot rest is closer to the center, between the desk and the bed. The exact 3D coordinates of these objects cannot be calculated without the specific camera poses and intrinsic parameters provided.","the heater(red bbox) occupies a to the left and above spot relative to the foot rest(blue bbox). It might also seem farther. The the heater(red bbox) and the foot rest(blue bbox) are in front of the observer.
",325,209,0.0,0.03182136343323252,0.6859796047210693,0.36000000000000004,0.4573540750471812,0.4573540750471812,sentence
202,obj_spatial_relation_oo_mv,"<|im_start|>system
You are a helpful assistant.<|im_end|>
<|im_start|>user
<|vision_start|><|image_pad|><|image_pad|><|image_pad|><|image_pad|><|image_pad|><|image_pad|><|image_pad|><|image_pad|><|ima...",The bed is to the right of the cabinet in relation to the observer's perspective.,"the bed(red bbox) can be spotted to the right and below the cabinet(blue bbox). The observer may perceive it as closer. The the bed(red bbox) and the cabinet(blue bbox) are in front of the observer.
",81,199,0.0,0.02438695225183669,0.7717392444610596,0.36000000000000004,0.4987470126808971,0.4987470126808971,sentence
203,obj_spatial_relation_oo_mv,"<|im_start|>system
You are a helpful assistant.<|im_end|>
<|im_start|>user
<|vision_start|><|image_pad|><|image_pad|><|image_pad|><|image_pad|><|image_pad|><|image_pad|><|image_pad|><|image_pad|><|ima...",The candle is to the right of the power adapter.,"the candle(red bbox) is spatially to the right and above with respect to the power adapter(blue bbox). It seems closer to the observer. The the candle(red bbox) and the power adapter(blue bbox) are in front of the observer.
",48,224,0.0,0.00965284452328402,0.7361911535263062,0.18000000000000002,0.4240261456678099,0.4240261456678099,sentence
204,obj_spatial_relation_oo_mv,"<|im_start|>system
You are a helpful assistant.<|im_end|>
<|im_start|>user
<|vision_start|><|image_pad|><|image_pad|><|image_pad|><|image_pad|><|image_pad|><|image_pad|><|image_pad|><|image_pad|><|ima...","The foot rest (red bbox: [226, 400, 485, 564]) is located below the desk, while the book (blue bbox: [903, 626, 964, 643]) is on the desk. The foot rest is further from the observer's position than the book.","From this viewpoint, the foot rest(red bbox) appears , below the book(blue bbox). Additionally, it seems closer. The the foot rest(red bbox) and the book(blue bbox) are in front of the observer.
",207,195,0.0,0.019744321157303357,0.8825609087944031,0.225,0.5127293186286622,0.5127293186286622,sentence
205,obj_spatial_relation_oo_mv,"<|im_start|>system
You are a helpful assistant.<|im_end|>
<|im_start|>user
<|vision_start|><|image_pad|><|image_pad|><|image_pad|><|image_pad|><|image_pad|><|image_pad|><|image_pad|><|image_pad|><|ima...","The book is located on the windowsill (blue bbox: [0, 85, 852, 738]) in the first image, and its position relative to the windowsill can be inferred as being on the surface of the windowsill. However, in the second image, the book is no longer present, and its position cannot be determined.","the book(red bbox) is seen in a position to the right above the windowsill(blue bbox). It seems farther in this setup. The the book(red bbox) and the windowsill(blue bbox) are in front of the observer.
",291,202,0.0,0.014408030090334438,0.8017609715461731,0.18000000000000002,0.4577620917911534,0.4577620917911534,sentence
206,obj_spatial_relation_oo_mv,"<|im_start|>system
You are a helpful assistant.<|im_end|>
<|im_start|>user
<|vision_start|><|image_pad|><|image_pad|><|image_pad|><|image_pad|><|image_pad|><|image_pad|><|image_pad|><|image_pad|><|ima...","The ironing board is positioned to the right of the shirt, as indicated by the relative positions in the RGB images.","From the perspective provided, the ironing board(red bbox) is to the right and  the shirt(blue bbox). This places it farther as well. The the ironing board(red bbox) and the shirt(blue bbox) are in front of the observer.
",116,221,0.0,0.035489544588584984,0.7662972211837769,0.45,0.5252465195096054,0.5252465195096054,sentence
207,obj_spatial_relation_oo_mv,"<|im_start|>system
You are a helpful assistant.<|im_end|>
<|im_start|>user
<|vision_start|><|image_pad|><|image_pad|><|image_pad|><|image_pad|><|image_pad|><|image_pad|><|image_pad|><|image_pad|><|ima...",The bed is located to the right of the bottle.,"Relative to the bottle(blue bbox), the bed(red bbox) is to the right and below. To the observer, it might seem closer. The the bed(red bbox) and the bottle(blue bbox) are in front of the observer.
",46,197,0.0,0.01172764968698494,0.7093214988708496,0.18000000000000002,0.4110062793728218,0.4110062793728218,sentence
208,obj_spatial_relation_oo_mv,"<|im_start|>system
You are a helpful assistant.<|im_end|>
<|im_start|>user
<|vision_start|><|image_pad|><|image_pad|><|image_pad|><|image_pad|><|image_pad|><|image_pad|><|image_pad|><|image_pad|><|ima...",The bottle is located to the right of the table fan relative to the observer's perspective.,"From this viewpoint, the bottle(red bbox) appears to the right,  the table fan(blue bbox). Additionally, it seems closer. The the bottle(red bbox) and the table fan(blue bbox) are in front of the observer.
",91,206,0.0,0.016182524724835768,0.8053593635559082,0.225,0.47341618672292124,0.47341618672292124,sentence
209,obj_spatial_relation_oo_mv,"<|im_start|>system
You are a helpful assistant.<|im_end|>
<|im_start|>user
<|vision_start|><|image_pad|><|image_pad|><|image_pad|><|image_pad|><|image_pad|><|image_pad|><|image_pad|><|image_pad|><|ima...","In the first image, the mouse is located at a higher and more lateral position compared to the power adapter. The mouse is on the desk, while the power adapter is on the floor, closer to the wall. In the second image, the mouse is still on the desk but appears to be slightly closer to the edge of the desk compared to the first image. The power adapter is still on the floor, and its position seems to be relatively unchanged. The spatial positioning of the mouse relative to the power adapter indicates that the mouse is closer to the user in the first image compared to the second image.","the mouse(red bbox) is to the right below with the power adapter(blue bbox). From here, it appears closer. The the mouse(red bbox) and the power adapter(blue bbox) are in front of the observer.
",590,194,0.0,0.00803796911725231,0.6677675247192383,0.36000000000000004,0.44349135618306956,0.44349135618306956,sentence
210,obj_spatial_relation_oo_mv,"<|im_start|>system
You are a helpful assistant.<|im_end|>
<|im_start|>user
<|vision_start|><|image_pad|><|image_pad|><|image_pad|><|image_pad|><|image_pad|><|image_pad|><|image_pad|><|image_pad|><|ima...","The file (red bbox: [218, 0, 327, 178]) is located on the wall in the first image, while the file (blue bbox: [604, 444, 670, 458]) is not visible in the second image, indicating they are not spatially related.","the file(red bbox) stands to the left and below relative to the file(blue bbox). It also appears farther in this configuration. The the file(red bbox) and the file(blue bbox) are in front of the observer.
",210,205,0.0,0.00797874140552923,0.652029275894165,0.18000000000000002,0.3816103862281884,0.3816103862281884,sentence
211,obj_spatial_relation_oo_mv,"<|im_start|>system
You are a helpful assistant.<|im_end|>
<|im_start|>user
<|vision_start|><|image_pad|><|image_pad|><|image_pad|><|image_pad|><|image_pad|><|image_pad|><|image_pad|><|image_pad|><|ima...","The office chair (red bbox: [534, 609, 671, 928]) is behind the curtain rod (blue bbox: [0, 385, 856, 433]) according to the observer's perspective.","Looking closer, the office chair(red bbox) is to the left below in relation to the curtain rod(blue bbox). It might also be farther. The the office chair(red bbox) is in front of the observer. The the curtain rod(blue bbox) is behind the observer.
",148,248,0.0,0.029325642036750497,0.9014614820480347,0.2571428571428571,0.5337387265742246,0.5337387265742246,sentence
212,obj_spatial_relation_oo_mv,"<|im_start|>system
You are a helpful assistant.<|im_end|>
<|im_start|>user
<|vision_start|><|image_pad|><|image_pad|><|image_pad|><|image_pad|><|image_pad|><|image_pad|><|image_pad|><|image_pad|><|ima...","There is no window in the second image, so the spatial relationship between the blanket and the window cannot be calculated.","the blanket(red bbox) stands to the right and below relative to the window(blue bbox).  The the blanket(red bbox) is behind the observer. The the window(blue bbox) is in front of the observer.
",124,193,0.0,0.008799704229241914,0.6131280660629272,0.18000000000000002,0.362323973877312,0.362323973877312,sentence
213,obj_spatial_relation_oo_mv,"<|im_start|>system
You are a helpful assistant.<|im_end|>
<|im_start|>user
<|vision_start|><|image_pad|><|image_pad|><|image_pad|><|image_pad|><|image_pad|><|image_pad|><|image_pad|><|image_pad|><|ima...","The cabinet is located to the right of the coat hook. The cabinet's position in the first image suggests it is positioned on the right side of the wall, while the coat hook is to the left of it, based on the observer's perspective in the first image. The 3D center points of the cabinet and the coat hook, calculated from the camera poses and intrinsic parameters, confirm this spatial relationship.","From this viewpoint, the cabinet(red bbox) appears to the right,  the coak hook(blue bbox). Additionally, it seems farther. The the cabinet(red bbox) is in front of the observer. The the coak hook(blue bbox) is  the observer.
",399,226,0.0,0.010988568788654035,0.6315637826919556,0.45,0.4529796051037086,0.4529796051037086,sentence
214,obj_spatial_relation_oo_mv,"<|im_start|>system
You are a helpful assistant.<|im_end|>
<|im_start|>user
<|vision_start|><|image_pad|><|image_pad|><|image_pad|><|image_pad|><|image_pad|><|image_pad|><|image_pad|><|image_pad|><|ima...","In the first image, the pillow (red bbox: [692, 326, 833, 490]) is located on the bed, which is in the corner of the room, while the trolley (blue bbox: [888, 848, 999, 999]) is not visible in the first image, suggesting it is located outside the room or further away from the camera's perspective. In the second image, the pillow is still on the bed, but the trolley is now visible, indicating a change in the trolley's location from the first image to the second.","the pillow(red bbox) is clearly to the right and  the trolley(blue bbox). When observed, it is farther. The the pillow(red bbox) and the trolley(blue bbox) are in front of the observer.
",465,186,0.0,0.009352925239143266,0.8333618640899658,0.45,0.5535515170928116,0.5535515170928116,sentence
215,obj_spatial_relation_oo_mv,"<|im_start|>system
You are a helpful assistant.<|im_end|>
<|im_start|>user
<|vision_start|><|image_pad|><|image_pad|><|image_pad|><|image_pad|><|image_pad|><|image_pad|><|image_pad|><|image_pad|><|ima...","The file (red bbox: [133, 718, 373, 774]) is to the left of the clothes hanging rack (blue bbox: [206, 715, 419, 999]).","From this position, the file(red bbox) looks to the right above the clothes hanging rack(blue bbox).  The the file(red bbox) and the clothes hanging rack(blue bbox) are in front of the observer.
",119,195,0.0,0.04073786240837761,0.812940239906311,0.225,0.48211769243483105,0.48211769243483105,sentence
216,obj_spatial_relation_oo_mv,"<|im_start|>system
You are a helpful assistant.<|im_end|>
<|im_start|>user
<|vision_start|><|image_pad|><|image_pad|><|image_pad|><|image_pad|><|image_pad|><|image_pad|><|image_pad|><|image_pad|><|ima...","The file is not present in the first image, so we cannot determine its position relative to the picture.","the file(red bbox) is noted to be to the right above the picture(blue bbox). It might be perceived as closer from this view. The the file(red bbox) is behind the observer. The the picture(blue bbox) is in front of the observer.
",104,228,0.0,0.00890270053944464,0.5898851156234741,0.15,0.34172309791962596,0.34172309791962596,sentence
217,obj_spatial_relation_oo_mv,"<|im_start|>system
You are a helpful assistant.<|im_end|>
<|im_start|>user
<|vision_start|><|image_pad|><|image_pad|><|image_pad|><|image_pad|><|image_pad|><|image_pad|><|image_pad|><|image_pad|><|ima...",The vase is located to the right of the curtain.,"the vase(red bbox) lies spatially to the left  the curtain(blue bbox). It is also observed to be farther. The the vase(red bbox) and the curtain(blue bbox) are in front of the observer.
",48,186,0.0,0.007739979621103155,0.7451077699661255,0.225,0.44160188090728336,0.44160188090728336,sentence
218,obj_spatial_relation_oo_mv,"<|im_start|>system
You are a helpful assistant.<|im_end|>
<|im_start|>user
<|vision_start|><|image_pad|><|image_pad|><|image_pad|><|image_pad|><|image_pad|><|image_pad|><|image_pad|><|image_pad|><|ima...","The book and the vase are not visible in the same image, so it is not possible to compare their positions based on the provided information.","To describe it, the book(red bbox) is to the right and above the vase(blue bbox).  The the book(red bbox) and the vase(blue bbox) are in front of the observer.
",140,160,0.0,0.019940526315452702,0.6046563386917114,0.225,0.37381627460894623,0.37381627460894623,sentence
219,obj_spatial_relation_oo_mv,"<|im_start|>system
You are a helpful assistant.<|im_end|>
<|im_start|>user
<|vision_start|><|image_pad|><|image_pad|><|image_pad|><|image_pad|><|image_pad|><|image_pad|><|image_pad|><|image_pad|><|ima...",The book is to the left of the file relative to the observer.,"To the observer, the book(red bbox) seems to the right and below the file(blue bbox). It is perceived as farther. The the book(red bbox) is  the observer. The the file(blue bbox) is behind the observer.
",61,203,0.0,0.01125806098995336,0.7797240018844604,0.0,0.5601623044860298,0.5601623044860298,sentence
220,obj_spatial_relation_oo_mv,"<|im_start|>system
You are a helpful assistant.<|im_end|>
<|im_start|>user
<|vision_start|><|image_pad|><|image_pad|><|image_pad|><|image_pad|><|image_pad|><|image_pad|><|image_pad|><|image_pad|><|ima...","In the first image, the chair (red bbox: [58, 486, 356, 924]) is positioned to the left of the monitor (blue bbox: [916, 299, 999, 583]). However, the second image is a plucker ray visualization and does not contain a chair or a monitor, so the relative positioning cannot be determined from the second image.","Relative to its surroundings, the chair(red bbox) is to the right below the monitor(blue bbox). It is also farther from here. The the chair(red bbox) and the monitor(blue bbox) are in front of the observer.
",309,207,0.0,0.013836345500899624,0.8054813742637634,0.18000000000000002,0.45950795623206164,0.45950795623206164,sentence
221,obj_spatial_relation_oo_mv,"<|im_start|>system
You are a helpful assistant.<|im_end|>
<|im_start|>user
<|vision_start|><|image_pad|><|image_pad|><|image_pad|><|image_pad|><|image_pad|><|image_pad|><|image_pad|><|image_pad|><|ima...",The jug is positioned to the left and below the monitor.,"the jug(red bbox) lies spatially to the right below the monitor(blue bbox). It is also observed to be closer. The the jug(red bbox) and the monitor(blue bbox) are in front of the observer.
",56,189,0.0,0.008775295497263896,0.7899426221847534,0.18000000000000002,0.4507263701918295,0.4507263701918295,sentence
222,obj_spatial_relation_oo_mv,"<|im_start|>system
You are a helpful assistant.<|im_end|>
<|im_start|>user
<|vision_start|><|image_pad|><|image_pad|><|image_pad|><|image_pad|><|image_pad|><|image_pad|><|image_pad|><|image_pad|><|ima...","The electrical duct (red bbox: [3, 24, 746, 103]) is positioned horizontally along the wall in the first image, while the monitor (blue bbox: [440, 95, 525, 153]) is placed on a desk in the second image. Since the first image is aligned with the observer's view and the camera intrinsic parameters and poses are not aligned with the observers' perspective, we cannot calculate the spatial orientation of the electrical duct and the monitor relative to the observer's view.","the electrical duct(red bbox) can be described as being to the right below in relation to the monitor(blue bbox). To the observer, it is farther. The the electrical duct(red bbox) is in front of the observer. The the monitor(blue bbox) is behind the observer.
",472,260,0.0,0.012048885996412424,0.6806313991546631,0.15,0.387725476776614,0.387725476776614,sentence
223,obj_spatial_relation_oo_mv,"<|im_start|>system
You are a helpful assistant.<|im_end|>
<|im_start|>user
<|vision_start|><|image_pad|><|image_pad|><|image_pad|><|image_pad|><|image_pad|><|image_pad|><|image_pad|><|image_pad|><|ima...","The joined tables (red bbox: [0, 436, 479, 999]) is located to the left of the chair (blue bbox: [129, 298, 212, 415]) as seen from the observer's perspective.","From this angle, the joined tables(red bbox) is seen to the right  in relation to the chair(blue bbox). It may also be farther. The the joined tables(red bbox) and the chair(blue bbox) are in front of the observer.
",159,215,0.0,0.01974813021619298,0.8490358591079712,0.225,0.4959675555972242,0.4959675555972242,sentence
224,obj_spatial_relation_oo_mv,"<|im_start|>system
You are a helpful assistant.<|im_end|>
<|im_start|>user
<|vision_start|><|image_pad|><|image_pad|><|image_pad|><|image_pad|><|image_pad|><|image_pad|><|image_pad|><|image_pad|><|ima...",The keyboard is located to the right of the chair from the observer's perspective.,"the keyboard(red bbox) can be described as being to the right above in relation to the chair(blue bbox). To the observer, it is farther. The the keyboard(red bbox) is in front of the observer. The the chair(blue bbox) is behind the observer.
",82,242,0.0,0.013530147054609485,0.8031135201454163,0.15,0.44926278948363,0.44926278948363,sentence
225,obj_spatial_relation_oo_mv,"<|im_start|>system
You are a helpful assistant.<|im_end|>
<|im_start|>user
<|vision_start|><|image_pad|><|image_pad|><|image_pad|><|image_pad|><|image_pad|><|image_pad|><|image_pad|><|image_pad|><|ima...","The monitor (red bbox: [0, 222, 210, 544]) is located to the left of the chair (blue bbox: [356, 397, 476, 597]) in the first image. The exact spatial relationship between the two objects can be determined by calculating the 3D center points of the monitor and the chair and comparing their x-coordinates.","The observer notes the monitor(red bbox) is to the right above the chair(blue bbox). Additionally, it appears closer. The the monitor(red bbox) and the chair(blue bbox) are in front of the observer.
",305,199,0.0,0.015348336187214973,0.833516001701355,0.18000000000000002,0.4738276680881205,0.4738276680881205,sentence
226,obj_spatial_relation_oo_mv,"<|im_start|>system
You are a helpful assistant.<|im_end|>
<|im_start|>user
<|vision_start|><|image_pad|><|image_pad|><|image_pad|><|image_pad|><|image_pad|><|image_pad|><|image_pad|><|image_pad|><|ima...","The electrical duct (red bbox: [184, 151, 874, 203]) is positioned behind the chair (blue bbox: [901, 117, 999, 212]) in the first image, and it is not visible in the second image.","To describe the scene, the electrical duct(red bbox) is to the right above the chair(blue bbox). Additionally, it seems closer to the observer. The the electrical duct(red bbox) and the chair(blue bbox) are in front of the observer.
",180,233,0.0,0.014952772179306888,0.8272611498832703,0.18000000000000002,0.4706211293774965,0.4706211293774965,sentence
227,obj_spatial_relation_oo_mv,"<|im_start|>system
You are a helpful assistant.<|im_end|>
<|im_start|>user
<|vision_start|><|image_pad|><|image_pad|><|image_pad|><|image_pad|><|image_pad|><|image_pad|><|image_pad|><|image_pad|><|ima...","In the first image, the monitor is positioned in front of the electrical duct. The monitor is located at a higher elevation than the electrical duct. The distance between the two objects is not significant.","From this observation point, the monitor(red bbox) appears to the left above the electrical duct(blue bbox). It seems farther as well. The the monitor(red bbox) is in front of the observer. The the electrical duct(blue bbox) is behind the observer.
",206,249,0.0,0.08906092883748387,0.7464885115623474,0.45,0.5260564415486705,0.5260564415486705,sentence
228,obj_spatial_relation_oo_mv,"<|im_start|>system
You are a helpful assistant.<|im_end|>
<|im_start|>user
<|vision_start|><|image_pad|><|image_pad|><|image_pad|><|image_pad|><|image_pad|><|image_pad|><|image_pad|><|image_pad|><|ima...",The keyboard is positioned to the left of the chair.,"To describe the scene, the keyboard(red bbox) is to the left  the chair(blue bbox). Additionally, it seems farther to the observer. The the keyboard(red bbox) and the chair(blue bbox) are in front of the observer.
",52,214,0.0,0.01172764968698494,0.7298064231872559,0.225,0.43474874153102494,0.43474874153102494,sentence
229,obj_spatial_relation_oo_mv,"<|im_start|>system
You are a helpful assistant.<|im_end|>
<|im_start|>user
<|vision_start|><|image_pad|><|image_pad|><|image_pad|><|image_pad|><|image_pad|><|image_pad|><|image_pad|><|image_pad|><|ima...","In the first image, the mouse is to the left of the chair (relative to the observer's viewpoint), and in the second image, the mouse is also to the left of the chair. Since the camera poses are not available for the second image, it's not possible to determine the exact position of the mouse and the chair based on the provided information. However, based on the viewpoint and the relative positions of the objects in the two images, the mouse is located to the left of the chair in both images.","the mouse(red bbox) is seen to be to the left above the chair(blue bbox). It may also appear closer to the observer. The the mouse(red bbox) and the chair(blue bbox) are in front of the observer.
",496,196,0.0,0.019140143672734918,0.6970982551574707,0.36000000000000004,0.4603771563132823,0.4603771563132823,sentence
230,obj_spatial_relation_oo_mv,"<|im_start|>system
You are a helpful assistant.<|im_end|>
<|im_start|>user
<|vision_start|><|image_pad|><|image_pad|><|image_pad|><|image_pad|><|image_pad|><|image_pad|><|image_pad|><|image_pad|><|ima...","The windowsill (red bbox: [639, 519, 734, 536]) is positioned below the windowsill (blue bbox: [390, 0, 445, 28]) in the two images. The red bounding box indicates the windowsill in the second image, while the blue bounding box indicates the windowsill in the first image.","When observing the windowsill(blue bbox), the windowsill(red bbox) appears to the left above.  The the windowsill(red bbox) and the windowsill(blue bbox) are in front of the observer.
",272,184,0.0,0.006722791268893393,0.8126164674758911,0.225,0.4751527919917242,0.4751527919917242,sentence
231,obj_spatial_relation_oo_mv,"<|im_start|>system
You are a helpful assistant.<|im_end|>
<|im_start|>user
<|vision_start|><|image_pad|><|image_pad|><|image_pad|><|image_pad|><|image_pad|><|image_pad|><|image_pad|><|image_pad|><|ima...","The window frame (red bbox: [707, 0, 727, 244]) is located to the right of the windowsill (blue bbox: [109, 106, 271, 174]) in the observer's perspective.","Placing the window frame(red bbox) spatially, it is to the right and above the windowsill(blue bbox). This view also shows it as closer. The the window frame(red bbox) and the windowsill(blue bbox) are in front of the observer.
",154,228,0.0,0.036936702227980005,0.8794741630554199,0.36000000000000004,0.5551244219733059,0.5551244219733059,sentence
232,obj_spatial_relation_oo_mv,"<|im_start|>system
You are a helpful assistant.<|im_end|>
<|im_start|>user
<|vision_start|><|image_pad|><|image_pad|><|image_pad|><|image_pad|><|image_pad|><|image_pad|><|image_pad|><|image_pad|><|ima...","The keyboard in the first image (red bbox: [57, 251, 125, 259]) is not present in the second image. Therefore, it's not possible to determine the placement of the keyboard in the second image concerning the keyboard in the first image.","Looking at the setup, the keyboard(red bbox) is positioned to the left and above the keyboard(blue bbox). To the observer, it seems farther. The the keyboard(red bbox) and the keyboard(blue bbox) are in front of the observer.
",235,226,0.0,0.014906383786801687,0.6587314605712891,0.18000000000000002,0.38634700704300484,0.38634700704300484,sentence
233,obj_spatial_relation_oo_mv,"<|im_start|>system
You are a helpful assistant.<|im_end|>
<|im_start|>user
<|vision_start|><|image_pad|><|image_pad|><|image_pad|><|image_pad|><|image_pad|><|image_pad|><|image_pad|><|image_pad|><|ima...","The electrical duct (red bounding box) is positioned in front of the power sockets (blue bounding box) based on the observer's viewpoint. In the main image, the electrical duct is on the desk surface, while the power sockets are on the wall. The red bounding box is closer to the observer than the blue bounding box, as indicated by the camera poses.","the electrical duct(red bbox) is to the right above with the power sockets(blue bbox). From here, it appears farther. The the electrical duct(red bbox) and the power sockets(blue bbox) are behind the observer.
",350,210,0.0,0.015121445668259733,0.8372593522071838,0.18000000000000002,0.47565396523724385,0.47565396523724385,sentence
234,obj_spatial_relation_oo_mv,"<|im_start|>system
You are a helpful assistant.<|im_end|>
<|im_start|>user
<|vision_start|><|image_pad|><|image_pad|><|image_pad|><|image_pad|><|image_pad|><|image_pad|><|image_pad|><|image_pad|><|ima...","The power sockets (red bbox: [735, 246, 748, 267]) are located to the left of the power sockets (blue bbox: [789, 615, 817, 632]) in the observer's viewpoint. The distance between them appears to be less than the camera's field of view, indicating they are relatively close to each other.","In reference to the power sockets(blue bbox), the power sockets(red bbox) is to the right and above. It also appears closer when observed. The the power sockets(red bbox) and the power sockets(blue bbox) are in front of the observer.
",288,234,0.0,0.017841062385396643,0.868026614189148,0.36000000000000004,0.5455815195716532,0.5455815195716532,sentence
235,obj_spatial_relation_oo_mv,"<|im_start|>system
You are a helpful assistant.<|im_end|>
<|im_start|>user
<|vision_start|><|image_pad|><|image_pad|><|image_pad|><|image_pad|><|image_pad|><|image_pad|><|image_pad|><|image_pad|><|ima...",The cable socket is to the right of the electrical duct.,"the cable socket(red bbox) exists to the left  relative to the electrical duct(blue bbox). To the viewer, it seems farther. The the cable socket(red bbox) and the electrical duct(blue bbox) are in front of the observer.
",56,220,0.0,0.007944659692039077,0.7846768498420715,0.0,0.5627533669420623,0.5627533669420623,sentence
236,obj_spatial_relation_oo_mv,"<|im_start|>system
You are a helpful assistant.<|im_end|>
<|im_start|>user
<|vision_start|><|image_pad|><|image_pad|><|image_pad|><|image_pad|><|image_pad|><|image_pad|><|image_pad|><|image_pad|><|ima...","The window frame (red bbox: [289, 336, 381, 593]) is positioned behind the monitor (blue bbox: [310, 35, 557, 296]) as seen by the observer. The window frame is likely a part of the window that is situated behind the monitor in the main view.","the window frame(red bbox) is noted to be to the right  the monitor(blue bbox). It might be perceived as farther from this view. The the window frame(red bbox) and the monitor(blue bbox) are in front of the observer.
",242,217,0.0,0.02023914111773294,0.8821431398391724,0.225,0.5126193981431327,0.5126193981431327,sentence
237,obj_spatial_relation_oo_mv,"<|im_start|>system
You are a helpful assistant.<|im_end|>
<|im_start|>user
<|vision_start|><|image_pad|><|image_pad|><|image_pad|><|image_pad|><|image_pad|><|image_pad|><|image_pad|><|image_pad|><|ima...","The office chair (red bbox: [454, 674, 660, 999]) is located to the right of the window frame (blue bbox: [542, 24, 650, 304]) in the two images.","the office chair(red bbox), as observed, is located to the left below the window frame(blue bbox). It appears to be closer from this perspective. The the office chair(red bbox) and the window frame(blue bbox) are in front of the observer.
",145,239,0.0,0.08339854776221368,0.9137513041496277,0.18000000000000002,0.5275553616272566,0.5275553616272566,sentence
238,obj_spatial_relation_oo_mv,"<|im_start|>system
You are a helpful assistant.<|im_end|>
<|im_start|>user
<|vision_start|><|image_pad|><|image_pad|><|image_pad|><|image_pad|><|image_pad|><|image_pad|><|image_pad|><|image_pad|><|ima...","The electrical, duct (red bbox: [434, 134, 999, 528]) is located to the right of the light switch (blue bbox: [549, 538, 555, 549]) in the two images.","Looking closer, the electrical, duct(red bbox) is to the right  in relation to the light switch(blue bbox). It might also be closer. The the electrical, duct(red bbox) and the light switch(blue bbox) are in front of the observer.
",150,230,0.0,0.0404693950283587,0.8113963007926941,0.45,0.5487920294020188,0.5487920294020188,sentence
239,obj_spatial_relation_oo_mv,"<|im_start|>system
You are a helpful assistant.<|im_end|>
<|im_start|>user
<|vision_start|><|image_pad|><|image_pad|><|image_pad|><|image_pad|><|image_pad|><|image_pad|><|image_pad|><|image_pad|><|ima...","The electrical duct (red bbox: [220, 15, 338, 318]) is located to the left of the monitor (blue bbox: [754, 565, 845, 735]) in the scene.","Looking at the setup, the electrical duct(red bbox) is positioned to the right and  the monitor(blue bbox). To the observer, it seems farther. The the electrical duct(red bbox) and the monitor(blue bbox) are in front of the observer.
",137,234,0.0,0.018564541404252947,0.7862513065338135,0.18000000000000002,0.4508385615477573,0.4508385615477573,sentence
240,obj_spatial_relation_oo_mv,"<|im_start|>system
You are a helpful assistant.<|im_end|>
<|im_start|>user
<|vision_start|><|image_pad|><|image_pad|><|image_pad|><|image_pad|><|image_pad|><|image_pad|><|image_pad|><|image_pad|><|ima...","The chair (red bbox: [236, 697, 463, 999]) is positioned to the right of the chair (blue bbox: [0, 653, 314, 999]) in the room, as indicated by their spatial relationship in the images.","the chair(red bbox) occupies a to the left and  spot relative to the chair(blue bbox). It might also seem closer. The the chair(red bbox) and the chair(blue bbox) are in front of the observer.
",185,193,0.0,0.019471699714049804,0.8426042199134827,0.18000000000000002,0.4791964498995513,0.4791964498995513,sentence
241,obj_spatial_relation_oo_mv,"<|im_start|>system
You are a helpful assistant.<|im_end|>
<|im_start|>user
<|vision_start|><|image_pad|><|image_pad|><|image_pad|><|image_pad|><|image_pad|><|image_pad|><|image_pad|><|image_pad|><|ima...","The chair (red bbox: [821, 418, 994, 527]) is located to the right of the chair (blue bbox: [22, 542, 240, 801]) in the first image.","The arrangement shows the chair(red bbox) as to the right  the chair(blue bbox). It also seems closer from this view. The the chair(red bbox) and the chair(blue bbox) are in front of the observer.
",132,197,0.0,0.03738614021819326,0.7657327055931091,0.45,0.5253435808401933,0.5253435808401933,sentence
242,obj_spatial_relation_oo_mv,"<|im_start|>system
You are a helpful assistant.<|im_end|>
<|im_start|>user
<|vision_start|><|image_pad|><|image_pad|><|image_pad|><|image_pad|><|image_pad|><|image_pad|><|image_pad|><|image_pad|><|ima...","The curtain blinds are not present in the first image, which is the main perspective, representing the observer's viewpoint. Therefore, there is no position for the curtain blinds in relation to the chair in the first image.","the curtain blinds(red bbox) is seen to be to the right  the chair(blue bbox). It may also appear farther to the observer. The the curtain blinds(red bbox) and the chair(blue bbox) are in front of the observer.
",224,211,0.0,0.022271699342591638,0.7031005024909973,0.225,0.423504591114017,0.423504591114017,sentence
243,obj_spatial_relation_oo_mv,"<|im_start|>system
You are a helpful assistant.<|im_end|>
<|im_start|>user
<|vision_start|><|image_pad|><|image_pad|><|image_pad|><|image_pad|><|image_pad|><|image_pad|><|image_pad|><|image_pad|><|ima...","The cabinet (red bbox: [0, 588, 87, 999]) is located to the left of the SPLIT (blue bbox: [0, 397, 489, 999]) in the two images.","the cabinet(red bbox), as observed, is located to the left  the SPLIT(blue bbox). It appears to be closer from this perspective. The the cabinet(red bbox) is in front of the observer. The the SPLIT(blue bbox) is behind the observer.
",128,233,0.0,0.10313829889833388,0.8304730653762817,0.36000000000000004,0.5438641924678076,0.5438641924678076,sentence
244,obj_spatial_relation_oo_mv,"<|im_start|>system
You are a helpful assistant.<|im_end|>
<|im_start|>user
<|vision_start|><|image_pad|><|image_pad|><|image_pad|><|image_pad|><|image_pad|><|image_pad|><|image_pad|><|image_pad|><|ima...","In the first image, the chair is positioned in front of the power strip, as the chair is on the floor and the power strip is on a table, which is a lower surface in the scene. In the second image, the chair is not visible, so we cannot determine its position relative to the power strip in that image.","From this observation point, the chair(red bbox) appears to the left above the power strip(blue bbox). It seems farther as well. The the chair(red bbox) is in front of the observer. The the power strip(blue bbox) is  the observer.
",301,231,0.0,0.06554459887409976,0.7484029531478882,0.36000000000000004,0.495310396348764,0.495310396348764,sentence
245,obj_spatial_relation_oo_mv,"<|im_start|>system
You are a helpful assistant.<|im_end|>
<|im_start|>user
<|vision_start|><|image_pad|><|image_pad|><|image_pad|><|image_pad|><|image_pad|><|image_pad|><|image_pad|><|image_pad|><|ima...","The window (red bbox: [441, 0, 681, 746]) is positioned to the left of the curtain blinds (blue bbox: [618, 0, 999, 981]) from the observer's perspective.","When observing the curtain blinds(blue bbox), the window(red bbox) appears to the left . Additionally, it is perceived as farther. The the window(red bbox) and the curtain blinds(blue bbox) are in front of the observer.
",154,220,0.0,0.04020440952318067,0.8680024743080139,0.45,0.5770421190586431,0.5770421190586431,sentence
246,obj_spatial_relation_oo_mv,"<|im_start|>system
You are a helpful assistant.<|im_end|>
<|im_start|>user
<|vision_start|><|image_pad|><|image_pad|><|image_pad|><|image_pad|><|image_pad|><|image_pad|><|image_pad|><|image_pad|><|ima...","The whiteboard marker is not present in the first image, so there is no comparison possible.","Observing the whiteboard marker(red bbox) reveals it is to the left above the chair(blue bbox). It is perceived as farther. The the whiteboard marker(red bbox) and the chair(blue bbox) are in front of the observer.
",92,215,0.0,0.010441008706539053,0.5226437449455261,0.18000000000000002,0.31741007421407086,0.31741007421407086,sentence
247,obj_spatial_relation_oo_mv,"<|im_start|>system
You are a helpful assistant.<|im_end|>
<|im_start|>user
<|vision_start|><|image_pad|><|image_pad|><|image_pad|><|image_pad|><|image_pad|><|image_pad|><|image_pad|><|image_pad|><|ima...","The curtain blinds (red bbox: [544, 0, 599, 211]) are placed lower than the tv (blue bbox: [69, 62, 360, 316]) in the first image, as the y-coordinate of the tv is higher than the y-coordinate of the curtain blinds.","From this angle, the curtain blinds(red bbox) is seen to the right  in relation to the tv(blue bbox). It may also be farther. The the curtain blinds(red bbox) is in front of the observer. The the tv(blue bbox) is behind the observer.
",215,234,0.0,0.019146236596652603,0.843483567237854,0.18000000000000002,0.47957103093825754,0.47957103093825754,sentence
248,obj_spatial_relation_oo_mv,"<|im_start|>system
You are a helpful assistant.<|im_end|>
<|im_start|>user
<|vision_start|><|image_pad|><|image_pad|><|image_pad|><|image_pad|><|image_pad|><|image_pad|><|image_pad|><|image_pad|><|ima...","The chair (red bbox: [861, 403, 999, 664]) is to the right of the whiteboard (blue bbox: [749, 0, 899, 183]) in the first image.","To describe it, the chair(red bbox) is to the right and  the whiteboard(blue bbox). It seems closer from this viewpoint. The the chair(red bbox) and the whiteboard(blue bbox) are in front of the observer.
",128,205,0.0,0.08657882127296133,0.7846302390098572,0.45,0.5446308837595208,0.5446308837595208,sentence
249,obj_spatial_relation_oo_mv,"<|im_start|>system
You are a helpful assistant.<|im_end|>
<|im_start|>user
<|vision_start|><|image_pad|><|image_pad|><|image_pad|><|image_pad|><|image_pad|><|image_pad|><|image_pad|><|image_pad|><|ima...","In the first image, the chair (red bbox: [0, 435, 166, 642]) is positioned in front of the cabinet (blue bbox: [375, 0, 630, 426]). The chair is likely oriented towards the cabinet, possibly facing it as part of a meeting or presentation setup. In the second image, the red bounding box, which likely represents the same chair, is not visible, indicating that it is out of the frame or the perspective has changed. Therefore, the chair's orientation relative to the cabinet cannot be accurately determined from the second image.","In this arrangement, the chair(red bbox) is positioned to the left  the cabinet(blue bbox). From the observer's perspective, it looks closer. The the chair(red bbox) and the cabinet(blue bbox) are in front of the observer.
",528,223,0.0,0.042706986885509286,0.8229646682739258,0.45,0.5550237315140648,0.5550237315140648,sentence
250,obj_spatial_relation_oo_mv,"<|im_start|>system
You are a helpful assistant.<|im_end|>
<|im_start|>user
<|vision_start|><|image_pad|><|image_pad|><|image_pad|><|image_pad|><|image_pad|><|image_pad|><|image_pad|><|image_pad|><|ima...","The bottle is to the right of the trash can, as indicated by the increasing x-coordinate values in the translation vector.","When observing the trash can(blue bbox), the bottle(red bbox) appears to the right above. Additionally, it is perceived as farther. The the bottle(red bbox) and the trash can(blue bbox) are in front of the observer.
",122,216,0.0,0.03903568507559658,0.6488686800003052,0.36000000000000004,0.4402414770152719,0.4402414770152719,sentence
251,obj_spatial_relation_oo_mv,"<|im_start|>system
You are a helpful assistant.<|im_end|>
<|im_start|>user
<|vision_start|><|image_pad|><|image_pad|><|image_pad|><|image_pad|><|image_pad|><|image_pad|><|image_pad|><|image_pad|><|ima...","The bed (red bbox: [471, 669, 565, 996]) cannot be seen in the first image. In the second image, the bed is positioned to the right of the jar (blue bbox: [521, 680, 532, 701])","To describe the scene, the bed(red bbox) is to the right  the jar(blue bbox). Additionally, it seems closer to the observer. The the bed(red bbox) and the jar(blue bbox) are in front of the observer.
",176,200,0.0,0.04025555003822964,0.7528578042984009,0.45,0.5194800121568464,0.5194800121568464,sentence
252,obj_spatial_relation_oo_mv,"<|im_start|>system
You are a helpful assistant.<|im_end|>
<|im_start|>user
<|vision_start|><|image_pad|><|image_pad|><|image_pad|><|image_pad|><|image_pad|><|image_pad|><|image_pad|><|image_pad|><|ima...",The jar is to the right of the bottle.,"the jar(red bbox) is noted to be to the left below the bottle(blue bbox). It might be perceived as closer from this view. The the jar(red bbox) and the bottle(blue bbox) are in front of the observer.
",38,200,0.0,0.003535993651898273,0.718679666519165,0.0,0.5143529028428031,0.5143529028428031,sentence
253,obj_spatial_relation_oo_mv,"<|im_start|>system
You are a helpful assistant.<|im_end|>
<|im_start|>user
<|vision_start|><|image_pad|><|image_pad|><|image_pad|><|image_pad|><|image_pad|><|image_pad|><|image_pad|><|image_pad|><|ima...","The box is not found in the image provided, so there is no spatial relationship between the box and the cloth in the given images.","In reference to the cloth(blue bbox), the box(red bbox) is to the right and below. It also appears farther when observed. The the box(red bbox) and the cloth(blue bbox) are in front of the observer.
",130,199,0.0,0.01564110360634531,0.6842311024665833,0.18000000000000002,0.3992437719545607,0.3992437719545607,sentence
254,obj_spatial_relation_oo_mv,"<|im_start|>system
You are a helpful assistant.<|im_end|>
<|im_start|>user
<|vision_start|><|image_pad|><|image_pad|><|image_pad|><|image_pad|><|image_pad|><|image_pad|><|image_pad|><|image_pad|><|ima...","In the first image, the jar (red bbox: [521, 680, 532, 701]) is positioned at a lower elevation and to the right of the light switch (blue bbox: [758, 135, 780, 198]) from the observer's viewpoint. The relative position can be inferred by comparing the normalized bounding box coordinates and the camera poses for the images. The jar is at coordinates [521, 680, 532, 701] and the light switch is at [758, 135, 780, 198].","From this viewpoint, the jar(red bbox) appears to the left, below the light switch(blue bbox). Additionally, it seems farther. The the jar(red bbox) and the light switch(blue bbox) are in front of the observer.
",421,211,0.0,0.02213285430026469,0.8809733986854553,0.36000000000000004,0.5529132702027806,0.5529132702027806,sentence
255,obj_spatial_relation_oo_mv,"<|im_start|>system
You are a helpful assistant.<|im_end|>
<|im_start|>user
<|vision_start|><|image_pad|><|image_pad|><|image_pad|><|image_pad|><|image_pad|><|image_pad|><|image_pad|><|image_pad|><|ima...","The light switch (red bbox: [229, 547, 242, 578]) is located to the left of the glasses case (blue bbox: [167, 672, 211, 698]) in the two images.","The observer notes the light switch(red bbox) is to the right above the glasses case(blue bbox). Additionally, it appears farther. The the light switch(red bbox) and the glasses case(blue bbox) are behind the observer.
",145,219,0.0,0.02133688021647375,0.8294737339019775,0.18000000000000002,0.4730042429942835,0.4730042429942835,sentence
256,obj_spatial_relation_oo_mv,"<|im_start|>system
You are a helpful assistant.<|im_end|>
<|im_start|>user
<|vision_start|><|image_pad|><|image_pad|><|image_pad|><|image_pad|><|image_pad|><|image_pad|><|image_pad|><|image_pad|><|ima...","In the first image, the mop bucket is situated to the right of the jacket, while in the second image, the mop bucket is positioned to the left of the jacket. The exact 3D centers of these objects cannot be calculated with the given information, but based on the visual arrangement, the mop bucket is to the right of the jacket in the first image and to the left of the jacket in the second image.","From this viewpoint, the mop bucket(red bbox) appears to the right, below the jacket(blue bbox). Additionally, it seems closer. The the mop bucket(red bbox) is behind the observer. The the jacket(blue bbox) is in front of the observer.
",396,236,0.0,0.01200708636945507,0.646061360836029,0.3,0.41543209769190553,0.41543209769190553,sentence
257,obj_spatial_relation_oo_mv,"<|im_start|>system
You are a helpful assistant.<|im_end|>
<|im_start|>user
<|vision_start|><|image_pad|><|image_pad|><|image_pad|><|image_pad|><|image_pad|><|image_pad|><|image_pad|><|image_pad|><|ima...","The roller blinds (red bbox: [565, 379, 747, 436]) are to the left of the light switch (blue bbox: [755, 181, 771, 248]) in the first image.","the roller blinds(red bbox) occupies a space to the right above the light switch(blue bbox). It is noted to be farther. The the roller blinds(red bbox) and the light switch(blue bbox) are in front of the observer.
",140,214,0.0,0.021554755408905862,0.8225425481796265,0.18000000000000002,0.4695822251715944,0.4695822251715944,sentence
258,obj_spatial_relation_oo_mv,"<|im_start|>system
You are a helpful assistant.<|im_end|>
<|im_start|>user
<|vision_start|><|image_pad|><|image_pad|><|image_pad|><|image_pad|><|image_pad|><|image_pad|><|image_pad|><|image_pad|><|ima...","There is no tote bag or power socket in the provided images, so it's not possible to determine their relative positions.","Observationally, the tote bag(red bbox) is to the left and below the power socket(blue bbox).  The the tote bag(red bbox) and the power socket(blue bbox) are in front of the observer.
",120,184,0.0,0.00887998162964383,0.5843050479888916,0.225,0.3614285203203746,0.3614285203203746,sentence
259,obj_spatial_relation_oo_mv,"<|im_start|>system
You are a helpful assistant.<|im_end|>
<|im_start|>user
<|vision_start|><|image_pad|><|image_pad|><|image_pad|><|image_pad|><|image_pad|><|image_pad|><|image_pad|><|image_pad|><|ima...","The wet wipes (red bbox: [491, 719, 513, 723]) appears below the table (blue bbox: [338, 204, 505, 458]) in the first image, but it is not present in the second image.","the wet wipes(red bbox) lies  and above relative to the table(blue bbox). It seems closer when viewed. The the wet wipes(red bbox) and the table(blue bbox) are in front of the observer.
",167,186,0.0,0.01687589360987099,0.7649325728416443,0.225,0.45334146514279633,0.45334146514279633,sentence
260,obj_spatial_relation_oo_mv,"<|im_start|>system
You are a helpful assistant.<|im_end|>
<|im_start|>user
<|vision_start|><|image_pad|><|image_pad|><|image_pad|><|image_pad|><|image_pad|><|image_pad|><|image_pad|><|image_pad|><|ima...","The keyboard and the cabinet do not appear in the same image, so there is no direct comparison between their relative positions in the two images. The first image shows a room with a desk, a computer monitor, a chair, and a whiteboard, while the second image is a gradient of colors. Therefore, it is not possible to calculate or judge the relative positions of the keyboard and the cabinet based on the given information.","To describe the scene, the keyboard(red bbox) is to the right above the cabinet(blue bbox). Additionally, it seems farther to the observer. The the keyboard(red bbox) is in front of the observer. The the cabinet(blue bbox) is behind the observer.
",422,247,0.0,0.008737257705608176,0.6363638043403625,0.15,0.3649293537113029,0.3649293537113029,sentence
261,obj_spatial_relation_oo_mv,"<|im_start|>system
You are a helpful assistant.<|im_end|>
<|im_start|>user
<|vision_start|><|image_pad|><|image_pad|><|image_pad|><|image_pad|><|image_pad|><|image_pad|><|image_pad|><|image_pad|><|ima...","The keyboard (red bbox: [421, 631, 823, 999]) appears to be in front of the socket (blue bbox: [205, 762, 275, 809]) in relation to the observer's viewpoint.","Observing the keyboard(red bbox) reveals it is to the right above the socket(blue bbox). It is perceived as closer. The the keyboard(red bbox) and the socket(blue bbox) are in front of the observer.
",157,199,0.0,0.08642425264472949,0.887152910232544,0.36000000000000004,0.5688613056452179,0.5688613056452179,sentence
262,obj_spatial_relation_oo_mv,"<|im_start|>system
You are a helpful assistant.<|im_end|>
<|im_start|>user
<|vision_start|><|image_pad|><|image_pad|><|image_pad|><|image_pad|><|image_pad|><|image_pad|><|image_pad|><|image_pad|><|ima...","The eraser (red bbox: [693, 262, 740, 314]) is located in a different room and not within the same space as the paper files (blue bbox: [1, 667, 60, 726]). The first image (3950) is a view of a room with a computer and a desk, while the second image (520) shows a blurred background that does not include the paper files. Thus, it's not possible to compare the spatial relationships between these objects directly due to the different locations.","the eraser(red bbox) exists to the left above relative to the paper files(blue bbox).  The the eraser(red bbox) is behind the observer. The the paper files(blue bbox) is in front of the observer.
",445,196,0.0,0.01060436598072813,0.6986839771270752,0.36000000000000004,0.4594628617596832,0.4594628617596832,sentence
263,obj_spatial_relation_oo_mv,"<|im_start|>system
You are a helpful assistant.<|im_end|>
<|im_start|>user
<|vision_start|><|image_pad|><|image_pad|><|image_pad|><|image_pad|><|image_pad|><|image_pad|><|image_pad|><|image_pad|><|ima...","The fan and the socket are not in the same image, therefore, it is not possible to calculate the 3D center points of these objects and compare their positions.","Relative to the socket(blue bbox), the fan(red bbox) is to the right and above. To the observer, it might seem closer. The the fan(red bbox) and the socket(blue bbox) are in front of the observer.
",159,197,0.0,0.01741678518721304,0.5393847227096558,0.18000000000000002,0.3271757183922705,0.3271757183922705,sentence
264,obj_spatial_relation_oo_mv,"<|im_start|>system
You are a helpful assistant.<|im_end|>
<|im_start|>user
<|vision_start|><|image_pad|><|image_pad|><|image_pad|><|image_pad|><|image_pad|><|image_pad|><|image_pad|><|image_pad|><|ima...","The papers are placed in front of the whiteboard on the desk, but in the second image, they appear more organized and stacked compared to the first image where they seem scattered. The whiteboard itself is not directly visible in the second image, but it is positioned behind the desk, as indicated by the placement of the chair and the angle of the computer monitor.","the papers(red bbox) resides to the left and below when viewed in relation to the whiteboard(blue bbox). This gives it a closer appearance. The the papers(red bbox) and the whiteboard(blue bbox) are in front of the observer.
",367,225,0.0,0.05601748457840769,0.6818624138832092,0.3,0.44213470385728615,0.44213470385728615,sentence
265,obj_spatial_relation_oo_mv,"<|im_start|>system
You are a helpful assistant.<|im_end|>
<|im_start|>user
<|vision_start|><|image_pad|><|image_pad|><|image_pad|><|image_pad|><|image_pad|><|image_pad|><|image_pad|><|image_pad|><|ima...",The socket is located to the right of the laptop.,"the socket(red bbox) is noted to be to the right below the laptop(blue bbox). It might be perceived as farther from this view. The the socket(red bbox) and the laptop(blue bbox) are in front of the observer.
",49,208,0.0,0.009601787460059935,0.7363300323486328,0.18000000000000002,0.42408537366632837,0.42408537366632837,sentence
266,obj_spatial_relation_oo_mv,"<|im_start|>system
You are a helpful assistant.<|im_end|>
<|im_start|>user
<|vision_start|><|image_pad|><|image_pad|><|image_pad|><|image_pad|><|image_pad|><|image_pad|><|image_pad|><|image_pad|><|ima...","In the first image, the office chair is positioned to the right of the papers. The office chair's 3D center point is at approximately (390, 803, 999) and the papers' 3D center point is at approximately (0, 974, 999). The chair is further to the right, meaning the chair is further from the left edge of the image than the papers. In the second image, the chair's 3D center point is at approximately (390, 803, 999) and the papers' 3D center point is at approximately (0, 974, 999). The chair is still further to the right, confirming the chair is to the right of the papers.","Looking at the setup, the office chair(red bbox) is positioned to the right and  the papers(blue bbox).  The the office chair(red bbox) and the papers(blue bbox) are in front of the observer.
",574,192,0.0,0.05416208920275311,0.7037537097930908,0.45,0.49770927273709603,0.49770927273709603,sentence
267,obj_spatial_relation_oo_mv,"<|im_start|>system
You are a helpful assistant.<|im_end|>
<|im_start|>user
<|vision_start|><|image_pad|><|image_pad|><|image_pad|><|image_pad|><|image_pad|><|image_pad|><|image_pad|><|image_pad|><|ima...","In the first image, the socket is positioned to the left of the mouse, and both objects are on the desk. There is no information provided in the subsequent images to determine the relative position of the socket and mouse. However, the 3D center points of these objects are not provided, so we cannot calculate their orientation in relation to each other.","To describe the scene, the socket(red bbox) is to the left above the mouse(blue bbox). Additionally, it seems farther to the observer. The the socket(red bbox) and the mouse(blue bbox) are in front of the observer.
",355,215,0.0,0.02520096918596003,0.6195223331451416,0.36000000000000004,0.4228013604097628,0.4228013604097628,sentence
268,obj_spatial_relation_oo_mv,"<|im_start|>system
You are a helpful assistant.<|im_end|>
<|im_start|>user
<|vision_start|><|image_pad|><|image_pad|><|image_pad|><|image_pad|><|image_pad|><|image_pad|><|image_pad|><|image_pad|><|ima...","In the first image, the paper (red bbox: [92, 971, 154, 999]) is positioned on the table (blue bbox: [278, 835, 663, 999]). If we were to compare the positions of these objects in the second image (which is a gradient image and does not provide enough detail for a precise comparison), we would not be able to determine their positions accurately. The gradient image lacks the specific details of the objects and the table, so it is not possible to draw a direct comparison based on the provided information.","the paper(red bbox) appears situated to the right and above the table(blue bbox). From this point, it seems closer. The the paper(red bbox) is  the observer. The the table(blue bbox) is in front of the observer.
",508,212,0.0,0.007146960559449499,0.5272703170776367,0.18000000000000002,0.31906455065070827,0.31906455065070827,sentence
269,obj_spatial_relation_oo_mv,"<|im_start|>system
You are a helpful assistant.<|im_end|>
<|im_start|>user
<|vision_start|><|image_pad|><|image_pad|><|image_pad|><|image_pad|><|image_pad|><|image_pad|><|image_pad|><|image_pad|><|ima...","The socket is located behind the papers in the first image. In the second image, the socket and the papers are not visible, but based on the 3D center points, the socket is still positioned behind the papers.","In the scene, the socket(red bbox) is to the left above the papers(blue bbox). It is also perceived as farther relative to the observer. The the socket(red bbox) and the papers(blue bbox) are in front of the observer.
",208,218,0.0,0.02028576299736498,0.751740038394928,0.18000000000000002,0.43392717179693696,0.43392717179693696,sentence
270,obj_spatial_relation_oo_mv,"<|im_start|>system
You are a helpful assistant.<|im_end|>
<|im_start|>user
<|vision_start|><|image_pad|><|image_pad|><|image_pad|><|image_pad|><|image_pad|><|image_pad|><|image_pad|><|image_pad|><|ima...","The table is to the right of the heater, based on the observation of the objects' positions in the first image and the relative positions of the heater and table in the second image.","In reference to the heater(blue bbox), the table(red bbox) is to the right and . It also appears closer when observed. The the table(red bbox) and the heater(blue bbox) are in front of the observer.
",182,199,0.0,0.1046220716551122,0.7673171758651733,0.45,0.5395830022636091,0.5395830022636091,sentence
271,obj_spatial_relation_oo_mv,"<|im_start|>system
You are a helpful assistant.<|im_end|>
<|im_start|>user
<|vision_start|><|image_pad|><|image_pad|><|image_pad|><|image_pad|><|image_pad|><|image_pad|><|image_pad|><|image_pad|><|ima...","The picture (red bbox: [790, 0, 925, 74]) is located to the right of the board (blue bbox: [0, 115, 86, 265]) in the first image (Image 1740). In the second image (Image 2440), the picture is still to the right of the board, but the spatial relationship is less clear due to the different camera poses and translation vectors.","From the observer's standpoint, the picture(red bbox) sits to the right above the board(blue bbox). It can also be considered closer. The the picture(red bbox) and the board(blue bbox) are in front of the observer.
",326,215,0.0,0.024026450944373424,0.8081585764884949,0.3,0.4988845784331221,0.4988845784331221,sentence
272,obj_spatial_relation_oo_mv,"<|im_start|>system
You are a helpful assistant.<|im_end|>
<|im_start|>user
<|vision_start|><|image_pad|><|image_pad|><|image_pad|><|image_pad|><|image_pad|><|image_pad|><|image_pad|><|image_pad|><|ima...",It's not possible to determine the exact positioning of the book and the speaker in the two images as the provided information does not include the 3D center points of the objects. The bounding boxes are normalized to the 0–1000 range and the camera poses are given in a format that is not compatible with the 3D points required for the calculation.,"The observer notes the book(red bbox) is to the left above the speaker(blue bbox). Additionally, it appears closer. The the book(red bbox) and the speaker(blue bbox) are in front of the observer.
",349,196,0.0,0.013308561809919003,0.5148768424987793,0.18000000000000002,0.31410013361137346,0.31410013361137346,sentence
273,obj_spatial_relation_oo_mv,"<|im_start|>system
You are a helpful assistant.<|im_end|>
<|im_start|>user
<|vision_start|><|image_pad|><|image_pad|><|image_pad|><|image_pad|><|image_pad|><|image_pad|><|image_pad|><|image_pad|><|ima...",The spray is located to the left of the slippers according to the observer's viewpoint.,"To the observer, the spray(red bbox) seems to the left and above the slippers(blue bbox). It is perceived as closer. The the spray(red bbox) is behind the observer. The the slippers(blue bbox) is in front of the observer.
",87,222,0.0,0.022096396093256192,0.7121041417121887,0.3,0.4504713500747456,0.4504713500747456,sentence
274,obj_spatial_relation_oo_mv,"<|im_start|>system
You are a helpful assistant.<|im_end|>
<|im_start|>user
<|vision_start|><|image_pad|><|image_pad|><|image_pad|><|image_pad|><|image_pad|><|image_pad|><|image_pad|><|image_pad|><|ima...","The table (red bbox: [0, 317, 206, 953]) is situated to the left of the heater (blue bbox: [753, 352, 999, 722]) in the first image. In the first image, the table is in the foreground and the heater is in the background. However, the exact positioning cannot be determined with the given information, as the camera poses and intrinsic parameters do not provide enough information to calculate the relative positions.","the table(red bbox) is to the left  with the heater(blue bbox). From here, it appears closer. The the table(red bbox) is behind the observer. The the heater(blue bbox) is in front of the observer.
",416,197,0.0,0.024571186786862945,0.7733354568481445,0.54,0.5535819657814449,0.5535819657814449,sentence
275,obj_spatial_relation_oo_mv,"<|im_start|>system
You are a helpful assistant.<|im_end|>
<|im_start|>user
<|vision_start|><|image_pad|><|image_pad|><|image_pad|><|image_pad|><|image_pad|><|image_pad|><|image_pad|><|image_pad|><|ima...","In the first image, the table (red bbox: [245, 785, 472, 999]) is situated to the right of the box (blue bbox: [173, 392, 189, 443]). However, in the second image, the table is no longer visible and the box is not present, making it impossible to compare their positions.","From this viewpoint, the table(red bbox) appears to the right, below the box(blue bbox). Additionally, it seems farther. The the table(red bbox) and the box(blue bbox) are in front of the observer.
",271,198,0.0,0.015975311320580363,0.7434089183807373,0.36000000000000004,0.4828995214544847,0.4828995214544847,sentence
276,obj_spatial_relation_oo_mv,"<|im_start|>system
You are a helpful assistant.<|im_end|>
<|im_start|>user
<|vision_start|><|image_pad|><|image_pad|><|image_pad|><|image_pad|><|image_pad|><|image_pad|><|image_pad|><|image_pad|><|ima...",The lamp (red bounding box) is positioned to the left of the box (blue bounding box) from the observer's perspective. The exact distance cannot be determined without precise 3D coordinates of both objects.,"the lamp(red bbox) is seen in a position to the left above the box(blue bbox). It seems farther in this setup. The the lamp(red bbox) and the box(blue bbox) are in front of the observer.
",205,187,0.0,0.03832510440769002,0.7280811071395874,0.36000000000000004,0.47970557445133166,0.47970557445133166,sentence
277,obj_spatial_relation_oo_mv,"<|im_start|>system
You are a helpful assistant.<|im_end|>
<|im_start|>user
<|vision_start|><|image_pad|><|image_pad|><|image_pad|><|image_pad|><|image_pad|><|image_pad|><|image_pad|><|image_pad|><|ima...",The chair is to the left of the coffee table.,"Looking closer, the chair(red bbox) is to the left  in relation to the coffee table(blue bbox). It might also be farther. The the chair(red bbox) and the coffee table(blue bbox) are in front of the observer.
",45,208,0.0,0.02636326588338591,0.7067739963531494,0.18000000000000002,0.4126596513532519,0.4126596513532519,sentence
278,obj_spatial_relation_oo_mv,"<|im_start|>system
You are a helpful assistant.<|im_end|>
<|im_start|>user
<|vision_start|><|image_pad|><|image_pad|><|image_pad|><|image_pad|><|image_pad|><|image_pad|><|image_pad|><|image_pad|><|ima...","The clothes are positioned in front of the electric piano in the first image, but there is no corresponding object in the second image, making it impossible to determine the exact position in relation to the electric piano.","the clothes(red bbox) is noted to be to the right  the electric piano(blue bbox). It might be perceived as farther from this view. The the clothes(red bbox) and the electric piano(blue bbox) are in front of the observer.
",223,221,0.0,0.10203198615804732,0.686741828918457,0.45,0.498777311690838,0.498777311690838,sentence
279,obj_spatial_relation_oo_mv,"<|im_start|>system
You are a helpful assistant.<|im_end|>
<|im_start|>user
<|vision_start|><|image_pad|><|image_pad|><|image_pad|><|image_pad|><|image_pad|><|image_pad|><|image_pad|><|image_pad|><|ima...","In the first image, the box (red bbox: [4, 394, 158, 542]) is located in the lower left corner of the image, while the board (blue bbox: [561, 539, 604, 597]) is in the upper right corner. The 3D center points of these objects cannot be directly calculated from the provided bounding box coordinates, but it can be inferred that the box is likely positioned closer to the observer compared to the board. The box is closer to the camera's position and appears larger in the image, which suggests it is closer to the camera.","Describing spatially, the box(red bbox) is to the left and below in relation to the board(blue bbox). It also appears farther. The the box(red bbox) and the board(blue bbox) are in front of the observer.
",522,204,0.0,0.009038825149754015,0.7629827260971069,0.54,0.5452991280785043,0.5452991280785043,sentence
280,obj_spatial_relation_oo_mv,"<|im_start|>system
You are a helpful assistant.<|im_end|>
<|im_start|>user
<|vision_start|><|image_pad|><|image_pad|><|image_pad|><|image_pad|><|image_pad|><|image_pad|><|image_pad|><|image_pad|><|ima...","In the first image, the keyboard is on the desk, which is the blue bounding box (650, 0, 999, 275). In the second image, the keyboard's position is obscured by the visualizations, making it difficult to accurately compare its position with the desk. However, the desk in the second image appears to be at a similar location relative to the camera as in the first image, suggesting that the keyboard is likely on the desk as well.","the keyboard(red bbox) is spatially to the left and above with respect to the desk(blue bbox). It seems farther to the observer. The the keyboard(red bbox) and the desk(blue bbox) are in front of the observer.
",429,210,0.0,0.008243724881802368,0.7530874609947205,0.18000000000000002,0.4321924754737207,0.4321924754737207,sentence
281,obj_spatial_relation_oo_mv,"<|im_start|>system
You are a helpful assistant.<|im_end|>
<|im_start|>user
<|vision_start|><|image_pad|><|image_pad|><|image_pad|><|image_pad|><|image_pad|><|image_pad|><|image_pad|><|image_pad|><|ima...","The mouse is to the right of the socket, based on the observer's perspective.","the mouse(red bbox) lies spatially to the right above the socket(blue bbox). It is also observed to be farther. The the mouse(red bbox) and the socket(blue bbox) are in front of the observer.
",77,192,0.0,0.025733083345490685,0.8505092263221741,0.18000000000000002,0.4844012298301852,0.4844012298301852,sentence
282,obj_spatial_relation_oo_mv,"<|im_start|>system
You are a helpful assistant.<|im_end|>
<|im_start|>user
<|vision_start|><|image_pad|><|image_pad|><|image_pad|><|image_pad|><|image_pad|><|image_pad|><|image_pad|><|image_pad|><|ima...","In the first image, the column is positioned to the left of the office chair, while in the second image, the column is not visible. Based on the provided camera poses and translation vectors, the column in the first image would be in a similar position relative to the office chair as in the second image, but the second image is an empty office without the column, so it cannot be determined where the column is in the second image relative to the office chair.","the column(red bbox) appears to the observer as being to the left and  the office chair(blue bbox). It also seems farther. The the column(red bbox) is in front of the observer. The the office chair(blue bbox) is  the observer.
",462,227,0.0,0.023726443336303128,0.6332412958145142,0.45,0.45636593657451774,0.45636593657451774,sentence
283,obj_spatial_relation_oo_mv,"<|im_start|>system
You are a helpful assistant.<|im_end|>
<|im_start|>user
<|vision_start|><|image_pad|><|image_pad|><|image_pad|><|image_pad|><|image_pad|><|image_pad|><|image_pad|><|image_pad|><|ima...","The keyboard is located above the mouse in the first image, and it is likely in a similar relative position in the second image as well, given the similar spatial arrangement of the desk and chair in both images. The exact coordinates would require precise 3D modeling and camera calibration, which is beyond the scope of this analysis.","In reference to the mouse(blue bbox), the keyboard(red bbox) is to the right and above. It also appears closer when observed. The the keyboard(red bbox) and the mouse(blue bbox) are in front of the observer.
",336,208,0.0,0.010828507894375632,0.6580805778503418,0.36000000000000004,0.439205990504046,0.439205990504046,sentence
284,obj_spatial_relation_oo_mv,"<|im_start|>system
You are a helpful assistant.<|im_end|>
<|im_start|>user
<|vision_start|><|image_pad|><|image_pad|><|image_pad|><|image_pad|><|image_pad|><|image_pad|><|image_pad|><|image_pad|><|ima...","The keyboard (red bbox: [360, 44, 436, 62]) is positioned to the left of the mouse (blue bbox: [662, 274, 684, 286]) in the first image. In the second image, the keyboard and mouse appear in the same position relative to each other as in the first image, as indicated by the lack of changes in their positions in the corresponding plucker ray visualizations.","Looking at the setup, the keyboard(red bbox) is positioned to the left and above the mouse(blue bbox). To the observer, it seems farther. The the keyboard(red bbox) and the mouse(blue bbox) are in front of the observer.
",358,220,0.0,0.07604699053016152,0.7806907296180725,0.36000000000000004,0.5135547629150685,0.5135547629150685,sentence
285,obj_spatial_relation_oo_mv,"<|im_start|>system
You are a helpful assistant.<|im_end|>
<|im_start|>user
<|vision_start|><|image_pad|><|image_pad|><|image_pad|><|image_pad|><|image_pad|><|image_pad|><|image_pad|><|image_pad|><|ima...","The keyboard and the office chair are positioned such that the keyboard is on the desk, which is directly in front of the office chair. There is no overlap or interaction between the two objects.","Relative to its surroundings, the keyboard(red bbox) is to the right  the office chair(blue bbox). It is also closer from here. The the keyboard(red bbox) and the office chair(blue bbox) are in front of the observer.
",195,217,0.0,0.11766026098558845,0.7051503658294678,0.45,0.5111072351118516,0.5111072351118516,sentence
286,obj_spatial_relation_oo_mv,"<|im_start|>system
You are a helpful assistant.<|im_end|>
<|im_start|>user
<|vision_start|><|image_pad|><|image_pad|><|image_pad|><|image_pad|><|image_pad|><|image_pad|><|image_pad|><|image_pad|><|ima...",The monitor is positioned above and slightly to the right of the office chair in the observer's frame of reference.,"the monitor(red bbox) holds a position to the left and  the office chair(blue bbox). From this vantage, it seems closer. The the monitor(red bbox) and the office chair(blue bbox) are in front of the observer.
",115,209,0.0,0.01843927425625715,0.7892872095108032,0.225,0.46583145960665306,0.46583145960665306,sentence
287,obj_spatial_relation_oo_mv,"<|im_start|>system
You are a helpful assistant.<|im_end|>
<|im_start|>user
<|vision_start|><|image_pad|><|image_pad|><|image_pad|><|image_pad|><|image_pad|><|image_pad|><|image_pad|><|image_pad|><|ima...","The office chair (red bbox: [410, 213, 511, 400]) appears to the left of the keyboard (blue bbox: [360, 44, 436, 62]) in the first image.","the office chair(red bbox) exists to the right  relative to the keyboard(blue bbox). To the viewer, it seems closer. The the office chair(red bbox) and the keyboard(blue bbox) are in front of the observer.
",137,206,0.0,0.021023771634051006,0.8397754430770874,0.225,0.49159247586535393,0.49159247586535393,sentence
288,obj_spatial_relation_oo_mv,"<|im_start|>system
You are a helpful assistant.<|im_end|>
<|im_start|>user
<|vision_start|><|image_pad|><|image_pad|><|image_pad|><|image_pad|><|image_pad|><|image_pad|><|image_pad|><|image_pad|><|ima...","In the first image, the keyboard (blue bbox: [387, 35, 470, 71]) is located on the desk (red bbox: [0, 276, 999, 994]) and positioned towards the right side of the desk. In the second image, the keyboard's position appears to be similar, indicating it is still on the desk and maintaining a similar relative position.","the desk(red bbox) resides to the left and below when viewed in relation to the keyboard(blue bbox). This gives it a closer appearance. The the desk(red bbox) and the keyboard(blue bbox) are in front of the observer.
",317,217,0.0,0.01142135757051001,0.8357686996459961,0.3,0.5101686213371001,0.5101686213371001,sentence
289,obj_spatial_relation_oo_mv,"<|im_start|>system
You are a helpful assistant.<|im_end|>
<|im_start|>user
<|vision_start|><|image_pad|><|image_pad|><|image_pad|><|image_pad|><|image_pad|><|image_pad|><|image_pad|><|image_pad|><|ima...","The mouse (red bbox: [568, 263, 615, 297]) is in front of the shelf (blue bbox: [0, 108, 189, 498]) in the first image. However, in the second image, the mouse and the shelf are not visible, indicating that the mouse is not in front of the shelf.","Examining the shelf(blue bbox), the mouse(red bbox) is to the left and . It might also appear farther. The the mouse(red bbox) and the shelf(blue bbox) are in front of the observer.
",246,182,0.0,0.06869592482449395,0.858465850353241,0.45,0.5779721101415193,0.5779721101415193,sentence
290,obj_spatial_relation_oo_mv,"<|im_start|>system
You are a helpful assistant.<|im_end|>
<|im_start|>user
<|vision_start|><|image_pad|><|image_pad|><|image_pad|><|image_pad|><|image_pad|><|image_pad|><|image_pad|><|image_pad|><|ima...","The paper is located on the desk, to the left of the office chair.","From this observation point, the paper(red bbox) appears to the left  the office chair(blue bbox). It seems farther as well. The the paper(red bbox) and the office chair(blue bbox) are in front of the observer.
",66,211,0.0,0.02397090561740546,0.7067679762840271,0.225,0.4256781692654946,0.4256781692654946,sentence
291,obj_spatial_relation_oo_mv,"<|im_start|>system
You are a helpful assistant.<|im_end|>
<|im_start|>user
<|vision_start|><|image_pad|><|image_pad|><|image_pad|><|image_pad|><|image_pad|><|image_pad|><|image_pad|><|image_pad|><|ima...","In the first image, the window frame is located at approximately (400, 200) and the mouse is at (550, 450). The window frame is in the background, and the mouse is in the foreground. The first image is the main viewpoint, and the camera poses are already provided. The window frame (red bbox: [380, 0, 986, 482]) is in the left image, and the mouse (blue bbox: [463, 553, 522, 590]) is in the right image. Therefore, the window frame is to the left of the mouse in the first image.","Looking closer, the window frame(red bbox) is to the left above in relation to the mouse(blue bbox). It might also be farther. The the window frame(red bbox) is behind the observer. The the mouse(blue bbox) is in front of the observer.
",481,236,0.0,0.04512645978397568,0.755518913269043,0.3857142857142857,0.5024990343056024,0.5024990343056024,sentence
292,obj_spatial_relation_oo_mv,"<|im_start|>system
You are a helpful assistant.<|im_end|>
<|im_start|>user
<|vision_start|><|image_pad|><|image_pad|><|image_pad|><|image_pad|><|image_pad|><|image_pad|><|image_pad|><|image_pad|><|ima...","The power socket and the office chair are not visible in the images provided. However, based on the camera poses and translation vectors, the office chair is located to the right of the power socket. The exact alignment cannot be determined without the visual data of the power socket and the office chair.","the power socket(red bbox) occupies a to the left and  spot relative to the office chair(blue bbox).  The the power socket(red bbox) and the office chair(blue bbox) are in front of the observer.
",306,195,0.0,0.036072969279249405,0.7681397795677185,0.225,0.45878448363970914,0.45878448363970914,sentence
293,obj_spatial_relation_oo_mv,"<|im_start|>system
You are a helpful assistant.<|im_end|>
<|im_start|>user
<|vision_start|><|image_pad|><|image_pad|><|image_pad|><|image_pad|><|image_pad|><|image_pad|><|image_pad|><|image_pad|><|ima...","The monitor is positioned to the left of the office chair in the first image. In the first image, the monitor is placed on a desk, and the chair is located to its right. The monitor is not present in the second image, and the office chair is also not visible in the third image.","the monitor(red bbox) appears situated to the left and  the office chair(blue bbox). From this point, it seems closer. The the monitor(red bbox) is  the observer. The the office chair(blue bbox) is in front of the observer.
",278,224,0.0,0.04030459134711848,0.7768239974975586,0.45,0.531472917018203,0.531472917018203,sentence
294,obj_spatial_relation_oo_mv,"<|im_start|>system
You are a helpful assistant.<|im_end|>
<|im_start|>user
<|vision_start|><|image_pad|><|image_pad|><|image_pad|><|image_pad|><|image_pad|><|image_pad|><|image_pad|><|image_pad|><|ima...",The beanbag is to the left of the cabinet.,"To describe it, the beanbag(red bbox) is to the right and  the cabinet(blue bbox). It seems closer from this viewpoint. The the beanbag(red bbox) is in front of the observer. The the cabinet(blue bbox) is behind the observer.
",42,226,0.0,0.00622700692922435,0.7346523404121399,0.18000000000000002,0.42257157159191483,0.42257157159191483,sentence
295,obj_spatial_relation_oo_mv,"<|im_start|>system
You are a helpful assistant.<|im_end|>
<|im_start|>user
<|vision_start|><|image_pad|><|image_pad|><|image_pad|><|image_pad|><|image_pad|><|image_pad|><|image_pad|><|image_pad|><|ima...",It is not possible to determine the location of the whiteboard relative to the mouse from the given information. The provided information does not include the location of the whiteboard in relation to the mouse or any other object in the scene.,"the whiteboard(red bbox) holds a position to the right and above the mouse(blue bbox). From this vantage, it seems closer. The the whiteboard(red bbox) is behind the observer. The the mouse(blue bbox) is in front of the observer.
",244,230,0.0,0.018280618159013367,0.6840652227401733,0.15,0.39068873500188933,0.39068873500188933,sentence
296,obj_spatial_relation_oo_mv,"<|im_start|>system
You are a helpful assistant.<|im_end|>
<|im_start|>user
<|vision_start|><|image_pad|><|image_pad|><|image_pad|><|image_pad|><|image_pad|><|image_pad|><|image_pad|><|image_pad|><|ima...","The windowsill (red bbox: [0, 383, 256, 579]) and the bag (blue bbox: [936, 635, 999, 847]) cannot be compared directly in terms of their 3D center points since the bag in the last image is a different object from the windowsill in the first image, and the second image is a different scene altogether. The last image does not contain a windowsill or a bag, but a gradient background. Therefore, the comparison is not possible.","From this angle, the windowsill(red bbox) is seen to the left  in relation to the bag(blue bbox).  The the windowsill(red bbox) and the bag(blue bbox) are in front of the observer.
",427,181,0.0,0.008060806187718665,0.6767688989639282,0.3,0.4299966107195078,0.4299966107195078,sentence
297,obj_spatial_relation_oo_mv,"<|im_start|>system
You are a helpful assistant.<|im_end|>
<|im_start|>user
<|vision_start|><|image_pad|><|image_pad|><|image_pad|><|image_pad|><|image_pad|><|image_pad|><|image_pad|><|image_pad|><|ima...","The monitor (red bbox: [259, 299, 621, 794]) is located in front of the heater (blue bbox: [707, 579, 939, 688]) in the first image. The spatial relationship can be judged by the fact that the monitor is closer to the observer's frame of reference, and the heater is in the background, suggesting it is behind the monitor. The coordinates of the monitor's bounding box in the first image are not directly comparable to the heater's bounding box in the second image because the second image is a different scene with different objects. However, based on the relative positions of the objects in the first image, we can infer that the monitor is in front of the heater.","From this position, the monitor(red bbox) looks to the left above the heater(blue bbox). It is also closer as seen. The the monitor(red bbox) and the heater(blue bbox) are in front of the observer.
",667,198,0.0,0.031953569700761256,0.8017251491546631,0.54,0.5692532885174838,0.5692532885174838,sentence
298,obj_spatial_relation_oo_mv,"<|im_start|>system
You are a helpful assistant.<|im_end|>
<|im_start|>user
<|vision_start|><|image_pad|><|image_pad|><|image_pad|><|image_pad|><|image_pad|><|image_pad|><|image_pad|><|image_pad|><|ima...","The window is to the left of the mouse in the first image, while in the second image, the window is not visible in the provided view.","From this position, the window(red bbox) looks to the right  the mouse(blue bbox). It is also farther as seen. The the window(red bbox) and the mouse(blue bbox) are in front of the observer.
",133,191,0.0,0.021526513443196296,0.6466311812400818,0.225,0.39512089330868017,0.39512089330868017,sentence
299,obj_spatial_relation_oo_mv,"<|im_start|>system
You are a helpful assistant.<|im_end|>
<|im_start|>user
<|vision_start|><|image_pad|><|image_pad|><|image_pad|><|image_pad|><|image_pad|><|image_pad|><|image_pad|><|image_pad|><|ima...","The paper (red bbox: [643, 567, 676, 592]) appears to the right of the window (blue bbox: [0, 0, 369, 264]) in the observer's perspective.","To describe the scene, the paper(red bbox) is to the left below the window(blue bbox). Additionally, it seems closer to the observer. The the paper(red bbox) and the window(blue bbox) are in front of the observer.
",138,214,0.0,0.01678289954459654,0.8584371209144592,0.18000000000000002,0.4865751403661489,0.4865751403661489,sentence
300,obj_spatial_relation_oo_mv,"<|im_start|>system
You are a helpful assistant.<|im_end|>
<|im_start|>user
<|vision_start|><|image_pad|><|image_pad|><|image_pad|><|image_pad|><|image_pad|><|image_pad|><|image_pad|><|image_pad|><|ima...","The curtain (red bbox: [775, 0, 999, 721]) is to the right of the books (blue bbox: [538, 637, 717, 776]) as seen by the observer.","the curtain(red bbox) lies visibly to the right and  the books(blue bbox).  The the curtain(red bbox) and the books(blue bbox) are in front of the observer.
",130,157,0.0,0.05464801430205644,0.8638133406639099,0.6,0.6228362731923662,0.6228362731923662,sentence
301,obj_spatial_relation_oo_mv,"<|im_start|>system
You are a helpful assistant.<|im_end|>
<|im_start|>user
<|vision_start|><|image_pad|><|image_pad|><|image_pad|><|image_pad|><|image_pad|><|image_pad|><|image_pad|><|image_pad|><|ima...","The blanket is located on the bed in the first image, and there is no bed or blanket in the second image. Therefore, the blanket cannot be compared to the wardrobe in the second image.","To describe it, the blanket(red bbox) is to the right and  the wardrobe(blue bbox). It seems closer from this viewpoint. The the blanket(red bbox) and the wardrobe(blue bbox) are in front of the observer.
",184,205,0.0,0.01720067346666895,0.594083309173584,0.225,0.36798178928012576,0.36798178928012576,sentence
302,obj_spatial_relation_oo_mv,"<|im_start|>system
You are a helpful assistant.<|im_end|>
<|im_start|>user
<|vision_start|><|image_pad|><|image_pad|><|image_pad|><|image_pad|><|image_pad|><|image_pad|><|image_pad|><|image_pad|><|ima...","In the first image, the box is positioned above the router, closer to the wall, and the router is closer to the bottom of the image. The second image does not contain the box or the router, so we cannot determine their relative positioning.","the box(red bbox) is seen to be to the left below the router(blue bbox). It may also appear farther to the observer. The the box(red bbox) and the router(blue bbox) are in front of the observer.
",240,195,0.0,0.020361437565224235,0.7412247657775879,0.45,0.5096846704018388,0.5096846704018388,sentence
303,obj_spatial_relation_oo_mv,"<|im_start|>system
You are a helpful assistant.<|im_end|>
<|im_start|>user
<|vision_start|><|image_pad|><|image_pad|><|image_pad|><|image_pad|><|image_pad|><|image_pad|><|image_pad|><|image_pad|><|ima...","In the first image, the rug is positioned to the right of the box. In the second image, the rug is also positioned to the right of the box. The difference in positioning is likely due to the different camera poses and viewpoints, which can cause objects to appear in different positions relative to each other.","To describe the scene, the rug(red bbox) is to the right below the box(blue bbox). Additionally, it seems farther to the observer. The the rug(red bbox) and the box(blue bbox) are in front of the observer.
",310,206,0.0,0.029636174392139614,0.6666093468666077,0.36000000000000004,0.44723190831173176,0.44723190831173176,sentence
304,obj_spatial_relation_oo_mv,"<|im_start|>system
You are a helpful assistant.<|im_end|>
<|im_start|>user
<|vision_start|><|image_pad|><|image_pad|><|image_pad|><|image_pad|><|image_pad|><|image_pad|><|image_pad|><|image_pad|><|ima...","The trash can is to the right of the mug in the first image, and the same relative position is maintained in the second image.","the trash can(red bbox) lies spatially to the right below the mug(blue bbox).  The the trash can(red bbox) and the mug(blue bbox) are in front of the observer.
",126,160,0.0,0.05913533112500408,0.7830686569213867,0.45,0.5383613946856942,0.5383613946856942,sentence
305,obj_spatial_relation_oo_mv,"<|im_start|>system
You are a helpful assistant.<|im_end|>
<|im_start|>user
<|vision_start|><|image_pad|><|image_pad|><|image_pad|><|image_pad|><|image_pad|><|image_pad|><|image_pad|><|image_pad|><|ima...","The rug is positioned to the left of the guitar case from the observer's perspective, based on the 3D center points of the objects.","To describe the scene, the rug(red bbox) is to the left below the guitar case(blue bbox). Additionally, it seems closer to the observer. The the rug(red bbox) is behind the observer. The the guitar case(blue bbox) is in front of the observer.
",131,243,0.0,0.030443672712573318,0.7827776670455933,0.3,0.4874775680653113,0.4874775680653113,sentence
306,obj_spatial_relation_oo_mv,"<|im_start|>system
You are a helpful assistant.<|im_end|>
<|im_start|>user
<|vision_start|><|image_pad|><|image_pad|><|image_pad|><|image_pad|><|image_pad|><|image_pad|><|image_pad|><|image_pad|><|ima...","In the first image (Image 580), the books (red bbox: [491, 0, 651, 21]) are on the desk, and the objects (blue bbox: [437, 31, 568, 144]) are also on the desk, close to the books. The second image (Image 7530) shows a different view of the desk where the books and objects are still on the desk but from a different angle. The relative position of the books and objects would be similar in both images, as the desk and its contents remain in the same location.","In the scene, the books(red bbox) is to the right below the objects(blue bbox). It is also perceived as closer relative to the observer. The the books(red bbox) and the objects(blue bbox) are in front of the observer.
",460,218,0.0,0.010650090510629462,0.7576440572738647,0.36000000000000004,0.48895204673905823,0.48895204673905823,sentence
307,obj_spatial_relation_oo_mv,"<|im_start|>system
You are a helpful assistant.<|im_end|>
<|im_start|>user
<|vision_start|><|image_pad|><|image_pad|><|image_pad|><|image_pad|><|image_pad|><|image_pad|><|image_pad|><|image_pad|><|ima...",The red bounding box (the objects on the table) is located in front of the blue bounding box (the table lamp) in both images. The red bounding box is closer to the observer than the blue bounding box in both images.,"the objects(red bbox) is seen in a position to the left above the table lamp(blue bbox). It seems closer in this setup. The the objects(red bbox) and the table lamp(blue bbox) are in front of the observer.
",215,206,0.0,0.08382475612465994,0.8027642965316772,0.54,0.5801470994907706,0.5801470994907706,sentence
308,obj_spatial_relation_oo_mv,"<|im_start|>system
You are a helpful assistant.<|im_end|>
<|im_start|>user
<|vision_start|><|image_pad|><|image_pad|><|image_pad|><|image_pad|><|image_pad|><|image_pad|><|image_pad|><|image_pad|><|ima...",The trash can is to the right of the monitor in the first image and to the right of the desk in the second image.,"the trash can(red bbox) resides to the right and below when viewed in relation to the monitor(blue bbox). This gives it a farther appearance. The the trash can(red bbox) and the monitor(blue bbox) are in front of the observer.
",113,227,0.0,0.040270309199419214,0.7591409683227539,0.3,0.47762454600126075,0.47762454600126075,sentence
309,obj_spatial_relation_oo_mv,"<|im_start|>system
You are a helpful assistant.<|im_end|>
<|im_start|>user
<|vision_start|><|image_pad|><|image_pad|><|image_pad|><|image_pad|><|image_pad|><|image_pad|><|image_pad|><|image_pad|><|ima...","The books (red bbox: [740, 93, 928, 195]) are positioned to the right of the power strip (blue bbox: [318, 332, 429, 386]) from the observer's perspective.","the books(red bbox) is seen to be to the right above the power strip(blue bbox).  The the books(red bbox) and the power strip(blue bbox) are in front of the observer.
",155,167,0.0,0.04838364601761185,0.9266855716705322,0.225,0.5405195150387885,0.5405195150387885,sentence
310,obj_spatial_relation_oo_mv,"<|im_start|>system
You are a helpful assistant.<|im_end|>
<|im_start|>user
<|vision_start|><|image_pad|><|image_pad|><|image_pad|><|image_pad|><|image_pad|><|image_pad|><|image_pad|><|image_pad|><|ima...","The paper and the box are not positioned in the same image, so their relative position cannot be determined from the given information.","Placing the paper(red bbox) spatially, it is to the right and below the box(blue bbox). This view also shows it as farther. The the paper(red bbox) and the box(blue bbox) are in front of the observer.
",135,201,0.0,0.013612997478505614,0.6702260971069336,0.18000000000000002,0.39183564804916793,0.39183564804916793,sentence
311,obj_spatial_relation_oo_mv,"<|im_start|>system
You are a helpful assistant.<|im_end|>
<|im_start|>user
<|vision_start|><|image_pad|><|image_pad|><|image_pad|><|image_pad|><|image_pad|><|image_pad|><|image_pad|><|image_pad|><|ima...",The box with red bounding box is located to the right of the box with blue bounding box.,"From this observation point, the box(red bbox) appears to the right below the box(blue bbox). It seems farther as well. The the box(red bbox) is in front of the observer. The the box(blue bbox) is behind the observer.
",88,218,0.0,0.02407255747550883,0.7130038738250732,0.3,0.45131644840763835,0.45131644840763835,sentence
312,obj_spatial_relation_oo_mv,"<|im_start|>system
You are a helpful assistant.<|im_end|>
<|im_start|>user
<|vision_start|><|image_pad|><|image_pad|><|image_pad|><|image_pad|><|image_pad|><|image_pad|><|image_pad|><|image_pad|><|ima...",The box with the red bounding box is positioned to the left of the box with the blue bounding box. The red bounding box is higher and further to the left compared to the blue bounding box.,"From a spatial perspective, the box(red bbox) is to the left and above the box(blue bbox).  The the box(red bbox) and the box(blue bbox) are in front of the observer.
",188,167,0.0,0.03882065230979265,0.7392687797546387,0.675,0.5798985203392779,0.5798985203392779,sentence
313,obj_spatial_relation_oo_mv,"<|im_start|>system
You are a helpful assistant.<|im_end|>
<|im_start|>user
<|vision_start|><|image_pad|><|image_pad|><|image_pad|><|image_pad|><|image_pad|><|image_pad|><|image_pad|><|image_pad|><|ima...","The locker is to the left of the box in the first image, and this spatial relationship remains consistent in the second image, as both images appear to be taken from the same perspective and the objects have not moved relative to each other.","To describe the scene, the locker(red bbox) is to the left  the box(blue bbox). Additionally, it seems closer to the observer. The the locker(red bbox) and the box(blue bbox) are in front of the observer.
",241,205,0.0,0.08237287895620475,0.7374234199523926,0.45,0.5201862857674372,0.5201862857674372,sentence
314,obj_spatial_relation_oo_mv,"<|im_start|>system
You are a helpful assistant.<|im_end|>
<|im_start|>user
<|vision_start|><|image_pad|><|image_pad|><|image_pad|><|image_pad|><|image_pad|><|image_pad|><|image_pad|><|image_pad|><|ima...","In the first image, the books are positioned above the box, while in the second image, the books are on the same shelf level as the box, but they are no longer visible. This suggests that the books have been moved or that the second image is a different angle of the same area where the books are no longer in view. The exact spatial relationship cannot be determined due to the lack of the books in the second image.","The arrangement shows the books(red bbox) as  above the box(blue bbox).  The the books(red bbox) and the box(blue bbox) are in front of the observer.
",417,150,0.0,0.00891717333923273,0.6744608879089355,0.6,0.5190138786223143,0.5190138786223143,sentence
315,obj_spatial_relation_oo_mv,"<|im_start|>system
You are a helpful assistant.<|im_end|>
<|im_start|>user
<|vision_start|><|image_pad|><|image_pad|><|image_pad|><|image_pad|><|image_pad|><|image_pad|><|image_pad|><|image_pad|><|ima...","The box (red bbox: [402, 748, 561, 865]) is to the left of the box (blue bbox: [576, 676, 614, 812]).","the box(red bbox) is to the right above with the box(blue bbox). From here, it appears closer. The the box(red bbox) and the box(blue bbox) are in front of the observer.
",101,170,0.0,0.036956631624964556,0.7599678635597229,0.0,0.5533932258640777,0.5533932258640777,sentence
316,obj_spatial_relation_oo_mv,"<|im_start|>system
You are a helpful assistant.<|im_end|>
<|im_start|>user
<|vision_start|><|image_pad|><|image_pad|><|image_pad|><|image_pad|><|image_pad|><|image_pad|><|image_pad|><|image_pad|><|ima...","In the first image, the box (red bbox: [576, 676, 614, 812]) is positioned closer to the bottom right corner and appears to be slightly above the box (blue bbox: [688, 381, 853, 502]). In the second image, the perspective shifts, and the box (red bbox: [576, 676, 614, 812]) appears to be further away and lower in the scene compared to the box (blue bbox: [688, 381, 853, 502]), indicating that the box (red bbox: [576, 676, 614, 812]) is positioned behind the box (blue bbox: [688, 381, 853, 502]) in the second image.","Placing the box(red bbox) spatially, it is to the left and below the box(blue bbox). This view also shows it as farther. The the box(red bbox) and the box(blue bbox) are in front of the observer.
",520,196,0.0,0.007486386621246755,0.7529009580612183,0.54,0.5399477563548585,0.5399477563548585,sentence
317,obj_spatial_relation_oo_mv,"<|im_start|>system
You are a helpful assistant.<|im_end|>
<|im_start|>user
<|vision_start|><|image_pad|><|image_pad|><|image_pad|><|image_pad|><|image_pad|><|image_pad|><|image_pad|><|image_pad|><|ima...","The box (red bbox: [542, 518, 597, 574]) is located to the left of the box (blue bbox: [660, 0, 999, 320]) in the first image, and this position is consistent with the plucker ray visualization.","the box(red bbox) stands to the left and below relative to the box(blue bbox). It also appears farther in this configuration. The the box(red bbox) is in front of the observer. The the box(blue bbox) is behind the observer.
",194,224,0.0,0.03749592695056111,0.6740477085113525,0.3,0.4345230396457885,0.4345230396457885,sentence
318,obj_spatial_relation_oo_mv,"<|im_start|>system
You are a helpful assistant.<|im_end|>
<|im_start|>user
<|vision_start|><|image_pad|><|image_pad|><|image_pad|><|image_pad|><|image_pad|><|image_pad|><|image_pad|><|image_pad|><|ima...","The box (red bbox: [502, 305, 632, 437]) in the third image is positioned above and to the right of the box (blue bbox: [205, 835, 344, 969]) in the second image, as indicated by the camera poses and translation vectors which show a shift to the right and up in the third image's perspective.","the box(red bbox) occupies a space to the right above the box(blue bbox). It is noted to be closer. The the box(red bbox) and the box(blue bbox) are in front of the observer.
",292,175,0.0,0.02767269100179925,0.6945956945419312,0.54,0.5148323854713255,0.5148323854713255,sentence
319,obj_spatial_relation_oo_mv,"<|im_start|>system
You are a helpful assistant.<|im_end|>
<|im_start|>user
<|vision_start|><|image_pad|><|image_pad|><|image_pad|><|image_pad|><|image_pad|><|image_pad|><|image_pad|><|image_pad|><|ima...",The box is positioned below the exhaust fan from the observer's viewpoint.,"the box(red bbox) can be identified as  below the exhaust fan(blue bbox). To the observer, it appears closer. The the box(red bbox) and the exhaust fan(blue bbox) are in front of the observer.
",74,193,0.0,0.016644875324856027,0.8101642727851868,0.45,0.5434111114575646,0.5434111114575646,sentence
320,obj_spatial_relation_oo_mv,"<|im_start|>system
You are a helpful assistant.<|im_end|>
<|im_start|>user
<|vision_start|><|image_pad|><|image_pad|><|image_pad|><|image_pad|><|image_pad|><|image_pad|><|image_pad|><|image_pad|><|ima...",The window is to the right of the objects.,"Relative to the objects(blue bbox), the window(red bbox) is to the right and . To the observer, it might seem farther. The the window(red bbox) and the objects(blue bbox) are in front of the observer.
",42,201,0.0,0.020524522247468757,0.7759625315666199,0.45,0.5270861702328037,0.5270861702328037,sentence
321,obj_spatial_relation_oo_mv,"<|im_start|>system
You are a helpful assistant.<|im_end|>
<|im_start|>user
<|vision_start|><|image_pad|><|image_pad|><|image_pad|><|image_pad|><|image_pad|><|image_pad|><|image_pad|><|image_pad|><|ima...",The box is located to the left of the woofer speaker.,"Placing the box(red bbox) spatially, it is to the left and above the woofer speaker(blue bbox). This view also shows it as farther. The the box(red bbox) is behind the observer. The the woofer speaker(blue bbox) is in front of the observer.
",53,241,0.0,0.008466138843122736,0.766170859336853,0.15,0.42977865743705107,0.42977865743705107,sentence
322,obj_spatial_relation_oo_mv,"<|im_start|>system
You are a helpful assistant.<|im_end|>
<|im_start|>user
<|vision_start|><|image_pad|><|image_pad|><|image_pad|><|image_pad|><|image_pad|><|image_pad|><|image_pad|><|image_pad|><|ima...",The toilet brush holder is positioned to the right of the box in the observer's perspective.,"Looking at the setup, the toilet brush holder(red bbox) is positioned to the right and below the box(blue bbox). To the observer, it seems closer. The the toilet brush holder(red bbox) and the box(blue bbox) are in front of the observer.
",92,238,0.0,0.07382212338210685,0.882957398891449,0.3,0.5462431241221458,0.5462431241221458,sentence
323,obj_spatial_relation_oo_mv,"<|im_start|>system
You are a helpful assistant.<|im_end|>
<|im_start|>user
<|vision_start|><|image_pad|><|image_pad|><|image_pad|><|image_pad|><|image_pad|><|image_pad|><|image_pad|><|image_pad|><|ima...","The dustbin (red bbox: [657, 88, 734, 236]) is in front of the cloth (blue bbox: [0, 0, 100, 114]) based on the observer's perspective.","Placing the dustbin(red bbox) spatially, it is to the right and below the cloth(blue bbox). This view also shows it as closer. The the dustbin(red bbox) and the cloth(blue bbox) are in front of the observer.
",135,208,0.0,0.0698469278357412,0.8932362794876099,0.36000000000000004,0.5685875253109531,0.5685875253109531,sentence
324,obj_spatial_relation_oo_mv,"<|im_start|>system
You are a helpful assistant.<|im_end|>
<|im_start|>user
<|vision_start|><|image_pad|><|image_pad|><|image_pad|><|image_pad|><|image_pad|><|image_pad|><|image_pad|><|image_pad|><|ima...","The shoe (red bbox: [432, 500, 461, 526]) is positioned to the left of the boot (blue bbox: [320, 899, 401, 999]) in the first image, based on the 3D center points provided. In the second image, the shoe and the boot are not present, so a comparison cannot be made.","Describing spatially, the shoe(red bbox) is to the right and below in relation to the boot(blue bbox). It also appears closer. The the shoe(red bbox) and the boot(blue bbox) are in front of the observer.
",265,204,0.0,0.01626739260030573,0.8118411302566528,0.18000000000000002,0.46317404364838755,0.46317404364838755,sentence
325,obj_spatial_relation_oo_mv,"<|im_start|>system
You are a helpful assistant.<|im_end|>
<|im_start|>user
<|vision_start|><|image_pad|><|image_pad|><|image_pad|><|image_pad|><|image_pad|><|image_pad|><|image_pad|><|image_pad|><|ima...","In the first image, the boot is located to the left of the cup. In the second image, the boot and the cup are not visible, as they are not part of the scene. Therefore, it is not possible to compare their positions in the two images.","Relative to its surroundings, the boot(red bbox) is to the left below the cup(blue bbox). It is also farther from here. The the boot(red bbox) and the cup(blue bbox) are in front of the observer.
",233,196,0.0,0.037538292277644554,0.7026911973953247,0.45,0.4938532571531913,0.4938532571531913,sentence
326,obj_spatial_relation_oo_mv,"<|im_start|>system
You are a helpful assistant.<|im_end|>
<|im_start|>user
<|vision_start|><|image_pad|><|image_pad|><|image_pad|><|image_pad|><|image_pad|><|image_pad|><|image_pad|><|image_pad|><|ima...",The jacket is located to the left of the bottle.,"From the perspective provided, the jacket(red bbox) is to the left and above the bottle(blue bbox). This places it farther as well. The the jacket(red bbox) is behind the observer. The the bottle(blue bbox) is in front of the observer.
",48,236,0.0,0.007113179101525634,0.6988383531570435,0.15,0.3958418123988268,0.3958418123988268,sentence
327,obj_spatial_relation_oo_mv,"<|im_start|>system
You are a helpful assistant.<|im_end|>
<|im_start|>user
<|vision_start|><|image_pad|><|image_pad|><|image_pad|><|image_pad|><|image_pad|><|image_pad|><|image_pad|><|image_pad|><|ima...","The laptop (red bbox: [0, 242, 97, 358]) is located to the left of the cup (blue bbox: [271, 462, 339, 524]) in the first image. In the second image, the laptop is not visible, but it is reasonable to assume that the relative position of the laptop with respect to the cup remains the same as in the first image, since there is no indication that the laptop has been moved or the cup has been repositioned.","the laptop(red bbox) is observed to be to the right and below the cup(blue bbox). This also places it farther from the observer's perspective. The the laptop(red bbox) and the cup(blue bbox) are in front of the observer.
",406,221,0.0,0.009509867411364385,0.8041049838066101,0.3,0.4939544653855779,0.4939544653855779,sentence
328,obj_spatial_relation_oo_mv,"<|im_start|>system
You are a helpful assistant.<|im_end|>
<|im_start|>user
<|vision_start|><|image_pad|><|image_pad|><|image_pad|><|image_pad|><|image_pad|><|image_pad|><|image_pad|><|image_pad|><|ima...","The bottles (red bbox: [528, 681, 557, 796]) are located to the right of the faucet (blue bbox: [250, 884, 319, 990]) as seen from the observer's perspective.","the bottles(red bbox) is observed to the right below relative to the faucet(blue bbox). To the observer, it appears closer. The the bottles(red bbox) is behind the observer. The the faucet(blue bbox) is in front of the observer.
",158,229,0.0,0.03181199192482485,0.8754510879516602,0.15,0.48908794236079506,0.48908794236079506,sentence
329,obj_spatial_relation_oo_mv,"<|im_start|>system
You are a helpful assistant.<|im_end|>
<|im_start|>user
<|vision_start|><|image_pad|><|image_pad|><|image_pad|><|image_pad|><|image_pad|><|image_pad|><|image_pad|><|image_pad|><|ima...","The power cube is positioned to the right of the kitchen cabinet in the first image, as indicated by the translation vector in the camera pose. In the second image, the power cube is not visible, suggesting it is out of the frame. Therefore, we cannot determine its exact positioning relative to the kitchen cabinet in the second image based on the provided information.","To describe it, the power cube(red bbox) is to the right and  the kitchen cabinet(blue bbox). It seems closer from this viewpoint. The the power cube(red bbox) and the kitchen cabinet(blue bbox) are in front of the observer.
",370,225,0.0,0.030149639545515052,0.7353700995445251,0.45,0.5087149776813656,0.5087149776813656,sentence
330,obj_spatial_relation_oo_mv,"<|im_start|>system
You are a helpful assistant.<|im_end|>
<|im_start|>user
<|vision_start|><|image_pad|><|image_pad|><|image_pad|><|image_pad|><|image_pad|><|image_pad|><|image_pad|><|image_pad|><|ima...","The power sockets and the box are not visible in the images, as the objects are positioned outside the visual field. Therefore, it is not possible to determine the spatial relationship between the power sockets and the box based on the given information.","To describe the scene, the power sockets(red bbox) is to the left below the box(blue bbox). Additionally, it seems farther to the observer. The the power sockets(red bbox) and the box(blue bbox) are in front of the observer.
",254,225,0.0,0.020370521412036557,0.6753833293914795,0.18000000000000002,0.395765768978147,0.395765768978147,sentence
331,obj_spatial_relation_oo_mv,"<|im_start|>system
You are a helpful assistant.<|im_end|>
<|im_start|>user
<|vision_start|><|image_pad|><|image_pad|><|image_pad|><|image_pad|><|image_pad|><|image_pad|><|image_pad|><|image_pad|><|ima...","The whiteboard is located in front of the electrical duct, as it is closer to the camera and appears larger in the first image. In the second image, the whiteboard is further away from the electrical duct, as it is smaller and more distant.","From a spatial perspective, the whiteboard(red bbox) is to the right and  the elctrical duct(blue bbox). It looks farther in this view. The the whiteboard(red bbox) and the elctrical duct(blue bbox) are in front of the observer.
",240,229,0.0,0.08037965860638577,0.7220747470855713,0.675,0.5796133052640629,0.5796133052640629,sentence
332,obj_spatial_relation_oo_mv,"<|im_start|>system
You are a helpful assistant.<|im_end|>
<|im_start|>user
<|vision_start|><|image_pad|><|image_pad|><|image_pad|><|image_pad|><|image_pad|><|image_pad|><|image_pad|><|image_pad|><|ima...",There are none.,"When observing the chair(blue bbox), the whiteboard(red bbox) appears to the left above. Additionally, it is perceived as closer. The the whiteboard(red bbox) is behind the observer. The the chair(blue bbox) is in front of the observer.
",15,237,0.0,0.0,0.08675369620323181,0.0,0.08675369620323181,0.08675369620323181,sentence
333,obj_spatial_relation_oo_mv,"<|im_start|>system
You are a helpful assistant.<|im_end|>
<|im_start|>user
<|vision_start|><|image_pad|><|image_pad|><|image_pad|><|image_pad|><|image_pad|><|image_pad|><|image_pad|><|image_pad|><|ima...","The whiteboard eraser is located in front of the chair when viewed from the perspective of the observer. The eraser's position in the image is relative to the chair, indicating that the eraser is closer to the observer than the chair.","In this arrangement, the whiteboard eraser(red bbox) is positioned to the left above the chair(blue bbox). From the observer's perspective, it looks farther. The the whiteboard eraser(red bbox) is behind the observer. The the chair(blue bbox) is in front of the observer.
",234,272,0.0,0.12584233181061588,0.842692494392395,0.3,0.5365147135583207,0.5365147135583207,sentence
334,obj_spatial_relation_oo_mv,"<|im_start|>system
You are a helpful assistant.<|im_end|>
<|im_start|>user
<|vision_start|><|image_pad|><|image_pad|><|image_pad|><|image_pad|><|image_pad|><|image_pad|><|image_pad|><|image_pad|><|ima...","In the first image, the paper is located on the desk near the cabinet. In the second image, the desk is no longer present, and the cabinet is not in the same position as the first image, so it is not possible to determine the exact spatial relationship between the paper and the cabinet. The second image shows a different setup with a different desk and chair, and the paper is not visible in the second image.","the paper(red bbox) holds a position to the left and above the cabinet(blue bbox). From this vantage, it seems farther. The the paper(red bbox) and the cabinet(blue bbox) are in front of the observer.
",411,201,0.0,0.008102754557285676,0.6643720865249634,0.36000000000000004,0.4418065941739388,0.4418065941739388,sentence
335,obj_spatial_relation_oo_mv,"<|im_start|>system
You are a helpful assistant.<|im_end|>
<|im_start|>user
<|vision_start|><|image_pad|><|image_pad|><|image_pad|><|image_pad|><|image_pad|><|image_pad|><|image_pad|><|image_pad|><|ima...",The cabinet is to the left of the desk lamp.,"the cabinet(red bbox) is seen in a position to the right  the desk lamp(blue bbox). It seems farther in this setup. The the cabinet(red bbox) and the desk lamp(blue bbox) are in front of the observer.
",44,201,0.0,0.0059673503514104205,0.7568135261535645,0.18000000000000002,0.4336002331470643,0.4336002331470643,sentence
336,obj_spatial_relation_oo_mv,"<|im_start|>system
You are a helpful assistant.<|im_end|>
<|im_start|>user
<|vision_start|><|image_pad|><|image_pad|><|image_pad|><|image_pad|><|image_pad|><|image_pad|><|image_pad|><|image_pad|><|ima...",The mouse pad is to the left of the box.,"To describe the scene, the mouse pad(red bbox) is to the left below the box(blue bbox). Additionally, it seems farther to the observer. The the mouse pad(red bbox) and the box(blue bbox) are in front of the observer.
",40,217,0.0,0.021584416530299615,0.7369078397750854,0.18000000000000002,0.42677080319360267,0.42677080319360267,sentence
337,obj_spatial_relation_oo_mv,"<|im_start|>system
You are a helpful assistant.<|im_end|>
<|im_start|>user
<|vision_start|><|image_pad|><|image_pad|><|image_pad|><|image_pad|><|image_pad|><|image_pad|><|image_pad|><|image_pad|><|ima...",The telephone is to the right of the cabinet.,"the telephone(red bbox) lies to the right and above relative to the cabinet(blue bbox). It seems farther when viewed. The the telephone(red bbox) and the cabinet(blue bbox) are behind the observer.
",45,198,0.0,0.011701615394893632,0.6999744772911072,0.36000000000000004,0.4603275617245323,0.4603275617245323,sentence
338,obj_spatial_relation_oo_mv,"<|im_start|>system
You are a helpful assistant.<|im_end|>
<|im_start|>user
<|vision_start|><|image_pad|><|image_pad|><|image_pad|><|image_pad|><|image_pad|><|image_pad|><|image_pad|><|image_pad|><|ima...","The electrical duct is located above the mouse, as it is positioned on the wall, while the mouse is on the desk surface.","The observer notes the electrical duct(red bbox) is to the right above the mouse(blue bbox). Additionally, it appears closer. The the electrical duct(red bbox) and the mouse(blue bbox) are in front of the observer.
",120,215,0.0,0.018804514185313984,0.6738961935043335,0.18000000000000002,0.39470899958922956,0.39470899958922956,sentence
339,obj_spatial_relation_oo_mv,"<|im_start|>system
You are a helpful assistant.<|im_end|>
<|im_start|>user
<|vision_start|><|image_pad|><|image_pad|><|image_pad|><|image_pad|><|image_pad|><|image_pad|><|image_pad|><|image_pad|><|ima...",The window frame is to the left of the cabinet.,"the window frame(red bbox) appears situated to the left and above the cabinet(blue bbox). From this point, it seems farther. The the window frame(red bbox) is behind the observer. The the cabinet(blue bbox) is in front of the observer.
",47,236,0.0,0.008734254915150863,0.7585047483444214,0.3,0.47099922515524084,0.47099922515524084,sentence
340,obj_spatial_relation_oo_mv,"<|im_start|>system
You are a helpful assistant.<|im_end|>
<|im_start|>user
<|vision_start|><|image_pad|><|image_pad|><|image_pad|><|image_pad|><|image_pad|><|image_pad|><|image_pad|><|image_pad|><|ima...",The windowsill is located above the keyboard in the two images.,"the windowsill(red bbox) lies visibly  and above the keyboard(blue bbox). From this angle, it seems farther. The the windowsill(red bbox) and the keyboard(blue bbox) are in front of the observer.
",63,196,0.0,0.008910789644856339,0.7209646701812744,0.45,0.4972644930196085,0.4972644930196085,sentence
341,obj_spatial_relation_oo_mv,"<|im_start|>system
You are a helpful assistant.<|im_end|>
<|im_start|>user
<|vision_start|><|image_pad|><|image_pad|><|image_pad|><|image_pad|><|image_pad|><|image_pad|><|image_pad|><|image_pad|><|ima...","In the first image (the whiteboard), the whiteboard eraser (red bbox: [150, 160, 194, 207]) is located on the whiteboard. In the second image (the desk with the keyboard), the keyboard (blue bbox: [741, 246, 789, 270]) is on the desk. Based on the provided camera poses and translation vectors, it is not possible to directly compare the positions of the whiteboard eraser and the keyboard due to the lack of overlapping objects and the different camera poses. However, the whiteboard eraser is likely to be on a higher plane (the whiteboard) compared to the keyboard which is on a desk, indicating that the whiteboard eraser is above the keyboard in the real-world scenario.","the whiteboard eraser(red bbox) lies spatially to the left above the keyboard(blue bbox). It is also observed to be closer. The the whiteboard eraser(red bbox) and the keyboard(blue bbox) are in front of the observer.
",675,218,0.0,0.009737770815848574,0.7952876091003418,0.36000000000000004,0.5075913587133406,0.5075913587133406,sentence
342,obj_spatial_relation_oo_mv,"<|im_start|>system
You are a helpful assistant.<|im_end|>
<|im_start|>user
<|vision_start|><|image_pad|><|image_pad|><|image_pad|><|image_pad|><|image_pad|><|image_pad|><|image_pad|><|image_pad|><|ima...","The office chair (red bbox: [500, 0, 589, 179]) is located to the right of the power sockets (blue bbox: [238, 272, 263, 290]) in the first image, based on the primary viewpoint. The office chair is further away from the power sockets compared to the observer's perspective, indicating that the chair is positioned behind the power sockets.","the office chair(red bbox) stands to the right and  relative to the power sockets(blue bbox). It also appears farther in this configuration. The the office chair(red bbox) and the power sockets(blue bbox) are in front of the observer.
",340,235,0.0,0.033484136291159296,0.9321315884590149,0.675,0.6752626214877393,0.6752626214877393,sentence
343,obj_spatial_relation_oo_mv,"<|im_start|>system
You are a helpful assistant.<|im_end|>
<|im_start|>user
<|vision_start|><|image_pad|><|image_pad|><|image_pad|><|image_pad|><|image_pad|><|image_pad|><|image_pad|><|image_pad|><|ima...",The electrical duct is in front of the table.,"From this angle, the electrical duct(red bbox) is seen to the left above in relation to the table(blue bbox).  The the electrical duct(red bbox) and the table(blue bbox) are in front of the observer.
",45,200,0.0,0.02293654498836295,0.6695237755775452,0.45,0.47434919678644516,0.47434919678644516,sentence
344,obj_spatial_relation_oo_mv,"<|im_start|>system
You are a helpful assistant.<|im_end|>
<|im_start|>user
<|vision_start|><|image_pad|><|image_pad|><|image_pad|><|image_pad|><|image_pad|><|image_pad|><|image_pad|><|image_pad|><|ima...","There is no shopping bag visible in the first image, so we cannot compare its position with the bag in the second image.","the bag(red bbox) is clearly to the left and  the shopping bag(blue bbox). When observed, it is closer. The the bag(red bbox) and the shopping bag(blue bbox) are in front of the observer.
",120,188,0.0,0.008391974837571911,0.7285400629043579,0.225,0.43344842641969333,0.43344842641969333,sentence
345,obj_spatial_relation_oo_mv,"<|im_start|>system
You are a helpful assistant.<|im_end|>
<|im_start|>user
<|vision_start|><|image_pad|><|image_pad|><|image_pad|><|image_pad|><|image_pad|><|image_pad|><|image_pad|><|image_pad|><|ima...","There is no direct spatial relationship between the heater and the box as the first image does not contain the box, and the second image is a different room with different objects.","Describing spatially, the heater(red bbox) is to the left and below in relation to the box(blue bbox). It also appears farther. The the heater(red bbox) and the box(blue bbox) are in front of the observer.
",180,206,0.0,0.0158872839577806,0.656198263168335,0.18000000000000002,0.3852765883757236,0.3852765883757236,sentence
346,obj_spatial_relation_oo_mv,"<|im_start|>system
You are a helpful assistant.<|im_end|>
<|im_start|>user
<|vision_start|><|image_pad|><|image_pad|><|image_pad|><|image_pad|><|image_pad|><|image_pad|><|image_pad|><|image_pad|><|ima...","The electrical duct is not present in the first image, and there is no monitor visible in the second image. Therefore, it is not possible to compare their positions.","the electrical duct(red bbox), as observed, is located to the right  the monitor(blue bbox). It appears to be farther from this perspective. The the electrical duct(red bbox) and the monitor(blue bbox) are in front of the observer.
",165,232,0.0,0.015128015739945211,0.6329195499420166,0.225,0.38698537811899736,0.38698537811899736,sentence
347,obj_spatial_relation_oo_mv,"<|im_start|>system
You are a helpful assistant.<|im_end|>
<|im_start|>user
<|vision_start|><|image_pad|><|image_pad|><|image_pad|><|image_pad|><|image_pad|><|image_pad|><|image_pad|><|image_pad|><|ima...",The window is to the left of the cable socket.,"From this angle, the window(red bbox) is seen to the right above in relation to the cable socket(blue bbox). It may also be farther. The the window(red bbox) and the cable socket(blue bbox) are in front of the observer.
",46,220,0.0,0.004420721869516291,0.7620670199394226,0.18000000000000002,0.43591765434361457,0.43591765434361457,sentence
348,obj_spatial_relation_oo_mv,"<|im_start|>system
You are a helpful assistant.<|im_end|>
<|im_start|>user
<|vision_start|><|image_pad|><|image_pad|><|image_pad|><|image_pad|><|image_pad|><|image_pad|><|image_pad|><|image_pad|><|ima...",It is not possible to determine the relative position of the power sockets to the cabinet based on the given information.,"the power sockets(red bbox), as observed, is located to the left  the cabinet(blue bbox). It appears to be closer from this perspective. The the power sockets(red bbox) and the cabinet(blue bbox) are in front of the observer.
",121,226,0.0,0.0177447722942925,0.6286576986312866,0.225,0.3853778037745018,0.3853778037745018,sentence
349,obj_spatial_relation_oo_mv,"<|im_start|>system
You are a helpful assistant.<|im_end|>
<|im_start|>user
<|vision_start|><|image_pad|><|image_pad|><|image_pad|><|image_pad|><|image_pad|><|image_pad|><|image_pad|><|image_pad|><|ima...","In the first image, the office chair (red bbox: [77, 447, 382, 999]) is located to the left of the power sockets (blue bbox: [324, 603, 344, 622]). In the second image, the office chair (red bbox: [77, 447, 382, 999]) is also to the left of the power sockets (blue bbox: [324, 603, 344, 622]). Therefore, in both images, the office chair is spatially to the left of the power sockets.","Relative to its surroundings, the office chair(red bbox) is to the right  the power sockets(blue bbox). It is also closer from here. The the office chair(red bbox) and the power sockets(blue bbox) are in front of the observer.
",384,227,0.0,0.01502997098885301,0.8981317281723022,0.225,0.5195718582839217,0.5195718582839217,sentence
350,obj_spatial_relation_oo_mv,"<|im_start|>system
You are a helpful assistant.<|im_end|>
<|im_start|>user
<|vision_start|><|image_pad|><|image_pad|><|image_pad|><|image_pad|><|image_pad|><|image_pad|><|image_pad|><|image_pad|><|ima...","The toilet and the toilet brush are not visible in the provided images, so it is impossible to determine their alignment based on the given information.","Looking closer, the toilet(red bbox) is to the left  in relation to the toilet brush(blue bbox). It might also be closer. The the toilet(red bbox) and the toilet brush(blue bbox) are in front of the observer.
",152,209,0.0,0.03831123723100822,0.596643328666687,0.225,0.37348391177954515,0.37348391177954515,sentence
351,obj_spatial_relation_oo_mv,"<|im_start|>system
You are a helpful assistant.<|im_end|>
<|im_start|>user
<|vision_start|><|image_pad|><|image_pad|><|image_pad|><|image_pad|><|image_pad|><|image_pad|><|image_pad|><|image_pad|><|ima...",There are none.,"The observer notes the trash can(red bbox) is to the left  the toilet brush bowl(blue bbox). Additionally, it appears farther. The the trash can(red bbox) is behind the observer. The the toilet brush bowl(blue bbox) is in front of the observer.
",15,245,0.0,0.0,0.10771387815475464,0.0,0.10771387815475464,0.10771387815475464,sentence
352,obj_spatial_relation_oo_mv,"<|im_start|>system
You are a helpful assistant.<|im_end|>
<|im_start|>user
<|vision_start|><|image_pad|><|image_pad|><|image_pad|><|image_pad|><|image_pad|><|image_pad|><|image_pad|><|image_pad|><|ima...",The toilet paper dispenser is located to the left of the trash can in the first image.,"From the observer's standpoint, the toilet paper dispenser(red bbox) sits to the right above the trash can(blue bbox). It can also be considered closer. The the toilet paper dispenser(red bbox) and the trash can(blue bbox) are in front of the observer.
",86,253,0.0,0.02414193082426628,0.7509576678276062,0.15,0.42530722007865635,0.42530722007865635,sentence
353,obj_spatial_relation_oo_mv,"<|im_start|>system
You are a helpful assistant.<|im_end|>
<|im_start|>user
<|vision_start|><|image_pad|><|image_pad|><|image_pad|><|image_pad|><|image_pad|><|image_pad|><|image_pad|><|image_pad|><|ima...","In the main view (Image 1), the light switch is positioned to the left of the trash can, while in the second image (Image 2), the light switch appears to be in a similar position relative to the trash can, but due to the camera angle, it is not as clearly visible. The distance between the light switch and the trash can in the main view seems to be smaller than in the second image.","To describe the scene, the light switch(red bbox) is to the left above the trash can(blue bbox). Additionally, it seems closer to the observer. The the light switch(red bbox) and the trash can(blue bbox) are in front of the observer.
",383,234,0.0,0.034515407117466444,0.7546868324279785,0.36000000000000004,0.4922464976374825,0.4922464976374825,sentence
354,obj_spatial_relation_oo_mv,"<|im_start|>system
You are a helpful assistant.<|im_end|>
<|im_start|>user
<|vision_start|><|image_pad|><|image_pad|><|image_pad|><|image_pad|><|image_pad|><|image_pad|><|image_pad|><|image_pad|><|ima...","In the first image, the sink is positioned in the foreground and is oriented towards the right side of the frame, with the soap dispenser placed to the left and slightly behind the sink. In the second image, the sink is oriented towards the right side of the frame as well, but the soap dispenser is not visible in the image, indicating it might be out of the frame or the perspective has shifted, making it difficult to determine its precise location relative to the sink. However, it's clear that the sink is oriented in a similar manner in both images, facing the same general direction.","the sink(red bbox) is seen to be  below the soap dispenser(blue bbox). It may also appear closer to the observer. The the sink(red bbox) and the soap dispenser(blue bbox) are in front of the observer.
",590,201,0.0,0.008690320550393758,0.7078167796134949,0.225,0.4231464539168262,0.4231464539168262,sentence
355,obj_spatial_relation_oo_mv,"<|im_start|>system
You are a helpful assistant.<|im_end|>
<|im_start|>user
<|vision_start|><|image_pad|><|image_pad|><|image_pad|><|image_pad|><|image_pad|><|image_pad|><|image_pad|><|image_pad|><|ima...",The toilet paper dispenser is to the left of the pipe.,"the toilet paper dispenser(red bbox) is noted to be to the left above the pipe(blue bbox). It might be perceived as farther from this view. The the toilet paper dispenser(red bbox) and the pipe(blue bbox) are in front of the observer.
",54,235,0.0,0.012007147228248383,0.7666431665420532,0.18000000000000002,0.4397230127166763,0.4397230127166763,sentence
356,obj_spatial_relation_oo_mv,"<|im_start|>system
You are a helpful assistant.<|im_end|>
<|im_start|>user
<|vision_start|><|image_pad|><|image_pad|><|image_pad|><|image_pad|><|image_pad|><|image_pad|><|image_pad|><|image_pad|><|ima...","The trash can is positioned to the right of the toilet brush bowl in the first image, and in the second image, the same relative position is maintained with the trash can being to the right of the toilet brush bowl.","In relation to the toilet brush bowl(blue bbox), the trash can(red bbox) is positioned to the right and . It also seems closer from here. The the trash can(red bbox) and the toilet brush bowl(blue bbox) are in front of the observer.
",215,233,0.0,0.17716805624916,0.8174737691879272,0.45,0.5791704958437957,0.5791704958437957,sentence
357,obj_spatial_relation_oo_mv,"<|im_start|>system
You are a helpful assistant.<|im_end|>
<|im_start|>user
<|vision_start|><|image_pad|><|image_pad|><|image_pad|><|image_pad|><|image_pad|><|image_pad|><|image_pad|><|image_pad|><|ima...",The toilet paper holder is to the left of the trash can.,"In reference to the trash can(blue bbox), the toilet paper holder(red bbox) is to the left and above. It also appears closer when observed. The the toilet paper holder(red bbox) and the trash can(blue bbox) are in front of the observer.
",56,237,0.0,0.032531621865231765,0.7791663408279419,0.18000000000000002,0.4500894947870173,0.4500894947870173,sentence
358,obj_spatial_relation_oo_mv,"<|im_start|>system
You are a helpful assistant.<|im_end|>
<|im_start|>user
<|vision_start|><|image_pad|><|image_pad|><|image_pad|><|image_pad|><|image_pad|><|image_pad|><|image_pad|><|image_pad|><|ima...","The toilet paper and the toilet brush bowl are not in the same image, and therefore their relative orientation cannot be determined.","In this arrangement, the toilet paper(red bbox) is positioned to the left above the toilet brush bowl(blue bbox). From the observer's perspective, it looks closer. The the toilet paper(red bbox) and the toilet brush bowl(blue bbox) are in front of the observer.
",132,262,0.0,0.05733417473767041,0.6549745798110962,0.18000000000000002,0.3929541248530822,0.3929541248530822,sentence
359,obj_spatial_relation_oo_mv,"<|im_start|>system
You are a helpful assistant.<|im_end|>
<|im_start|>user
<|vision_start|><|image_pad|><|image_pad|><|image_pad|><|image_pad|><|image_pad|><|image_pad|><|image_pad|><|image_pad|><|ima...","It is not possible to determine the relative position of the trash can (red bbox: [816, 236, 943, 458]) to the soap dispenser (blue bbox: [0, 0, 130, 386]) based on the given information.","the trash can(red bbox) appears to the observer as being to the right and below the soap dispenser(blue bbox). It also seems farther. The the trash can(red bbox) and the soap dispenser(blue bbox) are in front of the observer.
",187,226,0.0,0.021135962512427636,0.7738624811172485,0.18000000000000002,0.4451584330611098,0.4451584330611098,sentence
360,obj_spatial_relation_oo_mv,"<|im_start|>system
You are a helpful assistant.<|im_end|>
<|im_start|>user
<|vision_start|><|image_pad|><|image_pad|><|image_pad|><|image_pad|><|image_pad|><|image_pad|><|image_pad|><|image_pad|><|ima...","The electrical duct is located above the chair, as it is on the wall and not on the floor. The chair is on the floor, and there is no information about the exact positions of the electrical duct and the chair in the 3D space, so it is not possible to determine the relative positions based on the given information.","the electrical duct(red bbox) lies spatially to the left above the chair(blue bbox). It is also observed to be closer. The the electrical duct(red bbox) and the chair(blue bbox) are in front of the observer.
",315,208,0.0,0.01692354265821558,0.7238848209381104,0.36000000000000004,0.4733271190006983,0.4733271190006983,sentence
361,obj_spatial_relation_oo_mv,"<|im_start|>system
You are a helpful assistant.<|im_end|>
<|im_start|>user
<|vision_start|><|image_pad|><|image_pad|><|image_pad|><|image_pad|><|image_pad|><|image_pad|><|image_pad|><|image_pad|><|ima...","The power socket (red bbox: [303, 394, 362, 430]) is located to the right of the power socket (blue bbox: [158, 115, 178, 132]) in the first image, based on the 3D center points of these objects.","the power socket(red bbox) can be identified as to the right above the power socket(blue bbox).  The the power socket(red bbox) and the power socket(blue bbox) are in front of the observer.
",195,190,0.0,0.04315964619089053,0.8326931595802307,0.45,0.5599785090282935,0.5599785090282935,sentence
362,obj_spatial_relation_oo_mv,"<|im_start|>system
You are a helpful assistant.<|im_end|>
<|im_start|>user
<|vision_start|><|image_pad|><|image_pad|><|image_pad|><|image_pad|><|image_pad|><|image_pad|><|image_pad|><|image_pad|><|ima...","The window sill (red bbox: [131, 265, 999, 559]) is located below the light switch (blue bbox: [198, 167, 238, 215]) in the first image, which serves as the main viewpoint for the observer.","When observing the light switch(blue bbox), the window sill(red bbox) appears to the right above. Additionally, it is perceived as farther. The the window sill(red bbox) and the light switch(blue bbox) are in front of the observer.
",189,232,0.0,0.021363984359735043,0.8135700225830078,0.18000000000000002,0.4650578081634509,0.4650578081634509,sentence
363,obj_spatial_relation_oo_mv,"<|im_start|>system
You are a helpful assistant.<|im_end|>
<|im_start|>user
<|vision_start|><|image_pad|><|image_pad|><|image_pad|><|image_pad|><|image_pad|><|image_pad|><|image_pad|><|image_pad|><|ima...",The light switch is located to the right of the split from the observer's point of view.,"From the observer's standpoint, the light switch(red bbox) sits to the right above the split(blue bbox). It can also be considered farther. The the light switch(red bbox) and the split(blue bbox) are in front of the observer.
",88,226,0.0,0.03712475337267309,0.8061002492904663,0.3,0.5004750753197678,0.5004750753197678,sentence
364,obj_spatial_relation_oo_mv,"<|im_start|>system
You are a helpful assistant.<|im_end|>
<|im_start|>user
<|vision_start|><|image_pad|><|image_pad|><|image_pad|><|image_pad|><|image_pad|><|image_pad|><|image_pad|><|image_pad|><|ima...","The power socket (red bbox: [340, 590, 377, 624]) is not in the same room as the blinds (blue bbox: [612, 108, 999, 930]). The power socket is located in the room where the whiteboard is (Image 3), while the blinds are located in a different room (Image 5).","Placing the power socket(red bbox) spatially, it is to the left and  the blinds(blue bbox). This view also shows it as farther. The the power socket(red bbox) is in front of the observer. The the blinds(blue bbox) is  the observer.
",257,232,0.0,0.015318500535118459,0.7985656261444092,0.225,0.46984651317922826,0.46984651317922826,sentence
365,obj_spatial_relation_oo_mv,"<|im_start|>system
You are a helpful assistant.<|im_end|>
<|im_start|>user
<|vision_start|><|image_pad|><|image_pad|><|image_pad|><|image_pad|><|image_pad|><|image_pad|><|image_pad|><|image_pad|><|ima...","The electrical duct (red bbox: [32, 14, 281, 140]) is positioned to the left of the blinds (blue bbox: [681, 428, 814, 993]) from the observer's viewpoint in the first image. The direction is left-to-right.","From this observation point, the electrical duct(red bbox) appears to the left above the blinds(blue bbox). It seems closer as well. The the electrical duct(red bbox) and the blinds(blue bbox) are in front of the observer.
",206,223,0.0,0.042963452709167876,0.9273054599761963,0.36000000000000004,0.5802454205299317,0.5802454205299317,sentence
366,obj_spatial_relation_oo_mv,"<|im_start|>system
You are a helpful assistant.<|im_end|>
<|im_start|>user
<|vision_start|><|image_pad|><|image_pad|><|image_pad|><|image_pad|><|image_pad|><|image_pad|><|image_pad|><|image_pad|><|ima...","The whiteboard (red bbox: [596, 0, 999, 285]) is positioned higher and to the right of the whiteboard eraser (blue bbox: [19, 56, 61, 90]) in the observer's view. This is evident from the camera poses and the relative positions of the objects in the images.","From the observer's standpoint, the whiteboard(red bbox) sits to the right above the whiteboard eraser(blue bbox). It can also be considered closer. The the whiteboard(red bbox) and the whiteboard eraser(blue bbox) are in front of the observer.
",257,245,0.0,0.04316799301431668,0.8577807545661926,0.45,0.5725239758859597,0.5725239758859597,sentence
367,obj_spatial_relation_oo_mv,"<|im_start|>system
You are a helpful assistant.<|im_end|>
<|im_start|>user
<|vision_start|><|image_pad|><|image_pad|><|image_pad|><|image_pad|><|image_pad|><|image_pad|><|image_pad|><|image_pad|><|ima...","The chair (red bbox: [419, 195, 456, 389]) appears to the left of the light switch (blue bbox: [714, 776, 776, 840]) in the first image, and it appears to the right of the light switch in the fourth image (which corresponds to the second image in the plucker ray visualization).","Relative to the light switch(blue bbox), the chair(red bbox) is to the left and . To the observer, it might seem closer. The the chair(red bbox) and the light switch(blue bbox) are in front of the observer.
",278,207,0.0,0.03807134866446315,0.7960772514343262,0.45,0.5406528954500557,0.5406528954500557,sentence
368,obj_spatial_relation_oo_mv,"<|im_start|>system
You are a helpful assistant.<|im_end|>
<|im_start|>user
<|vision_start|><|image_pad|><|image_pad|><|image_pad|><|image_pad|><|image_pad|><|image_pad|><|image_pad|><|image_pad|><|ima...",The chair is to the right of the electrical duct.,"From this observation point, the chair(red bbox) appears to the left below the electrical duct(blue bbox). It seems farther as well. The the chair(red bbox) and the electrical duct(blue bbox) are in front of the observer.
",49,222,0.0,0.00574175740558999,0.7736189365386963,0.0,0.5542254567863802,0.5542254567863802,sentence
369,obj_spatial_relation_oo_mv,"<|im_start|>system
You are a helpful assistant.<|im_end|>
<|im_start|>user
<|vision_start|><|image_pad|><|image_pad|><|image_pad|><|image_pad|><|image_pad|><|image_pad|><|image_pad|><|image_pad|><|ima...","The power socket in the first image is located at coordinates (264, 152) while the power socket in the second image is at coordinates (324, 189). Based on the camera poses and intrinsic parameters, the relative spatial arrangement of these objects cannot be determined directly from the provided information.","Relative to its surroundings, the power socket(red bbox) is to the left above the power socket(blue bbox). It is also closer from here. The the power socket(red bbox) is behind the observer. The the power socket(blue bbox) is in front of the observer.
",308,252,0.0,0.01558500916206472,0.648440957069397,0.15,0.3723374803671114,0.3723374803671114,sentence
370,obj_spatial_relation_oo_mv,"<|im_start|>system
You are a helpful assistant.<|im_end|>
<|im_start|>user
<|vision_start|><|image_pad|><|image_pad|><|image_pad|><|image_pad|><|image_pad|><|image_pad|><|image_pad|><|image_pad|><|ima...",The heater is located to the left of the table in the two images.,"the heater(red bbox) seems to occupy a position to the left and  in relation to the table(blue bbox). This makes it appear farther. The the heater(red bbox) and the table(blue bbox) are in front of the observer.
",65,212,0.0,0.019337827814950068,0.7026427984237671,0.36000000000000004,0.46318896477487354,0.46318896477487354,sentence
371,obj_spatial_relation_oo_mv,"<|im_start|>system
You are a helpful assistant.<|im_end|>
<|im_start|>user
<|vision_start|><|image_pad|><|image_pad|><|image_pad|><|image_pad|><|image_pad|><|image_pad|><|image_pad|><|image_pad|><|ima...","The blind rod (red bbox: [636, 384, 999, 722]) is placed on top of the window frame (blue bbox: [0, 41, 200, 499]) in the first image. In the second image, the blind rod is also placed on top of the window frame, but the window frame appears to be shifted slightly to the right compared to the first image. The third image does not show the window frame, but rather a different wall with a different pattern.","the blind rod(red bbox) lies to the right and above relative to the window frame(blue bbox). It seems closer when viewed. The the blind rod(red bbox) and the window frame(blue bbox) are in front of the observer.
",408,212,0.0,0.024727912000430983,0.8446279168128967,0.54,0.5892595408065346,0.5892595408065346,sentence
372,obj_spatial_relation_oo_mv,"<|im_start|>system
You are a helpful assistant.<|im_end|>
<|im_start|>user
<|vision_start|><|image_pad|><|image_pad|><|image_pad|><|image_pad|><|image_pad|><|image_pad|><|image_pad|><|image_pad|><|ima...","In the first image, the whiteboard marker is located on a table with a chair in front of it, and it is in the foreground. The window frame is not visible in the first image. In the second image, the whiteboard marker is in the foreground and is not located in front of the window frame. The window frame is visible and is located behind the table and chairs. The first image is taken from a different angle and the second image is taken from a different location, so the relative spatial positioning cannot be accurately calculated using the given information.","From this viewpoint, the whiteboard marker(red bbox) appears to the right, below the window frame(blue bbox). Additionally, it seems closer. The the whiteboard marker(red bbox) is in front of the observer. The the window frame(blue bbox) is behind the observer.
",560,262,0.0,0.0443177077198269,0.6649608612060547,0.45,0.47634397214699276,0.47634397214699276,sentence
373,obj_spatial_relation_oo_mv,"<|im_start|>system
You are a helpful assistant.<|im_end|>
<|im_start|>user
<|vision_start|><|image_pad|><|image_pad|><|image_pad|><|image_pad|><|image_pad|><|image_pad|><|image_pad|><|image_pad|><|ima...","The ethernet socket (red bbox: [933, 700, 951, 730]) is located to the right and slightly below the power socket (blue bbox: [651, 799, 699, 836]) in the second image.","the ethernet socket(red bbox) occupies a to the right and above spot relative to the power socket(blue bbox). It might also seem closer. The the ethernet socket(red bbox) and the power socket(blue bbox) are in front of the observer.
",167,233,0.0,0.08226240332022132,0.7855626344680786,0.36000000000000004,0.5172337978980835,0.5172337978980835,sentence
374,obj_spatial_relation_oo_mv,"<|im_start|>system
You are a helpful assistant.<|im_end|>
<|im_start|>user
<|vision_start|><|image_pad|><|image_pad|><|image_pad|><|image_pad|><|image_pad|><|image_pad|><|image_pad|><|image_pad|><|ima...","The paper sign (red bbox: [448, 749, 623, 937]) is located in front of the pipe (blue bbox: [489, 648, 507, 722]) relative to the observer.","the paper sign(red bbox) is clearly to the right and above the pipe(blue bbox). When observed, it is closer. The the paper sign(red bbox) and the pipe(blue bbox) are in front of the observer.
",139,192,0.0,0.09941527806251362,0.8873037695884705,0.36000000000000004,0.5715349404067379,0.5715349404067379,sentence
375,obj_spatial_relation_oo_mv,"<|im_start|>system
You are a helpful assistant.<|im_end|>
<|im_start|>user
<|vision_start|><|image_pad|><|image_pad|><|image_pad|><|image_pad|><|image_pad|><|image_pad|><|image_pad|><|image_pad|><|ima...","The controller is located to the right of the window (blue bbox: [501, 420, 617, 713]) from the observer's viewpoint in the first image.","In the scene, the controller(red bbox) is to the right below the window(blue bbox). It is also perceived as closer relative to the observer. The the controller(red bbox) and the window(blue bbox) are in front of the observer.
",136,226,0.0,0.03511812228291255,0.792805016040802,0.36000000000000004,0.5114261324769835,0.5114261324769835,sentence
376,obj_spatial_relation_oo_mv,"<|im_start|>system
You are a helpful assistant.<|im_end|>
<|im_start|>user
<|vision_start|><|image_pad|><|image_pad|><|image_pad|><|image_pad|><|image_pad|><|image_pad|><|image_pad|><|image_pad|><|ima...","The office chair (red bbox: [130, 594, 468, 976]) is to the left of the whiteboard marker (blue bbox: [373, 528, 433, 553]) in the first image. There is no corresponding bounding box for the office chair in the second image, so we cannot compare their positions in both images.","the office chair(red bbox) appears to the observer as being to the right and below the whiteboard marker(blue bbox). It also seems farther. The the office chair(red bbox) and the whiteboard marker(blue bbox) are in front of the observer.
",277,238,0.0,0.018151458107790883,0.7973101139068604,0.18000000000000002,0.45628534857498837,0.45628534857498837,sentence
377,obj_spatial_relation_oo_mv,"<|im_start|>system
You are a helpful assistant.<|im_end|>
<|im_start|>user
<|vision_start|><|image_pad|><|image_pad|><|image_pad|><|image_pad|><|image_pad|><|image_pad|><|image_pad|><|image_pad|><|ima...","In the first image, the power socket (red bbox: [68, 103, 105, 202]) is located on the wall, and the cable duct (blue bbox: [0, 187, 986, 999]) is not visible as it's the wall itself. The observer's point of view in the first image is from the side, looking at the wall. The second image is a close-up of the wall with the power socket and the cable duct visible. The power socket is still located on the wall, and the cable duct is now visible as the wall is closer. The observer's point of view in the second image is also from the side, looking at the wall.","Describing spatially, the power socket(red bbox) is to the left and  in relation to the cable duct(blue bbox). It also appears closer. The the power socket(red bbox) and the cable duct(blue bbox) are in front of the observer.
",560,226,0.0,0.01760176551538393,0.838187575340271,0.45,0.5576141407732123,0.5576141407732123,sentence
378,obj_spatial_relation_oo_mv,"<|im_start|>system
You are a helpful assistant.<|im_end|>
<|im_start|>user
<|vision_start|><|image_pad|><|image_pad|><|image_pad|><|image_pad|><|image_pad|><|image_pad|><|image_pad|><|image_pad|><|ima...","In the first image, the heater is placed on the floor near the baseboard, and the blind rod is positioned on the window frame. There is no direct directional relationship in terms of being above or below, as they are at different levels. In the second image, the blind rod is also on the window frame, and the heater is not visible, which suggests it might be positioned below the blind rod, potentially on the floor. However, without seeing the heater in the second image, we cannot definitively say if the directional relationship is the same or different. The camera poses and intrinsic parameters provided do not give enough information to calculate the 3D positions and therefore cannot be used to judge the exact directional relationship.","From this position, the heater(red bbox) looks to the right below the blind rod(blue bbox). It is also farther as seen. The the heater(red bbox) and the blind rod(blue bbox) are in front of the observer.
",744,204,0.0,0.01677013511024314,0.6176811456680298,0.36000000000000004,0.4201945998560635,0.4201945998560635,sentence
379,obj_spatial_relation_oo_mv,"<|im_start|>system
You are a helpful assistant.<|im_end|>
<|im_start|>user
<|vision_start|><|image_pad|><|image_pad|><|image_pad|><|image_pad|><|image_pad|><|image_pad|><|image_pad|><|image_pad|><|ima...","The cable (red bbox: [596, 776, 622, 818]) appears to the right of the pipe (blue bbox: [19, 667, 46, 743]) in the two images.","the cable(red bbox) can be spotted to the left and above the pipe(blue bbox). The observer may perceive it as farther. The the cable(red bbox) and the pipe(blue bbox) are in front of the observer.
",126,197,0.0,0.017467822668204604,0.7625068426132202,0.18000000000000002,0.438746985840251,0.438746985840251,sentence
380,obj_spatial_relation_oo_mv,"<|im_start|>system
You are a helpful assistant.<|im_end|>
<|im_start|>user
<|vision_start|><|image_pad|><|image_pad|><|image_pad|><|image_pad|><|image_pad|><|image_pad|><|image_pad|><|image_pad|><|ima...","The shoes are located in the first image, and the hand sanitizer stand is in the third image. Based on the 3D center points and the camera poses, the shoes are to the right and slightly behind the hand sanitizer stand from the observer's perspective.","the shoes(red bbox) lies visibly to the left and  the hand sanitizer stand(blue bbox). From this angle, it seems farther. The the shoes(red bbox) and the hand sanitizer stand(blue bbox) are in front of the observer.
",250,216,0.0,0.09995886586466389,0.7616298198699951,0.225,0.46830668310793033,0.46830668310793033,sentence
381,obj_spatial_relation_oo_mv,"<|im_start|>system
You are a helpful assistant.<|im_end|>
<|im_start|>user
<|vision_start|><|image_pad|><|image_pad|><|image_pad|><|image_pad|><|image_pad|><|image_pad|><|image_pad|><|image_pad|><|ima...","The pillar is to the left of the hand sanitizer stand when viewed from the main image perspective (Image 2690). The pillar is closer to the left edge of the image, while the hand sanitizer stand is positioned more towards the center, suggesting the pillar is to the left of the stand.","When observing the hand sanitizer stand(blue bbox), the pillar(red bbox) appears to the left . Additionally, it is perceived as farther. The the pillar(red bbox) and the hand sanitizer stand(blue bbox) are in front of the observer.
",284,232,0.0,0.04768699084178419,0.7713568806648254,0.45,0.5302158385007696,0.5302158385007696,sentence
382,obj_spatial_relation_oo_mv,"<|im_start|>system
You are a helpful assistant.<|im_end|>
<|im_start|>user
<|vision_start|><|image_pad|><|image_pad|><|image_pad|><|image_pad|><|image_pad|><|image_pad|><|image_pad|><|image_pad|><|ima...","The coffee table (red bbox: [558, 829, 801, 999]) is located to the right of the pillow (blue bbox: [436, 907, 467, 944]) based on the observer's direction.","To the observer, the coffee table(red bbox) seems to the left and below the pillow(blue bbox). It is perceived as farther. The the coffee table(red bbox) and the pillow(blue bbox) are in front of the observer.
",156,210,0.0,0.019865975004561817,0.8596367239952087,0.0,0.6197022242835953,0.6197022242835953,sentence
383,obj_spatial_relation_oo_mv,"<|im_start|>system
You are a helpful assistant.<|im_end|>
<|im_start|>user
<|vision_start|><|image_pad|><|image_pad|><|image_pad|><|image_pad|><|image_pad|><|image_pad|><|image_pad|><|image_pad|><|ima...","The switch (red bbox: [291, 247, 293, 253]) is to the left of the exit sign (blue bbox: [939, 260, 954, 269]) in the first image.","the switch(red bbox) appears to the observer as being to the left and below the exit sign(blue bbox). It also seems closer. The the switch(red bbox) and the exit sign(blue bbox) are in front of the observer.
",129,208,0.0,0.03686570499594804,0.7836719751358032,0.36000000000000004,0.5072091285670912,0.5072091285670912,sentence
384,obj_spatial_relation_oo_mv,"<|im_start|>system
You are a helpful assistant.<|im_end|>
<|im_start|>user
<|vision_start|><|image_pad|><|image_pad|><|image_pad|><|image_pad|><|image_pad|><|image_pad|><|image_pad|><|image_pad|><|ima...","The power socket and the pillow are not visible in the images provided. Therefore, it's not possible to compare their positions.","The arrangement shows the power socket(red bbox) as to the left below the pillow(blue bbox). It also seems closer from this view. The the power socket(red bbox) and the pillow(blue bbox) are in front of the observer.
",128,217,0.0,0.01516422126562215,0.6963883638381958,0.18000000000000002,0.40522702617222234,0.40522702617222234,sentence
385,obj_spatial_relation_oo_mv,"<|im_start|>system
You are a helpful assistant.<|im_end|>
<|im_start|>user
<|vision_start|><|image_pad|><|image_pad|><|image_pad|><|image_pad|><|image_pad|><|image_pad|><|image_pad|><|image_pad|><|ima...","The plant is located to the left of the electric piano in the first image. In the second image, there is no electric piano present, and the plant is not in the scene. Therefore, it is not possible to determine the spatial relationship between the electric piano and the plant in the second image.","From the perspective provided, the electric piano(red bbox) is to the right and  the plant(blue bbox). This places it farther as well. The the electric piano(red bbox) is behind the observer. The the plant(blue bbox) is in front of the observer.
",296,246,0.0,0.019051940332810942,0.6688278913497925,0.18000000000000002,0.39222433374145843,0.39222433374145843,sentence
386,obj_spatial_relation_oo_mv,"<|im_start|>system
You are a helpful assistant.<|im_end|>
<|im_start|>user
<|vision_start|><|image_pad|><|image_pad|><|image_pad|><|image_pad|><|image_pad|><|image_pad|><|image_pad|><|image_pad|><|ima...","In the first image, the fire alarm is located on the right side of the hallway, while the plant pot is on the left side of the hallway, both within the visible area of the hallway. The second image is a visualization and not an actual scene, so it does not provide a spatial relationship between the fire alarm and the plant pot. Therefore, we cannot determine the spatial orientation of the fire alarm relative to the plant pot based on the second image.","the fire alarm(red bbox) seems to occupy a position to the right and above in relation to the plant pot(blue bbox). This makes it appear closer. The the fire alarm(red bbox) and the plant pot(blue bbox) are in front of the observer.
",455,233,0.0,0.028464550727299292,0.6886911392211914,0.36000000000000004,0.45803847975605555,0.45803847975605555,sentence
387,obj_spatial_relation_oo_mv,"<|im_start|>system
You are a helpful assistant.<|im_end|>
<|im_start|>user
<|vision_start|><|image_pad|><|image_pad|><|image_pad|><|image_pad|><|image_pad|><|image_pad|><|image_pad|><|image_pad|><|ima...",The power socket is positioned below and to the right of the movement sensor.,"the power socket(red bbox) is seen in a position to the right below the movement sensor(blue bbox). It seems closer in this setup. The the power socket(red bbox) is in front of the observer. The the movement sensor(blue bbox) is behind the observer.
",77,250,0.0,0.015134607868923485,0.8403048515319824,0.2571428571428571,0.500322204482633,0.500322204482633,sentence
388,obj_spatial_relation_oo_mv,"<|im_start|>system
You are a helpful assistant.<|im_end|>
<|im_start|>user
<|vision_start|><|image_pad|><|image_pad|><|image_pad|><|image_pad|><|image_pad|><|image_pad|><|image_pad|><|image_pad|><|ima...",The hand sanitizer dispenser is to the right of the movement sensor.,"In this arrangement, the hand sanitizer dispenser(red bbox) is positioned to the left below the movement sensor(blue bbox). From the observer's perspective, it looks farther. The the hand sanitizer dispenser(red bbox) and the movement sensor(blue bbox) are behind the observer.
",68,278,0.0,0.012423088907250955,0.7935972213745117,0.0,0.5704046120981515,0.5704046120981515,sentence
389,obj_spatial_relation_oo_mv,"<|im_start|>system
You are a helpful assistant.<|im_end|>
<|im_start|>user
<|vision_start|><|image_pad|><|image_pad|><|image_pad|><|image_pad|><|image_pad|><|image_pad|><|image_pad|><|image_pad|><|ima...",The power socket is to the right of the plant when looking from the observer's perspective in the two images.,"From the perspective provided, the power socket(red bbox) is to the left and below the plant(blue bbox). This places it closer as well. The the power socket(red bbox) and the plant(blue bbox) are in front of the observer.
",109,222,0.0,0.034458512274034694,0.8304557800292969,0.18000000000000002,0.47611959246945534,0.47611959246945534,sentence
390,obj_spatial_relation_oo_mv,"<|im_start|>system
You are a helpful assistant.<|im_end|>
<|im_start|>user
<|vision_start|><|image_pad|><|image_pad|><|image_pad|><|image_pad|><|image_pad|><|image_pad|><|image_pad|><|image_pad|><|ima...","The monitor is positioned to the right of the cabinet, based on the 3D center points of the monitor and the cabinet.","the monitor(red bbox) is clearly to the left and  the cabinet(blue bbox). When observed, it is closer. The the monitor(red bbox) and the cabinet(blue bbox) are in front of the observer.
",116,186,0.0,0.024016404864374355,0.701714038848877,0.225,0.42316030039731334,0.42316030039731334,sentence
391,obj_spatial_relation_oo_mv,"<|im_start|>system
You are a helpful assistant.<|im_end|>
<|im_start|>user
<|vision_start|><|image_pad|><|image_pad|><|image_pad|><|image_pad|><|image_pad|><|image_pad|><|image_pad|><|image_pad|><|ima...","In the first image, the whiteboard (red bbox: [0, 0, 211, 174]) is located at a higher position than the stapler (blue bbox: [172, 555, 233, 619]) with respect to the observer. The whiteboard is situated in the upper left corner of the image, while the stapler is in the lower right corner.","the whiteboard(red bbox) occupies a to the left and above spot relative to the stapler(blue bbox). It might also seem farther. The the whiteboard(red bbox) and the stapler(blue bbox) are in front of the observer.
",290,213,0.0,0.015348336187214973,0.9282162189483643,0.54,0.6291777767116251,0.6291777767116251,sentence
392,obj_spatial_relation_oo_mv,"<|im_start|>system
You are a helpful assistant.<|im_end|>
<|im_start|>user
<|vision_start|><|image_pad|><|image_pad|><|image_pad|><|image_pad|><|image_pad|><|image_pad|><|image_pad|><|image_pad|><|ima...","In the first image, the keyboard is located to the left of the window frame, with the window frame being the right side of the desk. In the second image, which is a plucker ray visualization and not a physical image, there is no keyboard or window frame present. Therefore, it's not possible to compare the spatial relationship of the keyboard to the window frame in the second image.","Examining the window frame(blue bbox), the keyboard(red bbox) is to the left and below. It might also appear closer. The the keyboard(red bbox) and the window frame(blue bbox) are in front of the observer.
",384,206,0.0,0.024520037521807824,0.6680562496185303,0.36000000000000004,0.44693213231362666,0.44693213231362666,sentence
393,obj_spatial_relation_oo_mv,"<|im_start|>system
You are a helpful assistant.<|im_end|>
<|im_start|>user
<|vision_start|><|image_pad|><|image_pad|><|image_pad|><|image_pad|><|image_pad|><|image_pad|><|image_pad|><|image_pad|><|ima...","The office table (red bbox: [68, 201, 445, 700]) is to the left of the hole puncher (blue bbox: [802, 168, 838, 212]) in the first image. In the second image, the hole puncher is no longer visible, so we cannot determine its position relative to the office table.","the office table(red bbox) resides to the left and below when viewed in relation to the hole puncher(blue bbox). This gives it a closer appearance. The the office table(red bbox) and the hole puncher(blue bbox) are in front of the observer.
",263,241,0.0,0.04044003058118238,0.8608516454696655,0.3,0.5285138288510692,0.5285138288510692,sentence
394,obj_spatial_relation_oo_mv,"<|im_start|>system
You are a helpful assistant.<|im_end|>
<|im_start|>user
<|vision_start|><|image_pad|><|image_pad|><|image_pad|><|image_pad|><|image_pad|><|image_pad|><|image_pad|><|image_pad|><|ima...","The cupboard is located to the right of the mouse in the first image, as the x-coordinate of the cupboard's 3D center point (0.849) is greater than the x-coordinate of the mouse's 3D center point (0.643824). However, in the second image, the cupboard's x-coordinate (2.043037) is less than the mouse's x-coordinate (0.849), indicating that the cupboard is now to the left of the mouse.","In this arrangement, the cupboard(red bbox) is positioned to the left  the mouse(blue bbox). From the observer's perspective, it looks closer. The the cupboard(red bbox) and the mouse(blue bbox) are in front of the observer.
",385,225,0.0,0.022908772036214792,0.7268034219741821,0.54,0.529983465394334,0.529983465394334,sentence
395,obj_spatial_relation_oo_mv,"<|im_start|>system
You are a helpful assistant.<|im_end|>
<|im_start|>user
<|vision_start|><|image_pad|><|image_pad|><|image_pad|><|image_pad|><|image_pad|><|image_pad|><|image_pad|><|image_pad|><|ima...","It is impossible to determine the relative position of the chair and the marker pens based on the given information. The bounding boxes for the chair and the marker pens are not provided, and the camera poses and intrinsic parameters are not enough to calculate the 3D center points of these objects.","the chair(red bbox) lies visibly to the right and below the marker pens(blue bbox). From this angle, it seems closer. The the chair(red bbox) and the marker pens(blue bbox) are in front of the observer.
",300,203,0.0,0.030999373127217372,0.6950542330741882,0.18000000000000002,0.4077269911625376,0.4077269911625376,sentence
396,obj_spatial_relation_oo_mv,"<|im_start|>system
You are a helpful assistant.<|im_end|>
<|im_start|>user
<|vision_start|><|image_pad|><|image_pad|><|image_pad|><|image_pad|><|image_pad|><|image_pad|><|image_pad|><|image_pad|><|ima...",The whiteboard eraser is in the first image and the cabinet is in the third image. There is no direct comparison possible between the two due to the difference in images.,"In the scene, the whiteboard eraser(red bbox) is to the left above the cabinet(blue bbox). It is also perceived as farther relative to the observer. The the whiteboard eraser(red bbox) and the cabinet(blue bbox) are in front of the observer.
",170,242,0.0,0.02154793201810177,0.691388726234436,0.18000000000000002,0.40400394952083835,0.40400394952083835,sentence
397,obj_spatial_relation_oo_mv,"<|im_start|>system
You are a helpful assistant.<|im_end|>
<|im_start|>user
<|vision_start|><|image_pad|><|image_pad|><|image_pad|><|image_pad|><|image_pad|><|image_pad|><|image_pad|><|image_pad|><|ima...","There is no books and mirror present in the provided images, hence no directional relationship can be determined.","the books(red bbox) lies visibly to the right and below the mirror(blue bbox). From this angle, it seems closer. The the books(red bbox) and the mirror(blue bbox) are in front of the observer.
",113,193,0.0,0.006178528842445847,0.5374112129211426,0.18000000000000002,0.3239413122290605,0.3239413122290605,sentence
398,obj_spatial_relation_oo_mv,"<|im_start|>system
You are a helpful assistant.<|im_end|>
<|im_start|>user
<|vision_start|><|image_pad|><|image_pad|><|image_pad|><|image_pad|><|image_pad|><|image_pad|><|image_pad|><|image_pad|><|ima...","The telephone appears to be located to the right of the whiteboard in relation to the observer. The telephone is in the first image and the whiteboard is in the second image. The first image is the observer's perspective, and the telephone is on the right side of the desk, while the whiteboard is on the wall. The second image shows the entire room, and the telephone is to the right of the whiteboard.","Looking at the setup, the telephone(red bbox) is positioned to the right and below the whiteboard(blue bbox). To the observer, it seems closer. The the telephone(red bbox) and the whiteboard(blue bbox) are in front of the observer.
",403,232,0.0,0.025007459988907244,0.812125027179718,0.3,0.5010640055876404,0.5010640055876404,sentence
399,obj_spatial_relation_oo_mv,"<|im_start|>system
You are a helpful assistant.<|im_end|>
<|im_start|>user
<|vision_start|><|image_pad|><|image_pad|><|image_pad|><|image_pad|><|image_pad|><|image_pad|><|image_pad|><|image_pad|><|ima...","It is not possible to determine the relative position of the mouse (red bbox: [246, 958, 319, 999]) and the remove (blue bbox: [225, 92, 251, 189]) as the mouse is not present in the first image.","the mouse(red bbox) is clearly to the right and below the remove(blue bbox). When observed, it is closer. The the mouse(red bbox) and the remove(blue bbox) are in front of the observer.
",195,186,0.0,0.021830457064642587,0.7662897706031799,0.18000000000000002,0.4415109767145185,0.4415109767145185,sentence
400,obj_spatial_relation_oo_mv,"<|im_start|>system
You are a helpful assistant.<|im_end|>
<|im_start|>user
<|vision_start|><|image_pad|><|image_pad|><|image_pad|><|image_pad|><|image_pad|><|image_pad|><|image_pad|><|image_pad|><|ima...","The umbrella is located to the left of the cover up panel in the first image. In the second image, the spatial arrangement of the umbrella with respect to the cover up panel has not been provided, so it's impossible to compare the two images based on the given information.","To describe it, the umbrella(red bbox) is to the right and  the cover up panel(blue bbox). It seems farther from this viewpoint. The the umbrella(red bbox) and the cover up panel(blue bbox) are in front of the observer.
",273,220,0.0,0.0431716862589175,0.7341697216033936,0.36000000000000004,0.48371919805348024,0.48371919805348024,sentence
401,obj_spatial_relation_oo_mv,"<|im_start|>system
You are a helpful assistant.<|im_end|>
<|im_start|>user
<|vision_start|><|image_pad|><|image_pad|><|image_pad|><|image_pad|><|image_pad|><|image_pad|><|image_pad|><|image_pad|><|ima...","The dish drying rack and the windowsill are not present in the same image, so their relative positions cannot be determined from the given information. The dish drying rack is only present in the second image, while the windowsill is only present in the first image. Therefore, we cannot calculate or judge the relative positions of these two objects in the two images.","From this angle, the dish drying rack(red bbox) is seen to the left above in relation to the windowsill(blue bbox). It may also be closer. The the dish drying rack(red bbox) is behind the observer. The the windowsill(blue bbox) is in front of the observer.
",369,257,0.0,0.03252570094359891,0.6544450521469116,0.15,0.3787276662621756,0.3787276662621756,sentence
402,obj_spatial_relation_oo_mv,"<|im_start|>system
You are a helpful assistant.<|im_end|>
<|im_start|>user
<|vision_start|><|image_pad|><|image_pad|><|image_pad|><|image_pad|><|image_pad|><|image_pad|><|image_pad|><|image_pad|><|ima...",The glass table is positioned in front of the mirror.,"From the observer's standpoint, the glass table(red bbox) sits  below the mirror(blue bbox). It can also be considered closer. The the glass table(red bbox) and the mirror(blue bbox) are in front of the observer.
",53,213,0.0,0.028339743727646197,0.7388104200363159,0.36000000000000004,0.48307315876368717,0.48307315876368717,sentence
403,obj_spatial_relation_oo_mv,"<|im_start|>system
You are a helpful assistant.<|im_end|>
<|im_start|>user
<|vision_start|><|image_pad|><|image_pad|><|image_pad|><|image_pad|><|image_pad|><|image_pad|><|image_pad|><|image_pad|><|ima...",The thermos is to the right of the light switches.,"the thermos(red bbox) appears to the observer as being to the left and  the light switches(blue bbox). It also seems closer. The the thermos(red bbox) and the light switches(blue bbox) are in front of the observer.
",50,215,0.0,0.00574175740558999,0.7070395946502686,0.0,0.5066687840089318,0.5066687840089318,sentence
404,obj_spatial_relation_oo_mv,"<|im_start|>system
You are a helpful assistant.<|im_end|>
<|im_start|>user
<|vision_start|><|image_pad|><|image_pad|><|image_pad|><|image_pad|><|image_pad|><|image_pad|><|image_pad|><|image_pad|><|ima...","In the first image, the mug is located to the left of the brush, and in the second image, the mug is also located to the left of the brush. Since the first image is the main view reflecting the observer's perspective, we can conclude that the mug is to the left of the brush in both images relative to the observer.","To describe it, the mug(red bbox) is to the right and above the brush(blue bbox).  The the mug(red bbox) and the brush(blue bbox) are behind the observer.
",315,155,0.0,0.022771646249343448,0.7786450386047363,0.225,0.4613768485522369,0.4613768485522369,sentence
405,obj_spatial_relation_oo_mv,"<|im_start|>system
You are a helpful assistant.<|im_end|>
<|im_start|>user
<|vision_start|><|image_pad|><|image_pad|><|image_pad|><|image_pad|><|image_pad|><|image_pad|><|image_pad|><|image_pad|><|ima...","The light switch is located to the right of the cover up panel, judging by the position of the blue bounding box (cover up panel) and the red bounding box (light switch) in the first image.","the light switch(red bbox) stands to the right and above relative to the cover up panel(blue bbox). It also appears closer in this configuration. The the light switch(red bbox) and the cover up panel(blue bbox) are in front of the observer.
",189,241,0.0,0.054910130521811255,0.8350809812545776,0.54,0.5905225167316511,0.5905225167316511,sentence
406,obj_spatial_relation_oo_mv,"<|im_start|>system
You are a helpful assistant.<|im_end|>
<|im_start|>user
<|vision_start|><|image_pad|><|image_pad|><|image_pad|><|image_pad|><|image_pad|><|image_pad|><|image_pad|><|image_pad|><|ima...","In the first image, the shoes are located on the floor, while the light switch is on the wall. In the second image, the shoes are not visible, but the light switch is still on the wall. The relative orientation of the shoes to the light switch remains the same, as the shoes are not present in the second image.","the shoes(red bbox) is clearly to the left and below the light switch(blue bbox).  The the shoes(red bbox) is in front of the observer. The the light switch(blue bbox) is behind the observer.
",311,192,0.0,0.01529214705414028,0.6979010105133057,0.18000000000000002,0.4060089346674809,0.4060089346674809,sentence
407,obj_spatial_relation_oo_mv,"<|im_start|>system
You are a helpful assistant.<|im_end|>
<|im_start|>user
<|vision_start|><|image_pad|><|image_pad|><|image_pad|><|image_pad|><|image_pad|><|image_pad|><|image_pad|><|image_pad|><|ima...",It's not possible to determine the location of the light switch with respect to the faucet based on the given information.,"the light switch(red bbox) is observed to be to the right and  the faucet(blue bbox). This also places it farther from the observer's perspective. The the light switch(red bbox) and the faucet(blue bbox) are in front of the observer.
",122,234,0.0,0.01525743569599388,0.5400855541229248,0.225,0.3405942642006612,0.3405942642006612,sentence
408,obj_spatial_relation_oo_mv,"<|im_start|>system
You are a helpful assistant.<|im_end|>
<|im_start|>user
<|vision_start|><|image_pad|><|image_pad|><|image_pad|><|image_pad|><|image_pad|><|image_pad|><|image_pad|><|image_pad|><|ima...","The ornamental box and the power socket are not visible in the images provided, so it is not possible to determine their alignment or the distance between them.","the ornamental box(red bbox) resides to the left and below when viewed in relation to the power socket(blue bbox). This gives it a closer appearance. The the ornamental box(red bbox) and the power socket(blue bbox) are in front of the observer.
",160,245,0.0,0.031998747040450484,0.648137092590332,0.15,0.37546829570325607,0.37546829570325607,sentence
409,obj_spatial_relation_oo_mv,"<|im_start|>system
You are a helpful assistant.<|im_end|>
<|im_start|>user
<|vision_start|><|image_pad|><|image_pad|><|image_pad|><|image_pad|><|image_pad|><|image_pad|><|image_pad|><|image_pad|><|ima...","The bedside table does not appear in the first image, so it cannot be compared to the paper in the first image.","Looking closer, the bedside table(red bbox) is to the right below in relation to the paper(blue bbox). It might also be closer. The the bedside table(red bbox) and the paper(blue bbox) are in front of the observer.
",111,215,0.0,0.016521186426600266,0.6106365323066711,0.3,0.3986225034386556,0.3986225034386556,sentence
410,obj_spatial_relation_oo_mv,"<|im_start|>system
You are a helpful assistant.<|im_end|>
<|im_start|>user
<|vision_start|><|image_pad|><|image_pad|><|image_pad|><|image_pad|><|image_pad|><|image_pad|><|image_pad|><|image_pad|><|ima...",The kitchen counter lamp is located to the left of the mug.,"Describing spatially, the kitchen counter lamp(red bbox) is to the left and below in relation to the mug(blue bbox). It also appears farther. The the kitchen counter lamp(red bbox) and the mug(blue bbox) are in front of the observer.
",59,234,0.0,0.017486139264799815,0.7385796308517456,0.18000000000000002,0.42678704327883277,0.42678704327883277,sentence
411,obj_spatial_relation_oo_mv,"<|im_start|>system
You are a helpful assistant.<|im_end|>
<|im_start|>user
<|vision_start|><|image_pad|><|image_pad|><|image_pad|><|image_pad|><|image_pad|><|image_pad|><|image_pad|><|image_pad|><|ima...","There is no heater in the first image, so we cannot determine its positional relationship to the oven.","Looking at the setup, the heater(red bbox) is positioned to the left and  the oven(blue bbox). To the observer, it seems closer. The the heater(red bbox) is behind the observer. The the oven(blue bbox) is in front of the observer.
",102,231,0.0,0.00846164823985549,0.6853882074356079,0.15,0.38938643336577505,0.38938643336577505,sentence
412,obj_spatial_relation_oo_mv,"<|im_start|>system
You are a helpful assistant.<|im_end|>
<|im_start|>user
<|vision_start|><|image_pad|><|image_pad|><|image_pad|><|image_pad|><|image_pad|><|image_pad|><|image_pad|><|image_pad|><|ima...","The faucet and the oven are not in the same image; therefore, it is not possible to determine their spatial alignment in relation to each other based on the provided information. The first image focuses on a kitchen area with a sink and cabinets, while the last three images are visualizations of camera poses and intrinsic parameters. The faucet and the oven are located in different images, and there is no information provided about their relative positions.","the faucet(red bbox) is seen in a position to the left above the oven(blue bbox). It seems farther in this setup. The the faucet(red bbox) and the oven(blue bbox) are in front of the observer.
",461,193,0.0,0.008505755706489445,0.6654877066612244,0.18000000000000002,0.38844500447191005,0.38844500447191005,sentence
413,obj_spatial_relation_oo_mv,"<|im_start|>system
You are a helpful assistant.<|im_end|>
<|im_start|>user
<|vision_start|><|image_pad|><|image_pad|><|image_pad|><|image_pad|><|image_pad|><|image_pad|><|image_pad|><|image_pad|><|ima...","In the first image, the kettle (red bounding box: [411, 153, 479, 324]) is located on the countertop, while the remove (blue bounding box: [694, 387, 702, 448]) is on the floor, closer to the wall. The remove is in front of the kettle, and the exact distance cannot be calculated without the camera poses and 3D coordinates of the objects.","the kettle(red bbox) is noted to be to the left above the remove(blue bbox). It might be perceived as farther from this view. The the kettle(red bbox) and the remove(blue bbox) are in front of the observer.
",339,207,0.0,0.05782181718593855,0.6852573156356812,0.36000000000000004,0.46219302125502826,0.46219302125502826,sentence
414,obj_spatial_relation_oo_mv,"<|im_start|>system
You are a helpful assistant.<|im_end|>
<|im_start|>user
<|vision_start|><|image_pad|><|image_pad|><|image_pad|><|image_pad|><|image_pad|><|image_pad|><|image_pad|><|image_pad|><|ima...",The pot is not visible in the second image.,"the pot(red bbox) is seen in a position to the left above the kitchen cabinet(blue bbox). It seems closer in this setup. The the pot(red bbox) and the kitchen cabinet(blue bbox) are in front of the observer.
",43,208,0.0,0.0015108841421557012,0.5781755447387695,0.18000000000000002,0.3433899491978159,0.3433899491978159,sentence
415,obj_spatial_relation_oo_mv,"<|im_start|>system
You are a helpful assistant.<|im_end|>
<|im_start|>user
<|vision_start|><|image_pad|><|image_pad|><|image_pad|><|image_pad|><|image_pad|><|image_pad|><|image_pad|><|image_pad|><|ima...",The chair is to the left of the mugs.,"In relation to the mugs(blue bbox), the chair(red bbox) is positioned to the left and below. It also seems farther from here. The the chair(red bbox) is in front of the observer. The the mugs(blue bbox) is behind the observer.
",37,227,0.0,0.005182104440403227,0.7130923867225647,0.15,0.402582614249363,0.402582614249363,sentence
416,obj_spatial_relation_oo_mv,"<|im_start|>system
You are a helpful assistant.<|im_end|>
<|im_start|>user
<|vision_start|><|image_pad|><|image_pad|><|image_pad|><|image_pad|><|image_pad|><|image_pad|><|image_pad|><|image_pad|><|ima...","The window frame (red bbox: [653, 399, 902, 863]) is to the right of the dustbin (blue bbox: [521, 577, 703, 847]) with respect to the observer's viewpoint.","To describe it, the window frame(red bbox) is to the right and above the dustbin(blue bbox). It seems farther from this viewpoint. The the window frame(red bbox) and the dustbin(blue bbox) are in front of the observer.
",156,219,0.0,0.08869409942157082,0.9244070649147034,0.36000000000000004,0.5879423523416658,0.5879423523416658,sentence
417,obj_spatial_relation_oo_mv,"<|im_start|>system
You are a helpful assistant.<|im_end|>
<|im_start|>user
<|vision_start|><|image_pad|><|image_pad|><|image_pad|><|image_pad|><|image_pad|><|image_pad|><|image_pad|><|image_pad|><|ima...","The spatial alignment of the kitchen cabinet (red bbox: [649, 747, 999, 999]) relative to the frying pan (blue bbox: [38, 222, 289, 303]) cannot be determined from the provided information. The given bounding boxes and camera poses only provide information about the spatial relationships within the kitchen and the frying pan, but not about the spatial alignment of the kitchen cabinet relative to the frying pan.","Relative to the frying pan(blue bbox), the kitchen cabinet(red bbox) is to the right and . To the observer, it might seem farther. The the kitchen cabinet(red bbox) and the frying pan(blue bbox) are in front of the observer.
",414,225,0.0,0.07169370922359228,0.7755988836288452,0.225,0.46963818365914106,0.46963818365914106,sentence
418,obj_spatial_relation_oo_mv,"<|im_start|>system
You are a helpful assistant.<|im_end|>
<|im_start|>user
<|vision_start|><|image_pad|><|image_pad|><|image_pad|><|image_pad|><|image_pad|><|image_pad|><|image_pad|><|image_pad|><|ima...","The power sockets and the frying pan are not present in the images provided, hence it is impossible to determine their positions relative to each other.","the power sockets(red bbox), as observed, is located to the right above the frying pan(blue bbox). It appears to be closer from this perspective. The the power sockets(red bbox) and the frying pan(blue bbox) are in front of the observer.
",152,238,0.0,0.03284820494975186,0.6815344095230103,0.18000000000000002,0.4013368457514555,0.4013368457514555,sentence
419,obj_spatial_relation_oo_mv,"<|im_start|>system
You are a helpful assistant.<|im_end|>
<|im_start|>user
<|vision_start|><|image_pad|><|image_pad|><|image_pad|><|image_pad|><|image_pad|><|image_pad|><|image_pad|><|image_pad|><|ima...",The kitchen counter is in front of the bowl.,"Observing the kitchen counter(red bbox) reveals it is to the left below the bowl(blue bbox). It is perceived as farther. The the kitchen counter(red bbox) and the bowl(blue bbox) are in front of the observer.
",44,209,0.0,0.020524522247468757,0.6984927654266357,0.36000000000000004,0.4613512871628116,0.4613512871628116,sentence
420,obj_spatial_relation_oo_mv,"<|im_start|>system
You are a helpful assistant.<|im_end|>
<|im_start|>user
<|vision_start|><|image_pad|><|image_pad|><|image_pad|><|image_pad|><|image_pad|><|image_pad|><|image_pad|><|image_pad|><|ima...","The picture (red bbox: [720, 303, 736, 358]) is located to the right of the stationery (blue bbox: [396, 26, 489, 226]) in the first image.","the picture(red bbox) is observed to be to the left and above the stationery(blue bbox).  The the picture(red bbox) and the stationery(blue bbox) are in front of the observer.
",139,176,0.0,0.02302533647201887,0.7869900465011597,0.225,0.46560009054498364,0.46560009054498364,sentence
421,obj_spatial_relation_oo_mv,"<|im_start|>system
You are a helpful assistant.<|im_end|>
<|im_start|>user
<|vision_start|><|image_pad|><|image_pad|><|image_pad|><|image_pad|><|image_pad|><|image_pad|><|image_pad|><|image_pad|><|ima...","The picture (red bbox: [698, 259, 711, 312]) is positioned to the right of the picture (blue bbox: [485, 286, 512, 360]) according to the observer's viewpoint.","the picture(red bbox) is observed to be to the right and  the picture(blue bbox). This also places it closer from the observer's perspective. The the picture(red bbox) and the picture(blue bbox) are in front of the observer.
",159,225,0.0,0.038330377732082394,0.8581060171127319,0.45,0.5717190841027825,0.5717190841027825,sentence
422,obj_spatial_relation_oo_mv,"<|im_start|>system
You are a helpful assistant.<|im_end|>
<|im_start|>user
<|vision_start|><|image_pad|><|image_pad|><|image_pad|><|image_pad|><|image_pad|><|image_pad|><|image_pad|><|image_pad|><|ima...","In the first image, the organizer (red bbox: [339, 669, 398, 724]) is located on the right side of the desk, while the poster (blue bbox: [621, 0, 870, 402]) is on the wall. In the second image, the organizer (red bbox: [339, 669, 398, 724]) is still on the right side of the desk, but the poster (blue bbox: [621, 0, 870, 402]) is now closer to the wall and appears to be in a different position relative to the desk. The exact 3D coordinates cannot be calculated from the images, but the relative position of the organizer and the poster has changed.","the orginizer(red bbox) is clearly to the left and below the poster(blue bbox). When observed, it is farther. The the orginizer(red bbox) and the poster(blue bbox) are in front of the observer.
",552,194,0.0,0.00785442315763426,0.6270546913146973,0.18000000000000002,0.36909823028887545,0.36909823028887545,sentence
423,obj_spatial_relation_oo_mv,"<|im_start|>system
You are a helpful assistant.<|im_end|>
<|im_start|>user
<|vision_start|><|image_pad|><|image_pad|><|image_pad|><|image_pad|><|image_pad|><|image_pad|><|image_pad|><|image_pad|><|ima...","In the first image, the pillow is located at a 3D center point of approximately [200, 200, 200] and the bottle is at a 3D center point of approximately [300, 300, 300]. In the second image, the pillow is located at a 3D center point of approximately [400, 400, 400] and the bottle is at a 3D center point of approximately [500, 500, 500]. Therefore, the pillow appears closer to the camera and to the left of the bottle in the first image, while in the second image, the pillow is further away and to the right of the bottle.","the pillow(red bbox) seems to occupy a position to the right and below in relation to the bottle(blue bbox). This makes it appear closer. The the pillow(red bbox) and the bottle(blue bbox) are in front of the observer.
",525,219,0.0,0.017335903478586615,0.7314534187316895,0.45,0.504193890061562,0.504193890061562,sentence
424,obj_spatial_relation_oo_mv,"<|im_start|>system
You are a helpful assistant.<|im_end|>
<|im_start|>user
<|vision_start|><|image_pad|><|image_pad|><|image_pad|><|image_pad|><|image_pad|><|image_pad|><|image_pad|><|image_pad|><|ima...","The rubber heating pad (red bbox: [118, 53, 253, 126]) is to the left of the pillow (blue bbox: [730, 773, 994, 999]) in the first image. There is no corresponding object in the second image, so it is not possible to determine its position relative to the pillow in the second image.","the rubber heating pad(red bbox) occupies a space to the left  the pillow(blue bbox). It is noted to be closer. The the rubber heating pad(red bbox) and the pillow(blue bbox) are in front of the observer.
",283,205,0.0,0.040655607858153364,0.8167483806610107,0.36000000000000004,0.524505311902136,0.524505311902136,sentence
425,obj_spatial_relation_oo_mv,"<|im_start|>system
You are a helpful assistant.<|im_end|>
<|im_start|>user
<|vision_start|><|image_pad|><|image_pad|><|image_pad|><|image_pad|><|image_pad|><|image_pad|><|image_pad|><|image_pad|><|ima...","In the first image, the pillow (blue bbox: [494, 25, 736, 215]) is located in the lower left quadrant, while the window (red bbox: [561, 0, 778, 341]) is in the upper right quadrant. When considering the camera poses and the perspective of the observer, the window appears to be positioned behind and to the right of the pillow in the second image.","To describe the scene, the window(red bbox) is to the right above the pillow(blue bbox). Additionally, it seems farther to the observer. The the window(red bbox) and the pillow(blue bbox) are in front of the observer.
",348,218,0.0,0.02586673789307505,0.8516238331794739,0.54,0.592985264168352,0.592985264168352,sentence
426,obj_spatial_relation_oo_mv,"<|im_start|>system
You are a helpful assistant.<|im_end|>
<|im_start|>user
<|vision_start|><|image_pad|><|image_pad|><|image_pad|><|image_pad|><|image_pad|><|image_pad|><|image_pad|><|image_pad|><|ima...","The pillow (blue) is situated to the left of the poster (red) in the first image, but due to the perspective, it appears to be in front of the poster in the second image. The exact 3D positions and orientations cannot be determined without more information, but the relative position in terms of depth is reversed due to the camera's viewpoint.","From this position, the poster(red bbox) looks to the right above the pillow(blue bbox). It is also farther as seen. The the poster(red bbox) and the pillow(blue bbox) are in front of the observer.
",344,198,0.0,0.054684498420917015,0.8280734419822693,0.36000000000000004,0.5329736206753181,0.5329736206753181,sentence
427,obj_spatial_relation_oo_mv,"<|im_start|>system
You are a helpful assistant.<|im_end|>
<|im_start|>user
<|vision_start|><|image_pad|><|image_pad|><|image_pad|><|image_pad|><|image_pad|><|image_pad|><|image_pad|><|image_pad|><|ima...","The poster (red bbox: [913, 515, 982, 658]) is not present in the first image, so it is not possible to determine its relative position to the picture (blue bbox: [781, 74, 820, 133]) in the first image.","the poster(red bbox) resides to the right and below when viewed in relation to the picture(blue bbox). This gives it a closer appearance. The the poster(red bbox) and the picture(blue bbox) are in front of the observer.
",203,220,0.0,0.015013144370355695,0.7867286205291748,0.15,0.44136693913865854,0.44136693913865854,sentence
428,obj_spatial_relation_oo_mv,"<|im_start|>system
You are a helpful assistant.<|im_end|>
<|im_start|>user
<|vision_start|><|image_pad|><|image_pad|><|image_pad|><|image_pad|><|image_pad|><|image_pad|><|image_pad|><|image_pad|><|ima...","The window lies above the windowsill in the main focus image, and the same is true in the first image, with the camera pose being Image 2600.","the window(red bbox) is noted to be to the left above the windowsill(blue bbox). It might be perceived as farther from this view. The the window(red bbox) and the windowsill(blue bbox) are in front of the observer.
",141,215,0.0,0.018125316555019554,0.6778079271316528,0.36000000000000004,0.45052902687683033,0.45052902687683033,sentence
429,obj_spatial_relation_oo_mv,"<|im_start|>system
You are a helpful assistant.<|im_end|>
<|im_start|>user
<|vision_start|><|image_pad|><|image_pad|><|image_pad|><|image_pad|><|image_pad|><|image_pad|><|image_pad|><|image_pad|><|ima...",The curtain (red bounding box) is positioned behind the plant (blue bounding box) from the perspective of the observer.,"From a spatial perspective, the curtain(red bbox) is to the right and  the plant(blue bbox). It looks farther in this view. The the curtain(red bbox) and the plant(blue bbox) are in front of the observer.
",119,205,0.0,0.027743393015026298,0.8420264720916748,0.225,0.4940619146488427,0.4940619146488427,sentence
430,obj_spatial_relation_oo_mv,"<|im_start|>system
You are a helpful assistant.<|im_end|>
<|im_start|>user
<|vision_start|><|image_pad|><|image_pad|><|image_pad|><|image_pad|><|image_pad|><|image_pad|><|image_pad|><|image_pad|><|ima...","The window (red bbox: [274, 0, 438, 823]) is positioned to the left of the extension cord (blue bbox: [604, 394, 714, 446]) in the observer's view, as indicated by the spatial orientation of the bounding boxes in the RGB images.","From this position, the window(red bbox) looks to the left  the extension cord(blue bbox).  The the window(red bbox) is in front of the observer. The the extension cord(blue bbox) is behind the observer.
",228,204,0.0,0.03824527807798061,0.9140728116035461,0.45,0.5996854614173692,0.5996854614173692,sentence
431,obj_spatial_relation_oo_mv,"<|im_start|>system
You are a helpful assistant.<|im_end|>
<|im_start|>user
<|vision_start|><|image_pad|><|image_pad|><|image_pad|><|image_pad|><|image_pad|><|image_pad|><|image_pad|><|image_pad|><|ima...",The cover is positioned above and behind the clothes in the first image.,"To describe the scene, the cover(red bbox) is to the right below the clothes(blue bbox). Additionally, it seems farther to the observer. The the cover(red bbox) and the clothes(blue bbox) are in front of the observer.
",72,218,0.0,0.004145160312902912,0.6953544020652771,0.3,0.4385062330952191,0.4385062330952191,sentence
432,obj_spatial_relation_oo_mv,"<|im_start|>system
You are a helpful assistant.<|im_end|>
<|im_start|>user
<|vision_start|><|image_pad|><|image_pad|><|image_pad|><|image_pad|><|image_pad|><|image_pad|><|image_pad|><|image_pad|><|ima...","The window in the first image is positioned to the left of the decoration in the observer's perspective. The window's 3D center point is approximately at [0.2, 0.2] while the decoration's 3D center point is at [0.5, 0.5]. The spatial orientation suggests the window is to the left and lower than the decoration from the observer's viewpoint.","In the scene, the window(red bbox) is to the left  the decoration(blue bbox). It is also perceived as farther relative to the observer. The the window(red bbox) is in front of the observer. The the decoration(blue bbox) is  the observer.
",341,238,0.0,0.07180344843678853,0.731100857257843,0.45,0.5149111183162792,0.5149111183162792,sentence
433,obj_spatial_relation_oo_mv,"<|im_start|>system
You are a helpful assistant.<|im_end|>
<|im_start|>user
<|vision_start|><|image_pad|><|image_pad|><|image_pad|><|image_pad|><|image_pad|><|image_pad|><|image_pad|><|image_pad|><|ima...","The backpack (red bbox: [488, 268, 653, 527]) and the phone charger (blue bbox: [604, 381, 636, 433]) are not present in the same image, and therefore, it's not possible to determine their spatial relationship based on the provided information. The first image (RGB) is a room with a guitar and a desk, but the backpack and phone charger are not visible. The last three images are plucker ray visualizations and do not provide information about the spatial relationship of these objects.","the backpack(red bbox) occupies a space to the right below the phone charger(blue bbox). It is noted to be farther. The the backpack(red bbox) and the phone charger(blue bbox) are in front of the observer.
",487,206,0.0,0.0166162687259342,0.713278591632843,0.2571428571428571,0.43710540670446546,0.43710540670446546,sentence
434,obj_spatial_relation_oo_mv,"<|im_start|>system
You are a helpful assistant.<|im_end|>
<|im_start|>user
<|vision_start|><|image_pad|><|image_pad|><|image_pad|><|image_pad|><|image_pad|><|image_pad|><|image_pad|><|image_pad|><|ima...","The decoration is located to the left of the phone charger. The observer's viewpoint is from the main perspective of the first image, and the phone charger is located on the desk, which is to the right of the decoration.","the decoration(red bbox) lies spatially to the left above the phone charger(blue bbox). It is also observed to be closer. The the decoration(red bbox) and the phone charger(blue bbox) are in front of the observer.
",220,214,0.0,0.05352302447296671,0.7904902696609497,0.36000000000000004,0.5139497397250682,0.5139497397250682,sentence
435,obj_spatial_relation_oo_mv,"<|im_start|>system
You are a helpful assistant.<|im_end|>
<|im_start|>user
<|vision_start|><|image_pad|><|image_pad|><|image_pad|><|image_pad|><|image_pad|><|image_pad|><|image_pad|><|image_pad|><|ima...","It is not possible to determine the spatial position of the cover (red bbox: [888, 644, 999, 835]) relative to the backpack (blue bbox: [578, 688, 832, 999]) based on the given information.","Observing the cover(red bbox) reveals it is to the right  the backpack(blue bbox). It is perceived as farther. The the cover(red bbox) and the backpack(blue bbox) are in front of the observer.
",189,193,0.0,0.022233922818300375,0.7441117763519287,0.45,0.5115026727396245,0.5115026727396245,sentence
436,obj_spatial_relation_oo_mv,"<|im_start|>system
You are a helpful assistant.<|im_end|>
<|im_start|>user
<|vision_start|><|image_pad|><|image_pad|><|image_pad|><|image_pad|><|image_pad|><|image_pad|><|image_pad|><|image_pad|><|ima...","The router is to the right of the picture in the first image, as the blue bounding box (picture) is on the left side of the red bounding box (router) in the first image. The second image is a visualization and does not provide information about the relative positions of the router and the picture.","To the observer, the router(red bbox) seems to the right and below the picture(blue bbox). It is perceived as farther. The the router(red bbox) and the picture(blue bbox) are in front of the observer.
",298,201,0.0,0.029736241683177365,0.7179861068725586,0.45,0.49994030177291476,0.49994030177291476,sentence
437,obj_spatial_relation_oo_mv,"<|im_start|>system
You are a helpful assistant.<|im_end|>
<|im_start|>user
<|vision_start|><|image_pad|><|image_pad|><|image_pad|><|image_pad|><|image_pad|><|image_pad|><|image_pad|><|image_pad|><|ima...","The guitar stand is located to the right of the desk organizer, as seen from the observer's perspective in the first image. The 3D center point of the guitar stand is further to the right than the 3D center point of the desk organizer.","In reference to the desk organizer(blue bbox), the guitar stand(red bbox) is to the right and below. It also appears farther when observed. The the guitar stand(red bbox) and the desk organizer(blue bbox) are in front of the observer.
",235,235,0.0,0.04520080373906282,0.7966494560241699,0.36000000000000004,0.5153648887598975,0.5153648887598975,sentence
438,obj_spatial_relation_oo_mv,"<|im_start|>system
You are a helpful assistant.<|im_end|>
<|im_start|>user
<|vision_start|><|image_pad|><|image_pad|><|image_pad|><|image_pad|><|image_pad|><|image_pad|><|image_pad|><|image_pad|><|ima...","The pillow is not present in the third image, so it cannot be compared to the phone charger in that image.","Relative to its surroundings, the pillow(red bbox) is to the left above the phone charger(blue bbox). It is also closer from here. The the pillow(red bbox) and the phone charger(blue bbox) are in front of the observer.
",106,219,0.0,0.01516422126562215,0.6309826374053955,0.18000000000000002,0.3725241629558222,0.3725241629558222,sentence
439,obj_spatial_relation_oo_mv,"<|im_start|>system
You are a helpful assistant.<|im_end|>
<|im_start|>user
<|vision_start|><|image_pad|><|image_pad|><|image_pad|><|image_pad|><|image_pad|><|image_pad|><|image_pad|><|image_pad|><|ima...",The bag is located to the right of the pillow from the observer's point of view.,"To describe it, the bag(red bbox) is to the right and above the pillow(blue bbox). It seems farther from this viewpoint. The the bag(red bbox) and the pillow(blue bbox) are in front of the observer.
",80,199,0.0,0.02704242203949745,0.8268895149230957,0.36000000000000004,0.5268532418694474,0.5268532418694474,sentence
440,obj_spatial_relation_oo_mv,"<|im_start|>system
You are a helpful assistant.<|im_end|>
<|im_start|>user
<|vision_start|><|image_pad|><|image_pad|><|image_pad|><|image_pad|><|image_pad|><|image_pad|><|image_pad|><|image_pad|><|ima...",The cabinet is located to the right of the window in the given perspective.,"Observationally, the cabinet(red bbox) is to the right and below the window(blue bbox). It appears farther in proximity. The the cabinet(red bbox) is behind the observer. The the window(blue bbox) is in front of the observer.
",75,226,0.0,0.021390298933670938,0.7806471586227417,0.3,0.484601639098105,0.484601639098105,sentence
441,obj_spatial_relation_oo_mv,"<|im_start|>system
You are a helpful assistant.<|im_end|>
<|im_start|>user
<|vision_start|><|image_pad|><|image_pad|><|image_pad|><|image_pad|><|image_pad|><|image_pad|><|image_pad|><|image_pad|><|ima...","In Image 7860, the books are positioned further to the right compared to the curtain, while in Image 3000, the books are located more to the left of the curtain. This indicates that the books and the curtain are likely on different shelves, and the camera's position and orientation relative to these objects have changed between the two images.","Observationally, the books(red bbox) is to the right and below the curtain(blue bbox). It appears closer in proximity. The the books(red bbox) and the curtain(blue bbox) are in front of the observer.
",345,200,0.0,0.02722400968725612,0.6920304298400879,0.36000000000000004,0.45946001685749516,0.45946001685749516,sentence
442,obj_spatial_relation_oo_mv,"<|im_start|>system
You are a helpful assistant.<|im_end|>
<|im_start|>user
<|vision_start|><|image_pad|><|image_pad|><|image_pad|><|image_pad|><|image_pad|><|image_pad|><|image_pad|><|image_pad|><|ima...","The books in the first image (blue bounding box) are situated in a bookshelf, which is part of a larger room. In the second image, the book (red bounding box) is part of a collection of books on a shelf in a room that also includes a ping pong table. The first image shows a bookshelf with books arranged on multiple shelves, while the second image shows a single book among a collection of books on a shelf. The second image does not have the bookshelf in the same configuration as the first image, so the book (red bounding box) in the second image is not in the same relative position to the bookshelf as the books (blue bounding box) in the first image.","the books(red bbox) can be identified as to the left above the books(blue bbox). To the observer, it appears farther. The the books(red bbox) and the books(blue bbox) are in front of the observer.
",657,197,0.0,0.004901938278903208,0.6692569255828857,0.18000000000000002,0.3896088504472235,0.3896088504472235,sentence
443,obj_spatial_relation_oo_mv,"<|im_start|>system
You are a helpful assistant.<|im_end|>
<|im_start|>user
<|vision_start|><|image_pad|><|image_pad|><|image_pad|><|image_pad|><|image_pad|><|image_pad|><|image_pad|><|image_pad|><|ima...","It's impossible to determine the relative position of the books (red bbox: [304, 596, 383, 644]) with respect to the electric duct (blue bbox: [752, 135, 851, 144]) based on the given information. The objects are not described with sufficient detail to calculate or judge their positions.","the books(red bbox) can be spotted to the left and below the electric duct(blue bbox). The observer may perceive it as closer. The the books(red bbox) and the electric duct(blue bbox) are in front of the observer.
",288,214,0.0,0.01584749856323526,0.7768266201019287,0.18000000000000002,0.4455828097636114,0.4455828097636114,sentence
444,obj_spatial_relation_oo_mv,"<|im_start|>system
You are a helpful assistant.<|im_end|>
<|im_start|>user
<|vision_start|><|image_pad|><|image_pad|><|image_pad|><|image_pad|><|image_pad|><|image_pad|><|image_pad|><|image_pad|><|ima...","The cabinet (red bbox: [535, 449, 693, 751]) is positioned to the right of the electric duct (blue bbox: [67, 737, 719, 798]) in the main perspective image.","the cabinet(red bbox) stands to the left and below relative to the electric duct(blue bbox). It also appears farther in this configuration. The the cabinet(red bbox) and the electric duct(blue bbox) are in front of the observer.
",156,229,0.0,0.019168996032404666,0.8891102075576782,0.18000000000000002,0.50238890298532,0.50238890298532,sentence
445,obj_spatial_relation_oo_mv,"<|im_start|>system
You are a helpful assistant.<|im_end|>
<|im_start|>user
<|vision_start|><|image_pad|><|image_pad|><|image_pad|><|image_pad|><|image_pad|><|image_pad|><|image_pad|><|image_pad|><|ima...","The pot is not visible in the provided images, so there is no information to determine its position relative to the window from the observer's perspective.","In this arrangement, the pot(red bbox) is positioned to the right below the window(blue bbox). From the observer's perspective, it looks farther. The the pot(red bbox) and the window(blue bbox) are in front of the observer.
",155,224,0.0,0.03565262352538951,0.7623758316040039,0.18000000000000002,0.44231844050707986,0.44231844050707986,sentence
446,obj_spatial_relation_oo_mv,"<|im_start|>system
You are a helpful assistant.<|im_end|>
<|im_start|>user
<|vision_start|><|image_pad|><|image_pad|><|image_pad|><|image_pad|><|image_pad|><|image_pad|><|image_pad|><|image_pad|><|ima...","The curtain rail is positioned to the left of the table tennis bat in the first image, and it is not visible in the second image. The first image is the reference for the observer's viewpoint.","the curtain rail(red bbox) is spatially to the left and above with respect to the table tennis bat(blue bbox). It seems farther to the observer. The the curtain rail(red bbox) and the table tennis bat(blue bbox) are in front of the observer.
",192,242,0.0,0.05292247831402363,0.8025121688842773,0.36000000000000004,0.5198405801049434,0.5198405801049434,sentence
447,obj_spatial_relation_oo_mv,"<|im_start|>system
You are a helpful assistant.<|im_end|>
<|im_start|>user
<|vision_start|><|image_pad|><|image_pad|><|image_pad|><|image_pad|><|image_pad|><|image_pad|><|image_pad|><|image_pad|><|ima...",The curtain is to the left of the book.,"Describing spatially, the curtain(red bbox) is to the left and  in relation to the book(blue bbox). It also appears farther. The the curtain(red bbox) and the book(blue bbox) are in front of the observer.
",39,205,0.0,0.02293654498836295,0.7065967321395874,0.45,0.4928856750674663,0.4928856750674663,sentence
448,obj_spatial_relation_oo_mv,"<|im_start|>system
You are a helpful assistant.<|im_end|>
<|im_start|>user
<|vision_start|><|image_pad|><|image_pad|><|image_pad|><|image_pad|><|image_pad|><|image_pad|><|image_pad|><|image_pad|><|ima...",The electric duct is located to the left of the curtain when viewed from the perspective of the first image.,"the electric duct(red bbox), as observed, is located to the right  the curtain(blue bbox). It appears to be farther from this perspective. The the electric duct(red bbox) and the curtain(blue bbox) are in front of the observer.
",108,228,0.0,0.07495862403426583,0.821596086025238,0.225,0.4932897678194722,0.4932897678194722,sentence
449,obj_spatial_relation_oo_mv,"<|im_start|>system
You are a helpful assistant.<|im_end|>
<|im_start|>user
<|vision_start|><|image_pad|><|image_pad|><|image_pad|><|image_pad|><|image_pad|><|image_pad|><|image_pad|><|image_pad|><|ima...","In the first image, the curtain (red bounding box [180, 0, 245, 107]) is positioned above the window sill (blue bounding box [74, 364, 92, 378]). The distance between the curtain and the window sill is not explicitly provided, but based on the visible layout, the curtain is placed on a window frame, which is higher than the window sill. The second image does not provide a clear view of the curtain or the window sill, so the position of the curtain relative to the window sill cannot be determined.","the curtain(red bbox) occupies a  and above spot relative to the window sill(blue bbox). It might also seem farther. The the curtain(red bbox) and the window sill(blue bbox) are in front of the observer.
",501,204,0.0,0.045807050734186956,0.8038313388824463,0.45,0.5460770795880605,0.5460770795880605,sentence
450,obj_spatial_relation_oo_mv,"<|im_start|>system
You are a helpful assistant.<|im_end|>
<|im_start|>user
<|vision_start|><|image_pad|><|image_pad|><|image_pad|><|image_pad|><|image_pad|><|image_pad|><|image_pad|><|image_pad|><|ima...","The office chair (red bbox: [741, 543, 999, 999]) is positioned to the right of the whiteboard (blue bbox: [0, 0, 388, 940]) in the first image.","the office chair(red bbox) stands to the right and  relative to the whiteboard(blue bbox). It also appears closer in this configuration. The the office chair(red bbox) and the whiteboard(blue bbox) are in front of the observer.
",144,228,0.0,0.03874259505578868,0.8836787343025208,0.45,0.5845878861624181,0.5845878861624181,sentence
451,obj_spatial_relation_oo_mv,"<|im_start|>system
You are a helpful assistant.<|im_end|>
<|im_start|>user
<|vision_start|><|image_pad|><|image_pad|><|image_pad|><|image_pad|><|image_pad|><|image_pad|><|image_pad|><|image_pad|><|ima...","The whiteboard eraser (red bbox: [375, 614, 414, 635]) is located in front of the heater (blue bbox: [0, 39, 115, 426]) in the two images from the observer's perspective. The 3D center point of the whiteboard eraser is closer to the camera than the 3D center point of the heater.","From the observer's standpoint, the whiteboard eraser(red bbox) sits to the right above the heater(blue bbox). It can also be considered farther. The the whiteboard eraser(red bbox) and the heater(blue bbox) are in front of the observer.
",279,238,0.0,0.08945166560864058,0.8711252212524414,0.3,0.5434529437479488,0.5434529437479488,sentence
452,obj_spatial_relation_oo_mv,"<|im_start|>system
You are a helpful assistant.<|im_end|>
<|im_start|>user
<|vision_start|><|image_pad|><|image_pad|><|image_pad|><|image_pad|><|image_pad|><|image_pad|><|image_pad|><|image_pad|><|ima...","The power socket is located to the left of the telephone, and in the first image (3D center point: [484.446, 479.574, 142.986]), it is positioned at [2.974963, 0.9711, 1.539949]. In the second image (3D center point: [705.444, 481.726, 142.864]), the telephone is at [4.154134, 3.067904, 1.628901]. The power socket is slightly closer to the viewer (closer to the bottom of the frame) than the telephone.","the power socket(red bbox) lies to the right and below relative to the telephone(blue bbox).  The the power socket(red bbox) and the telephone(blue bbox) are in front of the observer.
",404,184,0.0,0.014406819585800298,0.794012188911438,0.45,0.5348874583728791,0.5348874583728791,sentence
453,obj_spatial_relation_oo_mv,"<|im_start|>system
You are a helpful assistant.<|im_end|>
<|im_start|>user
<|vision_start|><|image_pad|><|image_pad|><|image_pad|><|image_pad|><|image_pad|><|image_pad|><|image_pad|><|image_pad|><|ima...","The power socket (red bbox: [201, 912, 293, 999]) is not present in the first image, so it cannot be compared to the SPLIT (blue bbox: [443, 349, 458, 474]) in the first image.","the power socket(red bbox) appears to the observer as being to the left and above the SPLIT(blue bbox). It also seems closer. The the power socket(red bbox) and the SPLIT(blue bbox) are in front of the observer.
",176,212,0.0,0.017827225666572345,0.7200765609741211,0.18000000000000002,0.417603725620375,0.417603725620375,sentence
454,obj_spatial_relation_oo_mv,"<|im_start|>system
You are a helpful assistant.<|im_end|>
<|im_start|>user
<|vision_start|><|image_pad|><|image_pad|><|image_pad|><|image_pad|><|image_pad|><|image_pad|><|image_pad|><|image_pad|><|ima...",The chair is positioned to the left of the power socket in the first image.,"the chair(red bbox) is to the right  with the power socket(blue bbox). From here, it appears closer. The the chair(red bbox) is in front of the observer. The the power socket(blue bbox) is behind the observer.
",75,210,0.0,0.013212734039023797,0.8059771656990051,0.18000000000000002,0.4596311296573073,0.4596311296573073,sentence
455,obj_spatial_relation_oo_mv,"<|im_start|>system
You are a helpful assistant.<|im_end|>
<|im_start|>user
<|vision_start|><|image_pad|><|image_pad|><|image_pad|><|image_pad|><|image_pad|><|image_pad|><|image_pad|><|image_pad|><|ima...","The pedestal fan is positioned in front of the office chair, slightly to the right.","the pedestal fan(red bbox) appears to the observer as being to the left and  the office chair(blue bbox). It also seems farther. The the pedestal fan(red bbox) and the office chair(blue bbox) are in front of the observer.
",83,222,0.0,0.051713241363500875,0.7478784918785095,0.45,0.5192818942119549,0.5192818942119549,sentence
456,obj_spatial_relation_oo_mv,"<|im_start|>system
You are a helpful assistant.<|im_end|>
<|im_start|>user
<|vision_start|><|image_pad|><|image_pad|><|image_pad|><|image_pad|><|image_pad|><|image_pad|><|image_pad|><|image_pad|><|ima...","In the first image, the monitor is positioned in front of the office chair, and in the second image, the monitor is in the same relative position in front of the office chair. The monitors and the office chair appear to be aligned in a straight line, with the monitor being slightly in front of the chair.","Observationally, the monitor(red bbox) is to the left and  the office chair(blue bbox). It appears closer in proximity. The the monitor(red bbox) and the office chair(blue bbox) are in front of the observer.
",305,208,0.0,0.0753746873324306,0.7445976138114929,0.45,0.5223737443722326,0.5223737443722326,sentence
457,obj_spatial_relation_oo_mv,"<|im_start|>system
You are a helpful assistant.<|im_end|>
<|im_start|>user
<|vision_start|><|image_pad|><|image_pad|><|image_pad|><|image_pad|><|image_pad|><|image_pad|><|image_pad|><|image_pad|><|ima...","The monitor (red bbox: [395, 0, 613, 202]) is located to the right of the table (blue bbox: [27, 222, 681, 986]) in the first image.","the monitor(red bbox) can be spotted  and above the table(blue bbox).  The the monitor(red bbox) and the table(blue bbox) are in front of the observer.
",132,152,0.0,0.02022202784230022,0.8359416723251343,0.3,0.5120152417310272,0.5120152417310272,sentence
458,obj_spatial_relation_oo_mv,"<|im_start|>system
You are a helpful assistant.<|im_end|>
<|im_start|>user
<|vision_start|><|image_pad|><|image_pad|><|image_pad|><|image_pad|><|image_pad|><|image_pad|><|image_pad|><|image_pad|><|ima...","The book is not visible in the provided images, so it is not possible to determine its position relative to the power socket based on the given information.","To the observer, the book(red bbox) seems to the right and above the power socket(blue bbox). It is perceived as closer. The the book(red bbox) and the power socket(blue bbox) are in front of the observer.
",156,206,0.0,0.02100571109005219,0.6227340698242188,0.18000000000000002,0.3695681771301198,0.3695681771301198,sentence
459,obj_spatial_relation_oo_mv,"<|im_start|>system
You are a helpful assistant.<|im_end|>
<|im_start|>user
<|vision_start|><|image_pad|><|image_pad|><|image_pad|><|image_pad|><|image_pad|><|image_pad|><|image_pad|><|image_pad|><|ima...","The whiteboard (red bbox: [743, 0, 999, 267]) is to the right of the box (blue bbox: [645, 536, 707, 572]) in the first image, and to the right of the box in the second image as well.","In the scene, the whiteboard(red bbox) is to the left above the box(blue bbox). It is also perceived as farther relative to the observer. The the whiteboard(red bbox) is behind the observer. The the box(blue bbox) is in front of the observer.
",183,243,0.0,0.04013010859166085,0.7334119081497192,0.15,0.41973197579319177,0.41973197579319177,sentence
460,obj_spatial_relation_oo_mv,"<|im_start|>system
You are a helpful assistant.<|im_end|>
<|im_start|>user
<|vision_start|><|image_pad|><|image_pad|><|image_pad|><|image_pad|><|image_pad|><|image_pad|><|image_pad|><|image_pad|><|ima...","The shelf (red bbox: [786, 512, 999, 552]) is situated below the curtain (blue bbox: [727, 353, 999, 810]) in the second image.","The arrangement shows the shelf(red bbox) as to the left  the curtain(blue bbox). It also seems farther from this view. The the shelf(red bbox) and the curtain(blue bbox) are in front of the observer.
",127,201,0.0,0.007260373942997196,0.7854782342910767,0.225,0.46169119193413777,0.46169119193413777,sentence
461,obj_spatial_relation_oo_mv,"<|im_start|>system
You are a helpful assistant.<|im_end|>
<|im_start|>user
<|vision_start|><|image_pad|><|image_pad|><|image_pad|><|image_pad|><|image_pad|><|image_pad|><|image_pad|><|image_pad|><|ima...","In the first image, the table is located at coordinates (0.55, 0.2) while the outlet is at coordinates (0.15, 0.05). In the second image, the table is at coordinates (0.25, 0.05) and the outlet is at coordinates (0.05, 0.15). Therefore, the outlet is to the left and slightly below the table in the first image, and to the left and slightly above the table in the second image.","In the scene, the outlet(red bbox) is to the right  the table(blue bbox). It is also perceived as farther relative to the observer. The the outlet(red bbox) and the table(blue bbox) are in front of the observer.
",377,212,0.0,0.025293693105258173,0.6682983636856079,0.36000000000000004,0.4472079204638556,0.4472079204638556,sentence
462,obj_spatial_relation_oo_mv,"<|im_start|>system
You are a helpful assistant.<|im_end|>
<|im_start|>user
<|vision_start|><|image_pad|><|image_pad|><|image_pad|><|image_pad|><|image_pad|><|image_pad|><|image_pad|><|image_pad|><|ima...",The trash can is located to the right of the light switches.,"the trash can(red bbox) is seen in a position to the right below the light switches(blue bbox). It seems closer in this setup. The the trash can(red bbox) is behind the observer. The the light switches(blue bbox) is in front of the observer.
",60,242,0.0,0.010535899193854167,0.7835168242454529,0.12857142857142856,0.4324370205329259,0.4324370205329259,sentence
463,obj_spatial_relation_oo_mv,"<|im_start|>system
You are a helpful assistant.<|im_end|>
<|im_start|>user
<|vision_start|><|image_pad|><|image_pad|><|image_pad|><|image_pad|><|image_pad|><|image_pad|><|image_pad|><|image_pad|><|ima...","The shelf is located in the lower left corner of the room, whereas the curtain is covering the window on the left side of the room. The shelf is spatially closer to the viewer than the curtain, as it is located in the foreground of the room.","Relative to its surroundings, the shelf(red bbox) is to the right  the curtain(blue bbox). It is also farther from here. The the shelf(red bbox) is behind the observer. The the curtain(blue bbox) is in front of the observer.
",241,225,0.0,0.018578571751000958,0.7243454456329346,0.18000000000000002,0.41988843716666746,0.41988843716666746,sentence
464,obj_spatial_relation_oo_mv,"<|im_start|>system
You are a helpful assistant.<|im_end|>
<|im_start|>user
<|vision_start|><|image_pad|><|image_pad|><|image_pad|><|image_pad|><|image_pad|><|image_pad|><|image_pad|><|image_pad|><|ima...","In the first image, the shelf rail is positioned on the right side of the bed, while the light switches are located on the wall behind the bed, closer to the door. The shelf rail appears to be at a lower elevation compared to the light switches, suggesting they are on different planes. The exact spatial relationship cannot be precisely determined without additional information, but the shelf rail is likely positioned at a lower elevation than the light switches.","When observing the light switches(blue bbox), the shelf rail(red bbox) appears to the right . Additionally, it is perceived as farther. The the shelf rail(red bbox) and the light switches(blue bbox) are in front of the observer.
",466,229,0.0,0.014136246845518178,0.6323298215866089,0.45,0.45399216016240806,0.45399216016240806,sentence
465,obj_spatial_relation_oo_mv,"<|im_start|>system
You are a helpful assistant.<|im_end|>
<|im_start|>user
<|vision_start|><|image_pad|><|image_pad|><|image_pad|><|image_pad|><|image_pad|><|image_pad|><|image_pad|><|image_pad|><|ima...","The book is positioned above the shelf, as it is on a different object, not on the shelf itself. The shelf is a flat surface on which items are placed, while the book is an object that can be placed on the shelf.","Relative to its surroundings, the book(red bbox) is to the left above the shelf(blue bbox). It is also closer from here. The the book(red bbox) and the shelf(blue bbox) are in front of the observer.
",212,199,0.0,0.016508791086203053,0.6568695306777954,0.18000000000000002,0.3857365235561383,0.3857365235561383,sentence
466,obj_spatial_relation_oo_mv,"<|im_start|>system
You are a helpful assistant.<|im_end|>
<|im_start|>user
<|vision_start|><|image_pad|><|image_pad|><|image_pad|><|image_pad|><|image_pad|><|image_pad|><|image_pad|><|image_pad|><|ima...",The shelf is not aligned with the drawer; the shelf is higher and to the left of the drawer in the primary perspective.,"the shelf(red bbox) is seen in a position to the right above the drawer(blue bbox). It seems farther in this setup. The the shelf(red bbox) and the drawer(blue bbox) are in front of the observer.
",119,196,0.0,0.01893072702113035,0.6578983664512634,0.36000000000000004,0.44073532862985776,0.44073532862985776,sentence
467,obj_spatial_relation_oo_mv,"<|im_start|>system
You are a helpful assistant.<|im_end|>
<|im_start|>user
<|vision_start|><|image_pad|><|image_pad|><|image_pad|><|image_pad|><|image_pad|><|image_pad|><|image_pad|><|image_pad|><|ima...","The book (red bbox: [0, 40, 15, 56]) is located to the left of the power outlets (blue bbox: [96, 0, 161, 47]) in the first image, as the 3D center point of the book is at (-1.99, 2.80, 1.44) and the 3D center point of the power outlets is at (2.12, 2.81, 1.44).","the book(red bbox) is seen in a position to the left above the power outlets(blue bbox).  The the book(red bbox) and the power outlets(blue bbox) are in front of the observer.
",262,176,0.0,0.032998928639199246,0.8231074213981628,0.54,0.5801534964269213,0.5801534964269213,sentence
468,obj_spatial_relation_oo_mv,"<|im_start|>system
You are a helpful assistant.<|im_end|>
<|im_start|>user
<|vision_start|><|image_pad|><|image_pad|><|image_pad|><|image_pad|><|image_pad|><|image_pad|><|image_pad|><|image_pad|><|ima...","The shelf rail (red bbox: [394, 325, 416, 999]) is positioned above the pillow (blue bbox: [453, 548, 655, 774]).","From this observation point, the shelf rail(red bbox) appears to the right  the pillow(blue bbox). It seems closer as well. The the shelf rail(red bbox) and the pillow(blue bbox) are in front of the observer.
",113,209,0.0,0.010645919955511405,0.8088293671607971,0.0,0.5807769536735726,0.5807769536735726,sentence
469,obj_spatial_relation_oo_mv,"<|im_start|>system
You are a helpful assistant.<|im_end|>
<|im_start|>user
<|vision_start|><|image_pad|><|image_pad|><|image_pad|><|image_pad|><|image_pad|><|image_pad|><|image_pad|><|image_pad|><|ima...","The shelf rail (red bbox: [516, 365, 528, 969]) is located to the right of the shelf (blue bbox: [0, 298, 713, 474]) in both images, based on the 3D center points of these objects.","the shelf rail(red bbox) is observed to be to the right and below the shelf(blue bbox).  The the shelf rail(red bbox) and the shelf(blue bbox) are in front of the observer.
",180,173,0.0,0.04573913556123801,0.7907810211181641,0.45,0.5395383376713296,0.5395383376713296,sentence
470,obj_spatial_relation_oo_mv,"<|im_start|>system
You are a helpful assistant.<|im_end|>
<|im_start|>user
<|vision_start|><|image_pad|><|image_pad|><|image_pad|><|image_pad|><|image_pad|><|image_pad|><|image_pad|><|image_pad|><|ima...",The shelf is placed to the right of the mattress. The shelf is at a higher elevation than the mattress.,"the shelf(red bbox) exists to the right above relative to the mattress(blue bbox). To the viewer, it seems closer. The the shelf(red bbox) and the mattress(blue bbox) are in front of the observer.
",103,197,0.0,0.035187234995226496,0.6808339357376099,0.36000000000000004,0.4554544148678502,0.4554544148678502,sentence
471,obj_spatial_relation_oo_mv,"<|im_start|>system
You are a helpful assistant.<|im_end|>
<|im_start|>user
<|vision_start|><|image_pad|><|image_pad|><|image_pad|><|image_pad|><|image_pad|><|image_pad|><|image_pad|><|image_pad|><|ima...",The shelf rail is below the shelf.,"the shelf rail(red bbox) is to the right  with the shelf(blue bbox).  The the shelf rail(red bbox) and the shelf(blue bbox) are in front of the observer.
",34,154,0.0,0.0047709382929001344,0.6032148599624634,0.0,0.4322308823425882,0.4322308823425882,sentence
472,obj_spatial_relation_oo_mv,"<|im_start|>system
You are a helpful assistant.<|im_end|>
<|im_start|>user
<|vision_start|><|image_pad|><|image_pad|><|image_pad|><|image_pad|><|image_pad|><|image_pad|><|image_pad|><|image_pad|><|ima...","The shelf rail (red bbox: [0, 190, 54, 498]) is located above the power strip (blue bbox: [891, 445, 933, 468]) in the primary view, as it is higher on the wall and the power strip is on the floor.","Relative to its surroundings, the shelf rail(red bbox) is to the left above the power strip(blue bbox). It is also farther from here. The the shelf rail(red bbox) and the power strip(blue bbox) are in front of the observer.
",197,224,0.0,0.05352302447296671,0.8576953411102295,0.36000000000000004,0.5475522754497081,0.5475522754497081,sentence
473,obj_spatial_relation_oo_mv,"<|im_start|>system
You are a helpful assistant.<|im_end|>
<|im_start|>user
<|vision_start|><|image_pad|><|image_pad|><|image_pad|><|image_pad|><|image_pad|><|image_pad|><|image_pad|><|image_pad|><|ima...","The keyboard (red bbox: [355, 428, 622, 652]) is situated to the left of the t-shirt (blue bbox: [522, 347, 716, 899]) in the two images.","the keyboard(red bbox) lies spatially to the left below the t-shirt(blue bbox). It is also observed to be farther. The the keyboard(red bbox) and the t-shirt(blue bbox) are in front of the observer.
",137,199,0.0,0.04001311801449094,0.8662434816360474,0.36000000000000004,0.5491243644209218,0.5491243644209218,sentence
474,obj_spatial_relation_oo_mv,"<|im_start|>system
You are a helpful assistant.<|im_end|>
<|im_start|>user
<|vision_start|><|image_pad|><|image_pad|><|image_pad|><|image_pad|><|image_pad|><|image_pad|><|image_pad|><|image_pad|><|ima...","The shelf and the towel are not in the same image, so their spatial alignment cannot be determined.","From this angle, the shelf(red bbox) is seen  above in relation to the towel(blue bbox). It may also be farther. The the shelf(red bbox) and the towel(blue bbox) are in front of the observer.
",99,192,0.0,0.01284552336701587,0.5840234756469727,0.225,0.3620808424968895,0.3620808424968895,sentence
475,obj_spatial_relation_oo_mv,"<|im_start|>system
You are a helpful assistant.<|im_end|>
<|im_start|>user
<|vision_start|><|image_pad|><|image_pad|><|image_pad|><|image_pad|><|image_pad|><|image_pad|><|image_pad|><|image_pad|><|ima...","The suitcase is not visible in the second image, and there is no bottle present in the first image, so it is not possible to determine the position of the suitcase relative to the bottle.","The arrangement shows the suitcase(red bbox) as to the left below the bottle(blue bbox). It also seems closer from this view. The the suitcase(red bbox) and the bottle(blue bbox) are in front of the observer.
",187,209,0.0,0.020455163269401243,0.735141396522522,0.18000000000000002,0.4256617309151412,0.4256617309151412,sentence
476,obj_spatial_relation_oo_mv,"<|im_start|>system
You are a helpful assistant.<|im_end|>
<|im_start|>user
<|vision_start|><|image_pad|><|image_pad|><|image_pad|><|image_pad|><|image_pad|><|image_pad|><|image_pad|><|image_pad|><|ima...","The game console is located on the shelf, so in the first image, the game console (red bbox: [810, 440, 945, 528]) can be found to the right of the shelf (blue bbox: [0, 512, 472, 653]). In the second and third images, which are plucker ray visualizations, there is no clear object that can be identified as a game console or a shelf, as they are blurred and do not provide enough detail to make a comparison.","To describe the scene, the game console(red bbox) is to the right below the shelf(blue bbox). Additionally, it seems farther to the observer. The the game console(red bbox) and the shelf(blue bbox) are in front of the observer.
",409,228,0.0,0.022322338293169913,0.7550241947174072,0.36000000000000004,0.4899765650173376,0.4899765650173376,sentence
477,obj_spatial_relation_oo_mv,"<|im_start|>system
You are a helpful assistant.<|im_end|>
<|im_start|>user
<|vision_start|><|image_pad|><|image_pad|><|image_pad|><|image_pad|><|image_pad|><|image_pad|><|image_pad|><|image_pad|><|ima...","In the first image, the shelf is positioned at the top right corner of the room, and the power socket is located on the wall, to the left of the shelf. In the second image, the shelf is still at the top right corner, but the power socket is no longer visible, indicating it might be located below the shelf or obscured by the items on the shelf.","the shelf(red bbox) holds a position to the right and above the power socket(blue bbox). From this vantage, it seems closer. The the shelf(red bbox) and the power socket(blue bbox) are in front of the observer.
",345,211,0.0,0.02488886338965286,0.75883948802948,0.36000000000000004,0.49239751669267057,0.49239751669267057,sentence
478,obj_spatial_relation_oo_mv,"<|im_start|>system
You are a helpful assistant.<|im_end|>
<|im_start|>user
<|vision_start|><|image_pad|><|image_pad|><|image_pad|><|image_pad|><|image_pad|><|image_pad|><|image_pad|><|image_pad|><|ima...","The wet wipes (red bbox: [676, 414, 739, 443]) are not in the same scene as the shelf rail (blue bbox: [701, 0, 860, 510]). The wet wipes are in the first image, while the shelf rail is in the second image.","the wet wipes(red bbox) is seen in a position to the left  the shelf rail(blue bbox). It seems closer in this setup. The the wet wipes(red bbox) and the shelf rail(blue bbox) are in front of the observer.
",206,205,0.0,0.023360549828121566,0.8328229188919067,0.18000000000000002,0.4750835694115777,0.4750835694115777,sentence
479,obj_spatial_relation_oo_mv,"<|im_start|>system
You are a helpful assistant.<|im_end|>
<|im_start|>user
<|vision_start|><|image_pad|><|image_pad|><|image_pad|><|image_pad|><|image_pad|><|image_pad|><|image_pad|><|image_pad|><|ima...","To determine the relative position of the bottle and the window frame, we need to calculate the 3D center points of these objects and then compare them. 

1. **Calculate the 3D center point of the bottle:**
   - The bottle is located at the bottom left of the image. We can estimate its center point by taking the average of the x, y, and z coordinates of its bounding box. For example, if the bottle's bounding box is at (x1, y1, z1) to (x2, y2, z2), the center point would be ((x1+x2)/2, (y1+y2)/2, (z1+z2)/2).
   
2. **Calculate the 3D center point of the window frame:**
   - The window frame is located at the top right of the image. We can estimate its center point by taking the average of the x, y, and z coordinates of its bounding box. For example, if the window frame's bounding box is at (x1, y1, z1) to (x2, y2, z2), the center point would be ((x1+x2)/2, (y1+y2)/2, (z1+z2)/2).

3. **Compare the center points:**
   - If the x, y, and z coordinates of the bottle's center point are smaller than those of the window frame's center point, then the bottle is located to the left, below, and in front of the window frame. If the x, y, and z coordinates of the bottle's center point are larger than those of the window frame's center point, then the bottle is located to the right, above, and behind the window frame. If the x, y, and z coordinates of the bottle's center point are equal to those of the window frame's center point, then the bottle is located at the same point as the window frame.

Since the images provided are visualizations of the RGB images and not the actual 3D points, we cannot perform the exact calculations. However, based on the visualizations, it seems that the bottle is located to the left and below the window frame.","When observing the window frame(blue bbox), the bottle(red bbox) appears to the left . Additionally, it is perceived as closer. The the bottle(red bbox) and the window frame(blue bbox) are in front of the observer.
",1756,215,0.0,0.015639931905139882,0.6034287214279175,0.675,0.5073423470949867,0.5073423470949867,sentence
480,obj_spatial_relation_oo_mv,"<|im_start|>system
You are a helpful assistant.<|im_end|>
<|im_start|>user
<|vision_start|><|image_pad|><|image_pad|><|image_pad|><|image_pad|><|image_pad|><|image_pad|><|image_pad|><|image_pad|><|ima...",The window frame is to the left of the chair from the observer's perspective.,"the window frame(red bbox) exists to the right above relative to the chair(blue bbox). To the viewer, it seems farther. The the window frame(red bbox) and the chair(blue bbox) are in front of the observer.
",77,206,0.0,0.012132541095309323,0.8773370981216431,0.18000000000000002,0.4950950572798834,0.4950950572798834,sentence
481,obj_spatial_relation_oo_mv,"<|im_start|>system
You are a helpful assistant.<|im_end|>
<|im_start|>user
<|vision_start|><|image_pad|><|image_pad|><|image_pad|><|image_pad|><|image_pad|><|image_pad|><|image_pad|><|image_pad|><|ima...","In the first image, the monitor is located to the left of the cabinet, while in the second image, the cabinet is no longer present, and the monitor is not visible. Therefore, it is not possible to compare their relative positions in the two images.","The observer notes the monitor(red bbox) is to the left above the cabinet(blue bbox). Additionally, it appears farther. The the monitor(red bbox) and the cabinet(blue bbox) are in front of the observer.
",248,203,0.0,0.03599084792653663,0.6618738770484924,0.36000000000000004,0.44613510810955354,0.44613510810955354,sentence
482,obj_spatial_relation_oo_mv,"<|im_start|>system
You are a helpful assistant.<|im_end|>
<|im_start|>user
<|vision_start|><|image_pad|><|image_pad|><|image_pad|><|image_pad|><|image_pad|><|image_pad|><|image_pad|><|image_pad|><|ima...","The table (red bbox: [0, 652, 654, 999]) appears to be positioned in front of the cabinet (blue bbox: [0, 340, 147, 549]) in the first image, as indicated by the spatial arrangement in the first image. In the second image, the table is no longer visible, and the perspective has shifted, suggesting that the table may have been moved or is not in the current frame. The plucker ray visualizations do not provide spatial information about the objects' relative positions.","To describe the scene, the table(red bbox) is to the right  the cabinet(blue bbox). Additionally, it seems farther to the observer. The the table(red bbox) is in front of the observer. The the cabinet(blue bbox) is behind the observer.
",470,236,0.0,0.03997844225383471,0.719419002532959,0.36000000000000004,0.4757051897172464,0.4757051897172464,sentence
483,obj_spatial_relation_oo_mv,"<|im_start|>system
You are a helpful assistant.<|im_end|>
<|im_start|>user
<|vision_start|><|image_pad|><|image_pad|><|image_pad|><|image_pad|><|image_pad|><|image_pad|><|image_pad|><|image_pad|><|ima...",The speaker is located in front of the heater.,"In this arrangement, the speaker(red bbox) is positioned to the right above the heater(blue bbox). From the observer's perspective, it looks farther. The the speaker(red bbox) and the heater(blue bbox) are in front of the observer.
",46,232,0.0,0.01644548677312421,0.6937255263328552,0.36000000000000004,0.45815186052105245,0.45815186052105245,sentence
484,obj_spatial_relation_oo_mv,"<|im_start|>system
You are a helpful assistant.<|im_end|>
<|im_start|>user
<|vision_start|><|image_pad|><|image_pad|><|image_pad|><|image_pad|><|image_pad|><|image_pad|><|image_pad|><|image_pad|><|ima...","The chair in the first image (Image 760) is positioned to the right of the table, while the chair in the second image (Image 3060) is also to the right of the table but slightly further away from the table. There is no chair in the third image (Image 4120), which is a blank image. Therefore, there is no chair in the third image. The red bounding box in the last three images (4120, 4121, 4122) is a placeholder for the object and not a real object, so there is no chair in those images either. The spatial positioning of the chair relative to the picture is not applicable in the third and last three images.","the chair(red bbox) is seen to be to the left  the picture(blue bbox). It may also appear closer to the observer. The the chair(red bbox) and the picture(blue bbox) are in front of the observer.
",610,195,0.0,0.007269851308374506,0.6532069444656372,0.225,0.3955574424944935,0.3955574424944935,sentence
485,obj_spatial_relation_oo_mv,"<|im_start|>system
You are a helpful assistant.<|im_end|>
<|im_start|>user
<|vision_start|><|image_pad|><|image_pad|><|image_pad|><|image_pad|><|image_pad|><|image_pad|><|image_pad|><|image_pad|><|ima...","The picture (red bbox: [19, 783, 89, 823]) is located to the left of the box (blue bbox: [661, 628, 822, 734]) in the first image, while in the second image, the picture is located to the right of the box. The relative positions of the picture and the box are reversed between the two images.","Describing spatially, the picture(red bbox) is to the left and below in relation to the box(blue bbox). It also appears farther. The the picture(red bbox) and the box(blue bbox) are in front of the observer.
",292,208,0.0,0.030865080234759243,0.7974905371665955,0.36000000000000004,0.5129182846302496,0.5129182846302496,sentence
486,obj_spatial_relation_oo_mv,"<|im_start|>system
You are a helpful assistant.<|im_end|>
<|im_start|>user
<|vision_start|><|image_pad|><|image_pad|><|image_pad|><|image_pad|><|image_pad|><|image_pad|><|image_pad|><|image_pad|><|ima...","In the first image, the whiteboard is positioned to the left and slightly above the chair. In the second image, the whiteboard is no longer visible, indicating it is further away or not in the frame. The third image does not contain the whiteboard or the chair. Therefore, the whiteboard cannot be located relative to the chair in the third image.","In the scene, the whiteboard(red bbox) is to the left above the chair(blue bbox). It is also perceived as farther relative to the observer. The the whiteboard(red bbox) and the chair(blue bbox) are in front of the observer.
",347,224,0.0,0.038667779659215466,0.7121532559394836,0.7200000000000001,0.5798101839015849,0.5798101839015849,sentence
487,obj_spatial_relation_oo_mv,"<|im_start|>system
You are a helpful assistant.<|im_end|>
<|im_start|>user
<|vision_start|><|image_pad|><|image_pad|><|image_pad|><|image_pad|><|image_pad|><|image_pad|><|image_pad|><|image_pad|><|ima...","The whiteboard (blue bbox: [0, 0, 217, 510]) is located in the top left corner of the image, while the observer's perspective (red bbox: [699, 653, 780, 690]) is in the bottom right corner of the image. The spatial arrangement shows that the observer is positioned in the foreground, looking towards the whiteboard, which is in the background. The camera poses for the images suggest that the camera is slightly tilted, but the relative positions of the objects are maintained. The whiteboard is further away from the observer compared to the red bounding box, which is likely the observer's perspective.","Relative to the whiteboard(blue bbox), the picture(red bbox) is to the right and below. To the observer, it might seem farther. The the picture(red bbox) and the whiteboard(blue bbox) are in front of the observer.
",604,214,0.0,0.007514015083804467,0.840540885925293,0.54,0.5837732459794074,0.5837732459794074,sentence
488,obj_spatial_relation_oo_mv,"<|im_start|>system
You are a helpful assistant.<|im_end|>
<|im_start|>user
<|vision_start|><|image_pad|><|image_pad|><|image_pad|><|image_pad|><|image_pad|><|image_pad|><|image_pad|><|image_pad|><|ima...","The chair in the first image (red bbox: [0, 476, 156, 588]) appears to be positioned to the left of the table (blue bbox: [0, 791, 999, 999]). In the second image, the corresponding bounding box for the chair is not present, suggesting it has been removed or repositioned. However, the spatial alignment of the table relative to the wall and window remains consistent between the two images. The observer's perspective is not directly affected by the removal of the chair, as the spatial relationships of the table and wall remain unchanged.","From this position, the chair(red bbox) looks to the left  the table(blue bbox). It is also farther as seen. The the chair(red bbox) and the table(blue bbox) are in front of the observer.
",541,188,0.0,0.016094878201843865,0.7744858264923096,0.45,0.5254618888865236,0.5254618888865236,sentence
489,obj_spatial_relation_oo_mv,"<|im_start|>system
You are a helpful assistant.<|im_end|>
<|im_start|>user
<|vision_start|><|image_pad|><|image_pad|><|image_pad|><|image_pad|><|image_pad|><|image_pad|><|image_pad|><|image_pad|><|ima...","The picture (red bbox: [236, 476, 279, 488]) is positioned to the right of the window frame (blue bbox: [472, 653, 855, 999]) from the viewpoint of the observer.","the picture(red bbox) is clearly to the left and below the window frame(blue bbox). When observed, it is closer. The the picture(red bbox) and the window frame(blue bbox) are in front of the observer.
",161,201,0.0,0.043317496955166436,0.8938548564910889,0.18000000000000002,0.5095909276365778,0.5095909276365778,sentence
490,obj_spatial_relation_oo_mv,"<|im_start|>system
You are a helpful assistant.<|im_end|>
<|im_start|>user
<|vision_start|><|image_pad|><|image_pad|><|image_pad|><|image_pad|><|image_pad|><|image_pad|><|image_pad|><|image_pad|><|ima...","The windowsill (red bbox: [834, 572, 999, 692]) is situated in the third image, which corresponds to the blue bounding box (4130), and it is located below the whiteboard (blue bbox: [358, 0, 962, 535]) in the second image (4260). In the first image (9360), the whiteboard and windowsill are not visible, indicating they are further away from the camera's viewpoint.","Observationally, the windowsill(red bbox) is to the right and below the whiteboard(blue bbox). It appears farther in proximity. The the windowsill(red bbox) and the whiteboard(blue bbox) are in front of the observer.
",365,217,0.0,0.01264291511067447,0.8433874845504761,0.54,0.586222325297373,0.586222325297373,sentence
491,obj_spatial_relation_oo_mv,"<|im_start|>system
You are a helpful assistant.<|im_end|>
<|im_start|>user
<|vision_start|><|image_pad|><|image_pad|><|image_pad|><|image_pad|><|image_pad|><|image_pad|><|image_pad|><|image_pad|><|ima...","The chair (red bbox: [586, 0, 729, 231]) is to the right of the cable duct (blue bbox: [0, 214, 50, 362]).","Observationally, the chair(red bbox) is to the right and below the cable duct(blue bbox). It appears farther in proximity. The the chair(red bbox) and the cable duct(blue bbox) are in front of the observer.
",106,207,0.0,0.08467948429857974,0.8834644556045532,0.18000000000000002,0.5126681246619925,0.5126681246619925,sentence
492,obj_spatial_relation_oo_mv,"<|im_start|>system
You are a helpful assistant.<|im_end|>
<|im_start|>user
<|vision_start|><|image_pad|><|image_pad|><|image_pad|><|image_pad|><|image_pad|><|image_pad|><|image_pad|><|image_pad|><|ima...","The chair (red bbox: [339, 482, 426, 712]) is located in the room, and the light switch (blue bbox: [192, 35, 218, 88]) is on the wall. In the first image, the chair is closer to the camera than the light switch, and in the second image, the chair is also closer to the camera than the light switch.","the chair(red bbox) can be identified as to the right below the light switch(blue bbox). To the observer, it appears closer. The the chair(red bbox) and the light switch(blue bbox) are in front of the observer.
",299,211,0.0,0.028293637696341443,0.8402818441390991,0.36000000000000004,0.5337996496088179,0.5337996496088179,sentence
493,obj_spatial_relation_oo_mv,"<|im_start|>system
You are a helpful assistant.<|im_end|>
<|im_start|>user
<|vision_start|><|image_pad|><|image_pad|><|image_pad|><|image_pad|><|image_pad|><|image_pad|><|image_pad|><|image_pad|><|ima...","The curtain (red bbox: [808, 469, 999, 999]) is positioned above the coax outlet (blue bbox: [765, 931, 781, 999]) in the two images. The red bounding box in the third image is at the top of the window, indicating the curtain, while the blue bounding box in the same image is at the bottom of the window, indicating the coax outlet.","the curtain(red bbox) is observed to be to the right and  the coax outlet(blue bbox). This also places it closer from the observer's perspective. The the curtain(red bbox) is  the observer. The the coax outlet(blue bbox) is behind the observer.
",332,245,0.0,0.012234863178833396,0.8353159427642822,0.36000000000000004,0.5281049440179078,0.5281049440179078,sentence
494,obj_spatial_relation_oo_mv,"<|im_start|>system
You are a helpful assistant.<|im_end|>
<|im_start|>user
<|vision_start|><|image_pad|><|image_pad|><|image_pad|><|image_pad|><|image_pad|><|image_pad|><|image_pad|><|image_pad|><|ima...","The power sockets are located to the right of the chair, in the image.","In reference to the chair(blue bbox), the power sockets(red bbox) is to the left and above. It also appears farther when observed. The the power sockets(red bbox) and the chair(blue bbox) are in front of the observer.
",70,218,0.0,0.01119942741925339,0.8018816113471985,0.18000000000000002,0.4571806911574499,0.4571806911574499,sentence
495,obj_spatial_relation_oo_mv,"<|im_start|>system
You are a helpful assistant.<|im_end|>
<|im_start|>user
<|vision_start|><|image_pad|><|image_pad|><|image_pad|><|image_pad|><|image_pad|><|image_pad|><|image_pad|><|image_pad|><|ima...",The smoke detector is in front of the heater in the first image.,"From this viewpoint, the smoke detector(red bbox) appears to the left, above the heater(blue bbox).  The the smoke detector(red bbox) and the heater(blue bbox) are in front of the observer.
",64,190,0.0,0.0646389261122992,0.764954686164856,0.45,0.5304051283048878,0.5304051283048878,sentence
496,obj_spatial_relation_oo_mv,"<|im_start|>system
You are a helpful assistant.<|im_end|>
<|im_start|>user
<|vision_start|><|image_pad|><|image_pad|><|image_pad|><|image_pad|><|image_pad|><|image_pad|><|image_pad|><|image_pad|><|ima...",The table is to the left of the chair.,"Relative to its surroundings, the table(red bbox) is to the left  the chair(blue bbox). It is also farther from here. The the table(red bbox) is  the observer. The the chair(blue bbox) is in front of the observer.
",38,214,0.0,0.016434752640546387,0.6908706426620483,0.225,0.41622227185913346,0.41622227185913346,sentence
497,obj_spatial_relation_oo_mv,"<|im_start|>system
You are a helpful assistant.<|im_end|>
<|im_start|>user
<|vision_start|><|image_pad|><|image_pad|><|image_pad|><|image_pad|><|image_pad|><|image_pad|><|image_pad|><|image_pad|><|ima...","The observer's perspective on the spatial arrangement of the windowsill (red bbox: [0, 104, 178, 267]) with respect to the window (blue bbox: [645, 326, 660, 726]) suggests that the windowsill is located directly in front of the window. This can be inferred from the position of the objects in the two images and the spatial arrangement of the objects in the room.","Looking closer, the windowsill(red bbox) is to the left below in relation to the window(blue bbox). It might also be closer. The the windowsill(red bbox) and the window(blue bbox) are in front of the observer.
",364,210,0.0,0.05691404903063441,0.8120670318603516,0.36000000000000004,0.5254163257363027,0.5254163257363027,sentence
498,obj_spatial_relation_oo_mv,"<|im_start|>system
You are a helpful assistant.<|im_end|>
<|im_start|>user
<|vision_start|><|image_pad|><|image_pad|><|image_pad|><|image_pad|><|image_pad|><|image_pad|><|image_pad|><|image_pad|><|ima...","The chair and the curtain are not in the same image, and thus their spatial relationship cannot be determined. The chair is located in the first image, and the curtain is in the second image.","The arrangement shows the chair(red bbox) as to the left  the curtain(blue bbox). It also seems farther from this view. The the chair(red bbox) is in front of the observer. The the curtain(blue bbox) is behind the observer.
",191,224,0.0,0.015416011967666338,0.6795893907546997,0.18000000000000002,0.3968778977708831,0.3968778977708831,sentence
499,obj_spatial_relation_oo_mv,"<|im_start|>system
You are a helpful assistant.<|im_end|>
<|im_start|>user
<|vision_start|><|image_pad|><|image_pad|><|image_pad|><|image_pad|><|image_pad|><|image_pad|><|image_pad|><|image_pad|><|ima...","The whiteboard (red bbox: [702, 87, 935, 969]) is positioned below the rj45 outlet (blue bbox: [482, 110, 517, 165]) in the first image.","the whiteboard(red bbox) can be spotted to the right and above the rj45 outlet(blue bbox). The observer may perceive it as closer. The the whiteboard(red bbox) and the rj45 outlet(blue bbox) are in front of the observer.
",136,221,0.0,0.012242056890645154,0.8535398244857788,0.3,0.5192183236210184,0.5192183236210184,sentence
500,obj_spatial_relation_oo_mv,"<|im_start|>system
You are a helpful assistant.<|im_end|>
<|im_start|>user
<|vision_start|><|image_pad|><|image_pad|><|image_pad|><|image_pad|><|image_pad|><|image_pad|><|image_pad|><|image_pad|><|ima...","The chair (red bbox: [363, 228, 502, 378]) appears to the left of the window sill (blue bbox: [693, 212, 999, 247]) in the first image. The exact 3D position cannot be determined with the given parameters, but based on the relative positions in the images, the chair is closer to the left side of the frame and the window sill is closer to the right side, indicating the chair is to the left of the window sill.","the chair(red bbox) occupies a space to the left  the window sill(blue bbox). It is noted to be farther. The the chair(red bbox) and the window sill(blue bbox) are in front of the observer.
",411,190,0.0,0.027783854500058085,0.8019506931304932,0.36000000000000004,0.5145321174652582,0.5145321174652582,sentence
501,obj_spatial_relation_oo_mv,"<|im_start|>system
You are a helpful assistant.<|im_end|>
<|im_start|>user
<|vision_start|><|image_pad|><|image_pad|><|image_pad|><|image_pad|><|image_pad|><|image_pad|><|image_pad|><|image_pad|><|ima...","The chair (red bbox: [31, 665, 206, 999]) is located to the left of the chair (blue bbox: [644, 402, 785, 623]) in the first image, and it would be similarly located to the left of the chair (blue bbox: [644, 402, 785, 623]) in the second image, based on the relative positions and the lack of changes in the camera poses and intrinsic parameters provided.","the chair(red bbox) appears to the observer as being to the right and  the chair(blue bbox). It also seems farther. The the chair(red bbox) and the chair(blue bbox) are in front of the observer.
",356,195,0.0,0.013647193793775492,0.7586858868598938,0.225,0.449572382188702,0.449572382188702,sentence
502,obj_spatial_relation_oo_mv,"<|im_start|>system
You are a helpful assistant.<|im_end|>
<|im_start|>user
<|vision_start|><|image_pad|><|image_pad|><|image_pad|><|image_pad|><|image_pad|><|image_pad|><|image_pad|><|image_pad|><|ima...","The table and the chair are not in the same image, and the chair's bounding box is out of the provided image index range, so we cannot determine their relative positioning with the given information.","Examining the chair(blue bbox), the table(red bbox) is to the left and . It might also appear closer. The the table(red bbox) and the chair(blue bbox) are in front of the observer.
",199,181,0.0,0.020904996083879822,0.6429135799407959,0.225,0.3931377891871739,0.3931377891871739,sentence
503,obj_spatial_relation_oo_mv,"<|im_start|>system
You are a helpful assistant.<|im_end|>
<|im_start|>user
<|vision_start|><|image_pad|><|image_pad|><|image_pad|><|image_pad|><|image_pad|><|image_pad|><|image_pad|><|image_pad|><|ima...",The table is located to the left of the chair.,"the table(red bbox) is to the left  with the chair(blue bbox). From here, it appears closer. The the table(red bbox) and the chair(blue bbox) are in front of the observer.
",46,172,0.0,0.01933562549425177,0.748173713684082,0.225,0.44545398194089136,0.44545398194089136,sentence
504,obj_spatial_relation_oo_mv,"<|im_start|>system
You are a helpful assistant.<|im_end|>
<|im_start|>user
<|vision_start|><|image_pad|><|image_pad|><|image_pad|><|image_pad|><|image_pad|><|image_pad|><|image_pad|><|image_pad|><|ima...","The heater (red bbox: [754, 308, 847, 419]) appears in the background of the second image, which is the first image in the sequence of images with the RGB and plucker ray visualizations. The power strip (blue bbox: [721, 267, 793, 286]) is located on the right side of the room in the first image, and it is positioned closer to the foreground in relation to the heater in the second image.","the heater(red bbox) is noted to be to the left below the power strip(blue bbox). It might be perceived as farther from this view. The the heater(red bbox) and the power strip(blue bbox) are in front of the observer.
",390,217,0.0,0.011618996863462664,0.8363262414932251,0.18000000000000002,0.4744869201193051,0.4744869201193051,sentence
505,obj_spatial_relation_oo_mv,"<|im_start|>system
You are a helpful assistant.<|im_end|>
<|im_start|>user
<|vision_start|><|image_pad|><|image_pad|><|image_pad|><|image_pad|><|image_pad|><|image_pad|><|image_pad|><|image_pad|><|ima...","The chair (red bbox: [166, 842, 259, 994]) is positioned to the right of the chair (blue bbox: [865, 42, 999, 301]) in the two images from the observer's perspective.","Examining the chair(blue bbox), the chair(red bbox) is to the right and . It might also appear farther. The the chair(red bbox) and the chair(blue bbox) are in front of the observer.
",166,183,0.0,0.04323317055456997,0.8943901062011719,0.45,0.5908416872115,0.5908416872115,sentence
506,obj_spatial_relation_oo_mv,"<|im_start|>system
You are a helpful assistant.<|im_end|>
<|im_start|>user
<|vision_start|><|image_pad|><|image_pad|><|image_pad|><|image_pad|><|image_pad|><|image_pad|><|image_pad|><|image_pad|><|ima...","The power strip (red bbox: [111, 547, 224, 658]) is positioned below and to the right of the window (blue bbox: [272, 0, 427, 59]) in the second image, as seen from the observer's viewpoint in the first image. The observer's position in the first image does not provide a direct comparison to the second image, but the spatial relationship between the power strip and the window can be inferred by the relative positions in the first image and the perspective shift in the second image.","From the perspective provided, the power strip(red bbox) is to the left and below the window(blue bbox). This places it farther as well. The the power strip(red bbox) and the window(blue bbox) are behind the observer.
",486,218,0.0,0.012065275692541014,0.8733498454093933,0.36000000000000004,0.5470879778432048,0.5470879778432048,sentence
507,obj_spatial_relation_oo_mv,"<|im_start|>system
You are a helpful assistant.<|im_end|>
<|im_start|>user
<|vision_start|><|image_pad|><|image_pad|><|image_pad|><|image_pad|><|image_pad|><|image_pad|><|image_pad|><|image_pad|><|ima...",The chair with the red bounding box is positioned to the right of the chair with the blue bounding box.,"the chair(red bbox) occupies a to the right and  spot relative to the chair(blue bbox). It might also seem farther. The the chair(red bbox) is in front of the observer. The the chair(blue bbox) is behind the observer.
",103,218,0.0,0.02822277097717758,0.7022464275360107,0.3,0.44676776796344086,0.44676776796344086,sentence
508,obj_spatial_relation_oo_mv,"<|im_start|>system
You are a helpful assistant.<|im_end|>
<|im_start|>user
<|vision_start|><|image_pad|><|image_pad|><|image_pad|><|image_pad|><|image_pad|><|image_pad|><|image_pad|><|image_pad|><|ima...","There is no chair in the second image, so it's not possible to describe the spatial relationship between the structure and the chair in that image.","Examining the chair(blue bbox), the structure(red bbox) is to the left and above. It might also appear closer. The the structure(red bbox) and the chair(blue bbox) are in front of the observer.
",147,194,0.0,0.01725192592108117,0.7040109634399414,0.18000000000000002,0.40945586690418695,0.40945586690418695,sentence
509,obj_spatial_relation_oo_mv,"<|im_start|>system
You are a helpful assistant.<|im_end|>
<|im_start|>user
<|vision_start|><|image_pad|><|image_pad|><|image_pad|><|image_pad|><|image_pad|><|image_pad|><|image_pad|><|image_pad|><|ima...",The thermostat is located above the sink in the two images.,"the thermostat(red bbox) exists to the right above relative to the sink(blue bbox).  The the thermostat(red bbox) and the sink(blue bbox) are in front of the observer.
",59,168,0.0,0.006582034299394282,0.7341562509536743,0.45,0.503394532336716,0.503394532336716,sentence
510,obj_spatial_relation_oo_mv,"<|im_start|>system
You are a helpful assistant.<|im_end|>
<|im_start|>user
<|vision_start|><|image_pad|><|image_pad|><|image_pad|><|image_pad|><|image_pad|><|image_pad|><|image_pad|><|image_pad|><|ima...","In the first image, the refrigerator (red bounding box) is located towards the top left, while the bag (blue bounding box) is towards the bottom left. In the second image, the refrigerator is still towards the top left, but the bag is now on the floor to the left of the refrigerator. The relative positions of the refrigerator and the bag have not changed in terms of their spatial orientation, but the bag's location has shifted closer to the bottom left.","the refrigerator(red bbox) appears to the observer as being to the left and  the bag(blue bbox). It also seems farther. The the refrigerator(red bbox) and the bag(blue bbox) are in front of the observer.
",457,204,0.0,0.020462106232093963,0.7704254388809204,0.45,0.5243051406868791,0.5243051406868791,sentence
511,obj_spatial_relation_oo_mv,"<|im_start|>system
You are a helpful assistant.<|im_end|>
<|im_start|>user
<|vision_start|><|image_pad|><|image_pad|><|image_pad|><|image_pad|><|image_pad|><|image_pad|><|image_pad|><|image_pad|><|ima...","In the first image, the bottle (red bbox: [456, 708, 491, 879]) appears to be located in the sink (blue bbox: [452, 0, 953, 256]) due to the close proximity of their 3D center points. The bottle is situated within the boundaries of the sink, which is consistent with the viewer's perspective.","Observationally, the bottle(red bbox) is to the left and above the sink(blue bbox). It appears farther in proximity. The the bottle(red bbox) and the sink(blue bbox) are in front of the observer.
",292,196,0.0,0.014143550190952823,0.8440288305282593,0.18000000000000002,0.4788431253023202,0.4788431253023202,sentence
512,obj_spatial_relation_oo_mv,"<|im_start|>system
You are a helpful assistant.<|im_end|>
<|im_start|>user
<|vision_start|><|image_pad|><|image_pad|><|image_pad|><|image_pad|><|image_pad|><|image_pad|><|image_pad|><|image_pad|><|ima...","In the first image, the faucet is located on the left side of the power outlet. The exact 3D coordinates cannot be calculated without more information about the camera's pose and the scale of the objects, but based on the provided poses and translation vectors, it can be inferred that the faucet is further away from the power outlet than the observer's position in the first image.","From the observer's standpoint, the faucet(red bbox) sits to the right below the power outlet(blue bbox). It can also be considered farther. The the faucet(red bbox) and the power outlet(blue bbox) are in front of the observer.
",383,228,0.0,0.016177619594317932,0.6924780011177063,0.5142857142857142,0.503760238763431,0.503760238763431,sentence
513,obj_spatial_relation_oo_mv,"<|im_start|>system
You are a helpful assistant.<|im_end|>
<|im_start|>user
<|vision_start|><|image_pad|><|image_pad|><|image_pad|><|image_pad|><|image_pad|><|image_pad|><|image_pad|><|image_pad|><|ima...",The stovetop is located behind the bucket in relation to the observer's point of view.,"the stovetop(red bbox) is spatially to the right and above with respect to the bucket(blue bbox). It seems farther to the observer. The the stovetop(red bbox) and the bucket(blue bbox) are in front of the observer.
",86,215,0.0,0.009428145194046217,0.8436945676803589,0.18000000000000002,0.47773291287898867,0.47773291287898867,sentence
514,obj_spatial_relation_oo_mv,"<|im_start|>system
You are a helpful assistant.<|im_end|>
<|im_start|>user
<|vision_start|><|image_pad|><|image_pad|><|image_pad|><|image_pad|><|image_pad|><|image_pad|><|image_pad|><|image_pad|><|ima...","The kitchen cabinet (red bbox: [221, 0, 644, 601]) is located to the left of the spice jar (blue bbox: [977, 504, 999, 561]) in the observer's perspective.","the kitchen cabinet(red bbox), as observed, is located to the right above the spice jar(blue bbox).  The the kitchen cabinet(red bbox) and the spice jar(blue bbox) are in front of the observer.
",155,194,0.0,0.11097946475657317,0.9442761540412903,0.225,0.5618339699719598,0.5618339699719598,sentence
515,obj_spatial_relation_oo_mv,"<|im_start|>system
You are a helpful assistant.<|im_end|>
<|im_start|>user
<|vision_start|><|image_pad|><|image_pad|><|image_pad|><|image_pad|><|image_pad|><|image_pad|><|image_pad|><|image_pad|><|ima...","The kitchen cabinet (red bbox: [822, 75, 999, 522]) appears to the right of the bottle (blue bbox: [679, 0, 736, 80]) in both images.","Observing the kitchen cabinet(red bbox) reveals it is to the left below the bottle(blue bbox). It is perceived as closer. The the kitchen cabinet(red bbox) is  the observer. The the bottle(blue bbox) is behind the observer.
",133,224,0.0,0.015428900778685542,0.7588068842887878,0.18000000000000002,0.43648922230013104,0.43648922230013104,sentence
516,obj_spatial_relation_oo_mv,"<|im_start|>system
You are a helpful assistant.<|im_end|>
<|im_start|>user
<|vision_start|><|image_pad|><|image_pad|><|image_pad|><|image_pad|><|image_pad|><|image_pad|><|image_pad|><|image_pad|><|ima...","The cable duct (red bbox: [868, 555, 999, 608]) is not present in the second image, so it cannot be compared to the faucet (blue bbox: [434, 768, 501, 908]) in terms of relative position.","the cable duct(red bbox) exists to the left above relative to the faucet(blue bbox).  The the cable duct(red bbox) and the faucet(blue bbox) are in front of the observer.
",187,171,0.0,0.01888979634684977,0.7574715614318848,0.225,0.45001373998531236,0.45001373998531236,sentence
517,obj_spatial_relation_oo_mv,"<|im_start|>system
You are a helpful assistant.<|im_end|>
<|im_start|>user
<|vision_start|><|image_pad|><|image_pad|><|image_pad|><|image_pad|><|image_pad|><|image_pad|><|image_pad|><|image_pad|><|ima...",The sink is not located in the same scene as the kitchen cabinet in relation to the observer's perspective.,"From this observation point, the sink(red bbox) appears to the left above the kitchen cabinet(blue bbox). It seems farther as well. The the sink(red bbox) and the kitchen cabinet(blue bbox) are in front of the observer.
",107,220,0.0,0.014801371865662804,0.7131335139274597,0.18000000000000002,0.4135270313368624,0.4135270313368624,sentence
518,obj_spatial_relation_oo_mv,"<|im_start|>system
You are a helpful assistant.<|im_end|>
<|im_start|>user
<|vision_start|><|image_pad|><|image_pad|><|image_pad|><|image_pad|><|image_pad|><|image_pad|><|image_pad|><|image_pad|><|ima...","In the first image, the brush is positioned to the left of the broom, closer to the viewer, while in the second image, the broom is positioned in front of the brush, further from the viewer.","From the perspective provided, the brush(red bbox) is to the right and below the broom(blue bbox).  The the brush(red bbox) and the broom(blue bbox) are in front of the observer.
",190,179,0.0,0.09975648968250406,0.7369745969772339,0.45,0.5234385964251178,0.5234385964251178,sentence
519,obj_spatial_relation_oo_mv,"<|im_start|>system
You are a helpful assistant.<|im_end|>
<|im_start|>user
<|vision_start|><|image_pad|><|image_pad|><|image_pad|><|image_pad|><|image_pad|><|image_pad|><|image_pad|><|image_pad|><|ima...",The sink is to the left of the spice jar.,"the sink(red bbox) can be described as being to the right below in relation to the spice jar(blue bbox). To the observer, it is farther. The the sink(red bbox) and the spice jar(blue bbox) are in front of the observer.
",41,219,0.0,0.004000034562268221,0.7022938132286072,0.18000000000000002,0.4059469135267572,0.4059469135267572,sentence
520,obj_spatial_relation_oo_mv,"<|im_start|>system
You are a helpful assistant.<|im_end|>
<|im_start|>user
<|vision_start|><|image_pad|><|image_pad|><|image_pad|><|image_pad|><|image_pad|><|image_pad|><|image_pad|><|image_pad|><|ima...",The mattress is to the left of the power socket.,"the mattress(red bbox) is observed to be to the left and below the power socket(blue bbox). This also places it closer from the observer's perspective. The the mattress(red bbox) and the power socket(blue bbox) are in front of the observer.
",48,241,0.0,0.007903080665892997,0.7116983532905579,0.18000000000000002,0.41142979277845754,0.41142979277845754,sentence
521,obj_spatial_relation_oo_mv,"<|im_start|>system
You are a helpful assistant.<|im_end|>
<|im_start|>user
<|vision_start|><|image_pad|><|image_pad|><|image_pad|><|image_pad|><|image_pad|><|image_pad|><|image_pad|><|image_pad|><|ima...",The power socket is positioned above and to the left of the mattress.,"From this position, the power socket(red bbox) looks to the left below the mattress(blue bbox). It is also farther as seen. The the power socket(red bbox) and the mattress(blue bbox) are in front of the observer.
",69,213,0.0,0.02051536008166555,0.8030458688735962,0.18000000000000002,0.4596260064531312,0.4596260064531312,sentence
522,obj_spatial_relation_oo_mv,"<|im_start|>system
You are a helpful assistant.<|im_end|>
<|im_start|>user
<|vision_start|><|image_pad|><|image_pad|><|image_pad|><|image_pad|><|image_pad|><|image_pad|><|image_pad|><|image_pad|><|ima...","The foodstuffs are not visible in the second image (Image 420), so we cannot determine their position relative to the cabinet in the second image.","From this viewpoint, the foodstuffs(red bbox) appears to the right,  the cabinet(blue bbox). Additionally, it seems closer. The the foodstuffs(red bbox) is in front of the observer. The the cabinet(blue bbox) is behind the observer.
",146,233,0.0,0.014133332557362798,0.6813091039657593,0.18000000000000002,0.3974812184943522,0.3974812184943522,sentence
523,obj_spatial_relation_oo_mv,"<|im_start|>system
You are a helpful assistant.<|im_end|>
<|im_start|>user
<|vision_start|><|image_pad|><|image_pad|><|image_pad|><|image_pad|><|image_pad|><|image_pad|><|image_pad|><|image_pad|><|ima...","There is no common reference point to compare the spatial location of the toothbrush and the blanket in the two images. The first image does not show the toothbrush, and the second image does not show the blanket. Therefore, it is not possible to calculate or judge the spatial location of the toothbrush in relation to the blanket in the two images.","the toothbrush(red bbox) seems to occupy a position to the left and above in relation to the blanket(blue bbox). This makes it appear farther. The the toothbrush(red bbox) and the blanket(blue bbox) are in front of the observer.
",350,229,0.0,0.05969404844605051,0.6447480320930481,0.18000000000000002,0.38831282573573417,0.38831282573573417,sentence
524,obj_spatial_relation_oo_mv,"<|im_start|>system
You are a helpful assistant.<|im_end|>
<|im_start|>user
<|vision_start|><|image_pad|><|image_pad|><|image_pad|><|image_pad|><|image_pad|><|image_pad|><|image_pad|><|image_pad|><|ima...","The blanket (red bbox: [0, 162, 560, 790]) and the foodstuffs (blue bbox: [649, 623, 835, 704]) are not visible in the provided images. The images are either blurred or contain a gradient background, and there are no objects to compare their spatial arrangement.","the blanket(red bbox) can be described as being to the right below in relation to the foodstuffs(blue bbox). To the observer, it is closer. The the blanket(red bbox) and the foodstuffs(blue bbox) are in front of the observer.
",262,226,0.0,0.012517970592156697,0.7588722109794617,0.18000000000000002,0.43593969960816215,0.43593969960816215,sentence
525,obj_spatial_relation_oo_mv,"<|im_start|>system
You are a helpful assistant.<|im_end|>
<|im_start|>user
<|vision_start|><|image_pad|><|image_pad|><|image_pad|><|image_pad|><|image_pad|><|image_pad|><|image_pad|><|image_pad|><|ima...",The light switch is to the left of the bed in the first image.,"the light switch(red bbox) lies to the left and above relative to the bed(blue bbox). It seems farther when viewed. The the light switch(red bbox) and the bed(blue bbox) are in front of the observer.
",62,200,0.0,0.02468724190021517,0.7627780437469482,0.36000000000000004,0.4943264702535171,0.4943264702535171,sentence
526,obj_spatial_relation_oo_mv,"<|im_start|>system
You are a helpful assistant.<|im_end|>
<|im_start|>user
<|vision_start|><|image_pad|><|image_pad|><|image_pad|><|image_pad|><|image_pad|><|image_pad|><|image_pad|><|image_pad|><|ima...","In the first image (3310), the power socket is positioned to the left and slightly above the broom. In the second image (4770), the power socket is also positioned to the left and slightly above the broom, but the relative positions remain the same in both images.","Relative to the broom(blue bbox), the power socket(red bbox) is to the left and . To the observer, it might seem farther. The the power socket(red bbox) is  the observer. The the broom(blue bbox) is in front of the observer.
",264,225,0.0,0.0865311728984811,0.7847306728363037,0.45,0.5446715709978481,0.5446715709978481,sentence
527,obj_spatial_relation_oo_mv,"<|im_start|>system
You are a helpful assistant.<|im_end|>
<|im_start|>user
<|vision_start|><|image_pad|><|image_pad|><|image_pad|><|image_pad|><|image_pad|><|image_pad|><|image_pad|><|image_pad|><|ima...",The heat pipe is to the left of the bed.,"the heat pipe(red bbox) is spatially to the left and  with respect to the bed(blue bbox).  The the heat pipe(red bbox) is behind the observer. The the bed(blue bbox) is in front of the observer.
",40,195,0.0,0.013029977197916716,0.7102459073066711,0.225,0.4252289490929189,0.4252289490929189,sentence
528,obj_spatial_relation_oo_mv,"<|im_start|>system
You are a helpful assistant.<|im_end|>
<|im_start|>user
<|vision_start|><|image_pad|><|image_pad|><|image_pad|><|image_pad|><|image_pad|><|image_pad|><|image_pad|><|image_pad|><|ima...","The tissue box and the blanket are not spatially related in the images provided. The tissue box is located on a table, while the blanket is on a bed. The images show different parts of a room, and the tissue box and blanket are not in the same scene or in the same relative position to each other.","From the perspective provided, the tissue box(red bbox) is to the right and above the blanket(blue bbox). This places it closer as well. The the tissue box(red bbox) and the blanket(blue bbox) are in front of the observer.
",297,223,0.0,0.014959915918045732,0.6592118740081787,0.18000000000000002,0.3865979201876985,0.3865979201876985,sentence
529,obj_spatial_relation_oo_mv,"<|im_start|>system
You are a helpful assistant.<|im_end|>
<|im_start|>user
<|vision_start|><|image_pad|><|image_pad|><|image_pad|><|image_pad|><|image_pad|><|image_pad|><|image_pad|><|image_pad|><|ima...",The cabinet is to the right of the light switch.,"Looking closer, the cabinet(red bbox) is to the left  in relation to the light switch(blue bbox). It might also be farther. The the cabinet(red bbox) is behind the observer. The the light switch(blue bbox) is in front of the observer.
",48,235,0.0,0.007643608382175044,0.6913901567459106,0.15,0.39222380004939034,0.39222380004939034,sentence
530,obj_spatial_relation_oo_mv,"<|im_start|>system
You are a helpful assistant.<|im_end|>
<|im_start|>user
<|vision_start|><|image_pad|><|image_pad|><|image_pad|><|image_pad|><|image_pad|><|image_pad|><|image_pad|><|image_pad|><|ima...","The shelf rail (red bbox: [418, 312, 463, 985]) is located in front of the plant pot (blue bbox: [703, 638, 719, 707]) based on the observer's viewpoint.","the shelf rail(red bbox) occupies a space to the right  the plant pot(blue bbox). It is noted to be farther. The the shelf rail(red bbox) and the plant pot(blue bbox) are in front of the observer.
",153,197,0.0,0.08742138882179519,0.8679603338241577,0.36000000000000004,0.5594644446764379,0.5594644446764379,sentence
531,obj_spatial_relation_oo_mv,"<|im_start|>system
You are a helpful assistant.<|im_end|>
<|im_start|>user
<|vision_start|><|image_pad|><|image_pad|><|image_pad|><|image_pad|><|image_pad|><|image_pad|><|image_pad|><|image_pad|><|ima...",The office chair is located to the left of the suitcase from the observer's perspective.,"Examining the suitcase(blue bbox), the office chair(red bbox) is to the left and . It might also appear farther. The the office chair(red bbox) and the suitcase(blue bbox) are in front of the observer.
",88,202,0.0,0.028849169023351082,0.8344928026199341,0.225,0.49051623511463727,0.49051623511463727,sentence
532,obj_spatial_relation_oo_mv,"<|im_start|>system
You are a helpful assistant.<|im_end|>
<|im_start|>user
<|vision_start|><|image_pad|><|image_pad|><|image_pad|><|image_pad|><|image_pad|><|image_pad|><|image_pad|><|image_pad|><|ima...",The smoke detector is located to the right and slightly above the electrical duct in the observer's perspective.,"the smoke detector(red bbox) lies spatially to the right above the electrical duct(blue bbox). It is also observed to be closer. The the smoke detector(red bbox) and the electrical duct(blue bbox) are behind the observer.
",112,222,0.0,0.04302273282793537,0.7921918630599976,0.54,0.5667004780955859,0.5667004780955859,sentence
533,obj_spatial_relation_oo_mv,"<|im_start|>system
You are a helpful assistant.<|im_end|>
<|im_start|>user
<|vision_start|><|image_pad|><|image_pad|><|image_pad|><|image_pad|><|image_pad|><|image_pad|><|image_pad|><|image_pad|><|ima...","In the first image, the refrigerator (red bbox: [543, 594, 999, 999]) is located to the right of the book (blue bbox: [507, 618, 518, 676]) as seen by the observer. The camera poses and intrinsic parameters provided do not directly indicate the spatial relationship between the refrigerator and the book in the context of the room. However, based on the relative positions of the objects in the room, the book appears to be on a shelf, and the refrigerator is on the floor, which is consistent with the spatial relationship observed in the image. The camera poses and intrinsic parameters are used to render the plucker ray visualizations and do not directly influence the spatial relationship between the refrigerator and the book in the image.","the refrigerator(red bbox) exists to the right below relative to the book(blue bbox). To the viewer, it seems closer. The the refrigerator(red bbox) is in front of the observer. The the book(blue bbox) is behind the observer.
",745,226,0.0,0.016986568712775686,0.7754099369049072,0.3,0.4811022821950087,0.4811022821950087,sentence
534,obj_spatial_relation_oo_mv,"<|im_start|>system
You are a helpful assistant.<|im_end|>
<|im_start|>user
<|vision_start|><|image_pad|><|image_pad|><|image_pad|><|image_pad|><|image_pad|><|image_pad|><|image_pad|><|image_pad|><|ima...","In the first image, the book is located to the right of the shelf rail, while in the second image, the book is located to the left of the shelf rail. The relative positions are reversed due to the mirrored viewpoint and the different camera poses.","To the observer, the book(red bbox) seems to the left and  the shelf rail(blue bbox).  The the book(red bbox) is behind the observer. The the shelf rail(blue bbox) is in front of the observer.
",247,193,0.0,0.043481962738678846,0.6656947731971741,0.45,0.4765437791463228,0.4765437791463228,sentence
535,obj_spatial_relation_oo_mv,"<|im_start|>system
You are a helpful assistant.<|im_end|>
<|im_start|>user
<|vision_start|><|image_pad|><|image_pad|><|image_pad|><|image_pad|><|image_pad|><|image_pad|><|image_pad|><|image_pad|><|ima...","The pillow (red bbox: [895, 310, 999, 423]) is located to the right of the shelf (blue bbox: [181, 172, 580, 783]) in the second image.","Examining the shelf(blue bbox), the pillow(red bbox) is to the right and . It might also appear closer. The the pillow(red bbox) and the shelf(blue bbox) are in front of the observer.
",135,184,0.0,0.04158206269957349,0.8018761873245239,0.45,0.5442545062021766,0.5442545062021766,sentence
536,obj_spatial_relation_oo_mv,"<|im_start|>system
You are a helpful assistant.<|im_end|>
<|im_start|>user
<|vision_start|><|image_pad|><|image_pad|><|image_pad|><|image_pad|><|image_pad|><|image_pad|><|image_pad|><|image_pad|><|ima...","The bed is significantly larger and positioned at a lower elevation compared to the suitcase. The bed is closer to the observer and occupies a much larger area of the room, while the suitcase is a small, compact object located in the corner, far from the bed.","the bed(red bbox) exists to the right  relative to the suitcase(blue bbox). To the viewer, it seems closer. The the bed(red bbox) and the suitcase(blue bbox) are in front of the observer.
",259,188,0.0,0.01737344452227641,0.7500274181365967,0.45,0.5134883979727536,0.5134883979727536,sentence
537,obj_spatial_relation_oo_mv,"<|im_start|>system
You are a helpful assistant.<|im_end|>
<|im_start|>user
<|vision_start|><|image_pad|><|image_pad|><|image_pad|><|image_pad|><|image_pad|><|image_pad|><|image_pad|><|image_pad|><|ima...","There is no electrical duct or suitcase present in the images. Therefore, it is not possible to describe the directional relationship between the two objects.","the electrical duct(red bbox) is spatially to the right and above with respect to the suitcase(blue bbox). It seems closer to the observer. The the electrical duct(red bbox) and the suitcase(blue bbox) are in front of the observer.
",158,232,0.0,0.007574673616455974,0.6142812967300415,0.18000000000000002,0.3626555830883119,0.3626555830883119,sentence
538,obj_spatial_relation_oo_mv,"<|im_start|>system
You are a helpful assistant.<|im_end|>
<|im_start|>user
<|vision_start|><|image_pad|><|image_pad|><|image_pad|><|image_pad|><|image_pad|><|image_pad|><|image_pad|><|image_pad|><|ima...","The smoke detector is located above and to the right of the book, based on the camera poses and the spatial arrangement in Image 1.","the smoke detector(red bbox) appears situated to the right and above the book(blue bbox). From this point, it seems closer. The the smoke detector(red bbox) and the book(blue bbox) are in front of the observer.
",131,211,0.0,0.04559687767249594,0.7684268951416016,0.54,0.5553328231053,0.5553328231053,sentence
539,obj_spatial_relation_oo_mv,"<|im_start|>system
You are a helpful assistant.<|im_end|>
<|im_start|>user
<|vision_start|><|image_pad|><|image_pad|><|image_pad|><|image_pad|><|image_pad|><|image_pad|><|image_pad|><|image_pad|><|ima...","The shelf (red bbox: [452, 485, 999, 552]) is situated to the right of the book (blue bbox: [805, 78, 844, 292]) from the observer's viewpoint.","From this observation point, the shelf(red bbox) appears to the left above the book(blue bbox). It seems farther as well. The the shelf(red bbox) and the book(blue bbox) are behind the observer.
",143,195,0.0,0.0160547260910276,0.897585928440094,0.18000000000000002,0.5060039094382526,0.5060039094382526,sentence
540,obj_spatial_relation_oo_mv,"<|im_start|>system
You are a helpful assistant.<|im_end|>
<|im_start|>user
<|vision_start|><|image_pad|><|image_pad|><|image_pad|><|image_pad|><|image_pad|><|image_pad|><|image_pad|><|image_pad|><|ima...","The bookshelf (red bbox: [470, 0, 740, 445]) is positioned behind the chair (blue bbox: [447, 788, 646, 999]) in the first image.","the bookshelf(red bbox) can be described as being to the right  in relation to the chair(blue bbox). To the observer, it is farther. The the bookshelf(red bbox) and the chair(blue bbox) are in front of the observer.
",129,216,0.0,0.006738130011271764,0.8060905337333679,0.225,0.4718928928689383,0.4718928928689383,sentence
541,obj_spatial_relation_oo_mv,"<|im_start|>system
You are a helpful assistant.<|im_end|>
<|im_start|>user
<|vision_start|><|image_pad|><|image_pad|><|image_pad|><|image_pad|><|image_pad|><|image_pad|><|image_pad|><|image_pad|><|ima...","The chair is behind the mouse in the first image, but the mouse's position is not specified relative to the chair in the second image. Therefore, it's impossible to determine the exact relationship between the chair and the mouse in the second image based on the given information.","Observationally, the chair(red bbox) is to the right and  the mouse(blue bbox). It appears closer in proximity. The the chair(red bbox) is in front of the observer. The the mouse(blue bbox) is behind the observer.
",281,214,0.0,0.03421508579250045,0.7405285239219666,0.36000000000000004,0.48510727911948337,0.48510727911948337,sentence
542,obj_spatial_relation_oo_mv,"<|im_start|>system
You are a helpful assistant.<|im_end|>
<|im_start|>user
<|vision_start|><|image_pad|><|image_pad|><|image_pad|><|image_pad|><|image_pad|><|image_pad|><|image_pad|><|image_pad|><|ima...","The split (red bbox: [693, 0, 737, 204]) is positioned to the right of the monitor (blue bbox: [308, 397, 414, 768]) in the first image. In the second image, the split and the monitor are not visible, so it is not possible to determine their relative positions.","the split(red bbox) occupies a space to the left above the monitor(blue bbox). It is noted to be farther. The the split(red bbox) and the monitor(blue bbox) are in front of the observer.
",261,187,0.0,0.018932608413777807,0.8373264074325562,0.18000000000000002,0.47644972539903363,0.47644972539903363,sentence
543,obj_spatial_relation_oo_mv,"<|im_start|>system
You are a helpful assistant.<|im_end|>
<|im_start|>user
<|vision_start|><|image_pad|><|image_pad|><|image_pad|><|image_pad|><|image_pad|><|image_pad|><|image_pad|><|image_pad|><|ima...",The power socket is located to the left of the book.,"When observing the book(blue bbox), the power socket(red bbox) appears to the left above. Additionally, it is perceived as closer. The the power socket(red bbox) and the book(blue bbox) are in front of the observer.
",52,216,0.0,0.01599759148007408,0.7298213839530945,0.18000000000000002,0.42211021027256207,0.42211021027256207,sentence
544,obj_spatial_relation_oo_mv,"<|im_start|>system
You are a helpful assistant.<|im_end|>
<|im_start|>user
<|vision_start|><|image_pad|><|image_pad|><|image_pad|><|image_pad|><|image_pad|><|image_pad|><|image_pad|><|image_pad|><|ima...","There is no bottle or box in the second image, so it is not possible to compare their positions.","the bottle(red bbox) is observed to be to the right and below the box(blue bbox).  The the bottle(red bbox) and the box(blue bbox) are in front of the observer.
",96,161,0.0,0.008507269720492906,0.5942671298980713,0.225,0.36633501889313425,0.36633501889313425,sentence
545,obj_spatial_relation_oo_mv,"<|im_start|>system
You are a helpful assistant.<|im_end|>
<|im_start|>user
<|vision_start|><|image_pad|><|image_pad|><|image_pad|><|image_pad|><|image_pad|><|image_pad|><|image_pad|><|image_pad|><|ima...","In the first image, the mug (red bounding box) is located to the left of the bottle (blue bounding box). The mug is positioned on the desk, closer to the viewer, while the bottle is slightly further away and to the right of the mug. When considering the 3D center points of these objects based on the camera poses and intrinsic parameters, the mug appears to be closer to the observer's perspective than the bottle, maintaining the same relative positioning as in the first image.","the mug(red bbox) is spatially to the right and below with respect to the bottle(blue bbox). It seems closer to the observer. The the mug(red bbox) and the bottle(blue bbox) are in front of the observer.
",480,204,0.0,0.02582057436292978,0.8092084527015686,0.54,0.5717683412233703,0.5717683412233703,sentence
546,obj_spatial_relation_oo_mv,"<|im_start|>system
You are a helpful assistant.<|im_end|>
<|im_start|>user
<|vision_start|><|image_pad|><|image_pad|><|image_pad|><|image_pad|><|image_pad|><|image_pad|><|image_pad|><|image_pad|><|ima...","In the first image, the keyboard is positioned to the right of the monitor. The exact spatial relationship cannot be precisely calculated without the camera poses and intrinsic parameters provided, but based on the bounding box coordinates and the perspective, the keyboard is situated in the foreground relative to the monitor.","To the observer, the keyboard(red bbox) seems to the left and below the monitor(blue bbox).  The the keyboard(red bbox) and the monitor(blue bbox) are in front of the observer.
",328,177,0.0,0.017480450957457313,0.7200685739517212,0.225,0.43103037716735204,0.43103037716735204,sentence
547,obj_spatial_relation_oo_mv,"<|im_start|>system
You are a helpful assistant.<|im_end|>
<|im_start|>user
<|vision_start|><|image_pad|><|image_pad|><|image_pad|><|image_pad|><|image_pad|><|image_pad|><|image_pad|><|image_pad|><|ima...","The power socket (red bbox: [624, 391, 669, 426]) appears to be in front of the table (blue bbox: [0, 607, 509, 999]) in the first image.","the power socket(red bbox) is seen to be to the right above the table(blue bbox). It may also appear farther to the observer. The the power socket(red bbox) and the table(blue bbox) are in front of the observer.
",137,212,0.0,0.08044586907164256,0.8574665784835815,0.36000000000000004,0.5528224630561193,0.5528224630561193,sentence
548,obj_spatial_relation_oo_mv,"<|im_start|>system
You are a helpful assistant.<|im_end|>
<|im_start|>user
<|vision_start|><|image_pad|><|image_pad|><|image_pad|><|image_pad|><|image_pad|><|image_pad|><|image_pad|><|image_pad|><|ima...","The book and the box are not in the same image, and their spatial arrangement cannot be compared directly.","the book(red bbox) is spatially to the right and below with respect to the box(blue bbox). It seems farther to the observer. The the book(red bbox) and the box(blue bbox) are in front of the observer.
",106,201,0.0,0.012037782278830072,0.6711617708206177,0.18000000000000002,0.39198844186607484,0.39198844186607484,sentence
549,obj_spatial_relation_oo_mv,"<|im_start|>system
You are a helpful assistant.<|im_end|>
<|im_start|>user
<|vision_start|><|image_pad|><|image_pad|><|image_pad|><|image_pad|><|image_pad|><|image_pad|><|image_pad|><|image_pad|><|ima...","In the first image, the monitor is in front of the bag. Since the second image is a visualization and not an actual scene, we cannot determine the spatial relationship between the monitor and the bag in the second image. Therefore, the spatial relationship in the second image cannot be determined from the given information.","From this position, the monitor(red bbox) looks to the left  the bag(blue bbox). It is also closer as seen. The the monitor(red bbox) and the bag(blue bbox) are in front of the observer.
",325,187,0.0,0.059703448812578594,0.6351605653762817,0.45,0.4645209724506566,0.4645209724506566,sentence
550,obj_spatial_relation_oo_mv,"<|im_start|>system
You are a helpful assistant.<|im_end|>
<|im_start|>user
<|vision_start|><|image_pad|><|image_pad|><|image_pad|><|image_pad|><|image_pad|><|image_pad|><|image_pad|><|image_pad|><|ima...","The box (red bbox: [406, 530, 485, 650]) is not directly related to the files (blue bbox: [687, 560, 999, 944]) spatially in the images provided. The box is located in the second image and is not present in the first image, while the files are in the first image but not in the second. Therefore, it's not possible to determine their spatial relationship in the provided context.","From this angle, the box(red bbox) is seen to the left below in relation to the files(blue bbox). It may also be farther. The the box(red bbox) and the files(blue bbox) are in front of the observer.
",379,199,0.0,0.010940300623436379,0.7001936435699463,0.18000000000000002,0.4062848819096604,0.4062848819096604,sentence
551,obj_spatial_relation_oo_mv,"<|im_start|>system
You are a helpful assistant.<|im_end|>
<|im_start|>user
<|vision_start|><|image_pad|><|image_pad|><|image_pad|><|image_pad|><|image_pad|><|image_pad|><|image_pad|><|image_pad|><|ima...","The box (red bbox: [56, 560, 280, 709]) is not visible in the second image, so it is not possible to determine its orientation relative to the cabinet (blue bbox: [332, 0, 590, 720]) based on the given information.","the box(red bbox) lies visibly to the left and  the cabinet(blue bbox). From this angle, it seems closer. The the box(red bbox) and the cabinet(blue bbox) are in front of the observer.
",214,185,0.0,0.013722599955986394,0.755545973777771,0.225,0.4480175068800828,0.4480175068800828,sentence
552,obj_spatial_relation_oo_mv,"<|im_start|>system
You are a helpful assistant.<|im_end|>
<|im_start|>user
<|vision_start|><|image_pad|><|image_pad|><|image_pad|><|image_pad|><|image_pad|><|image_pad|><|image_pad|><|image_pad|><|ima...","The heater is not present in the first image, so it cannot be compared to the cabinet in the first image. However, in the second image, the heater is placed on the floor to the left of the cabinet. The relative positions of the heater and the cabinet are such that the heater is closer to the bottom left corner of the image, while the cabinet is positioned more towards the center and right side of the image.","the heater(red bbox) resides to the left and  when viewed in relation to the cabinet(blue bbox). This gives it a farther appearance. The the heater(red bbox) and the cabinet(blue bbox) are in front of the observer.
",410,215,0.0,0.022322338293169913,0.7208455204963684,0.54,0.5268872279068182,0.5268872279068182,sentence
553,obj_spatial_relation_oo_mv,"<|im_start|>system
You are a helpful assistant.<|im_end|>
<|im_start|>user
<|vision_start|><|image_pad|><|image_pad|><|image_pad|><|image_pad|><|image_pad|><|image_pad|><|image_pad|><|image_pad|><|ima...",The telephone is to the left of the board.,"Examining the board(blue bbox), the telephone(red bbox) is to the right and below. It might also appear closer. The the telephone(red bbox) and the board(blue bbox) are in front of the observer.
",42,195,0.0,0.012128553369933614,0.6996515393257141,0.0,0.5032164004812054,0.5032164004812054,sentence
554,obj_spatial_relation_oo_mv,"<|im_start|>system
You are a helpful assistant.<|im_end|>
<|im_start|>user
<|vision_start|><|image_pad|><|image_pad|><|image_pad|><|image_pad|><|image_pad|><|image_pad|><|image_pad|><|image_pad|><|ima...","The cabinet is positioned behind the shelf, as indicated by the relative depth of the cabinet in the background and the shelf in the foreground.","In relation to the shelf(blue bbox), the cabinet(red bbox) is positioned to the right and . It also seems farther from here. The the cabinet(red bbox) and the shelf(blue bbox) are in front of the observer.
",144,206,0.0,0.02168208975613178,0.6497480273246765,0.225,0.3967104316135646,0.3967104316135646,sentence
555,obj_spatial_relation_oo_mv,"<|im_start|>system
You are a helpful assistant.<|im_end|>
<|im_start|>user
<|vision_start|><|image_pad|><|image_pad|><|image_pad|><|image_pad|><|image_pad|><|image_pad|><|image_pad|><|image_pad|><|ima...","The heater (red bbox: [836, 470, 999, 685]) is located to the right of the lamp (blue bbox: [22, 690, 168, 999]) in the first image, and to the right of the lamp (blue bbox: [22, 690, 168, 999]) in the second image.","the heater(red bbox) appears to the observer as being to the right and  the lamp(blue bbox). It also seems closer. The the heater(red bbox) and the lamp(blue bbox) are in front of the observer.
",215,194,0.0,0.036400758840074536,0.7615471482276917,0.45,0.5230537258818607,0.5230537258818607,sentence
556,obj_spatial_relation_oo_mv,"<|im_start|>system
You are a helpful assistant.<|im_end|>
<|im_start|>user
<|vision_start|><|image_pad|><|image_pad|><|image_pad|><|image_pad|><|image_pad|><|image_pad|><|image_pad|><|image_pad|><|ima...","The office chair (red bbox: [0, 0, 141, 320]) is located to the left of the box (blue bbox: [570, 14, 662, 145]) in the first image.","the office chair(red bbox) is seen to be to the left  the box(blue bbox). It may also appear closer to the observer. The the office chair(red bbox) and the box(blue bbox) are in front of the observer.
",132,201,0.0,0.038330377732082394,0.8310790061950684,0.45,0.5582055786439507,0.5582055786439507,sentence
557,obj_spatial_relation_oo_mv,"<|im_start|>system
You are a helpful assistant.<|im_end|>
<|im_start|>user
<|vision_start|><|image_pad|><|image_pad|><|image_pad|><|image_pad|><|image_pad|><|image_pad|><|image_pad|><|image_pad|><|ima...","The socket (red bbox: [846, 655, 884, 701]) is to the right of the socket (blue bbox: [903, 185, 929, 231]) as seen by the observer.","Examining the socket(blue bbox), the socket(red bbox) is  and above.  The the socket(red bbox) and the socket(blue bbox) are in front of the observer.
",132,151,0.0,0.02499302941518757,0.8416559100151062,0.0,0.6083236584151294,0.6083236584151294,sentence
558,obj_spatial_relation_oo_mv,"<|im_start|>system
You are a helpful assistant.<|im_end|>
<|im_start|>user
<|vision_start|><|image_pad|><|image_pad|><|image_pad|><|image_pad|><|image_pad|><|image_pad|><|image_pad|><|image_pad|><|ima...",The trash can is to the right of the lamp.,"Examining the lamp(blue bbox), the trash can(red bbox) is to the right and . It might also appear closer. The the trash can(red bbox) is behind the observer. The the lamp(blue bbox) is in front of the observer.
",42,211,0.0,0.021584416530299615,0.6726561784744263,0.18000000000000002,0.3946449725432731,0.3946449725432731,sentence
559,obj_spatial_relation_oo_mv,"<|im_start|>system
You are a helpful assistant.<|im_end|>
<|im_start|>user
<|vision_start|><|image_pad|><|image_pad|><|image_pad|><|image_pad|><|image_pad|><|image_pad|><|image_pad|><|image_pad|><|ima...",The box is located to the left and slightly behind the heater in the first image.,"From a spatial perspective, the box(red bbox) is to the right and  the heater(blue bbox). It looks closer in this view. The the box(red bbox) is behind the observer. The the heater(blue bbox) is in front of the observer.
",81,221,0.0,0.010701610769616437,0.7176038026809692,0.36000000000000004,0.4689422234944079,0.4689422234944079,sentence
560,obj_spatial_relation_oo_mv,"<|im_start|>system
You are a helpful assistant.<|im_end|>
<|im_start|>user
<|vision_start|><|image_pad|><|image_pad|><|image_pad|><|image_pad|><|image_pad|><|image_pad|><|image_pad|><|image_pad|><|ima...","The keyboard (red bbox: [190, 0, 457, 55]) is positioned above and to the left of the book (blue bbox: [388, 217, 434, 248]) in the first image. There is no direct comparison possible between the two images as the second image does not contain the keyboard or the book.","Describing spatially, the keyboard(red bbox) is to the right and above in relation to the book(blue bbox). It also appears closer. The the keyboard(red bbox) and the book(blue bbox) are in front of the observer.
",269,212,0.0,0.014727093431436971,0.8448721170425415,0.36000000000000004,0.5333814772075581,0.5333814772075581,sentence
561,obj_spatial_relation_oo_mv,"<|im_start|>system
You are a helpful assistant.<|im_end|>
<|im_start|>user
<|vision_start|><|image_pad|><|image_pad|><|image_pad|><|image_pad|><|image_pad|><|image_pad|><|image_pad|><|image_pad|><|ima...","The book is in front of the power adapter in the first image, as the book is on the desk and the power adapter is on the floor. In the plucker ray visualizations, the red bounding box (book) is positioned in front of the blue bounding box (power adapter).","Placing the book(red bbox) spatially, it is to the right and above the power adapter(blue bbox). This view also shows it as closer. The the book(red bbox) and the power adapter(blue bbox) are in front of the observer.
",255,218,0.0,0.08536261076987536,0.790381669998169,0.36000000000000004,0.5202633571530595,0.5202633571530595,sentence
562,obj_spatial_relation_oo_mv,"<|im_start|>system
You are a helpful assistant.<|im_end|>
<|im_start|>user
<|vision_start|><|image_pad|><|image_pad|><|image_pad|><|image_pad|><|image_pad|><|image_pad|><|image_pad|><|image_pad|><|ima...","The chair (red bbox: [636, 234, 799, 478]) appears to be located to the right of the books (blue bbox: [445, 638, 557, 731]) in the second image, relative to the observer's viewpoint. This is based on the visual arrangement in the image, with the chair positioned closer to the wall and the books on the table.","the chair(red bbox) seems to occupy a position to the right and below in relation to the books(blue bbox). This makes it appear closer. The the chair(red bbox) and the books(blue bbox) are in front of the observer.
",310,215,0.0,0.030308724756030487,0.8458993434906006,0.45,0.5640114166965065,0.5640114166965065,sentence
563,obj_spatial_relation_oo_mv,"<|im_start|>system
You are a helpful assistant.<|im_end|>
<|im_start|>user
<|vision_start|><|image_pad|><|image_pad|><|image_pad|><|image_pad|><|image_pad|><|image_pad|><|image_pad|><|image_pad|><|ima...","The office table (red bbox: [0, 356, 440, 999]) is to the left of the cabinet (blue bbox: [362, 337, 999, 999]) in the first image.","the office table(red bbox) can be identified as to the left  the cabinet(blue bbox). To the observer, it appears farther. The the office table(red bbox) is in front of the observer. The the cabinet(blue bbox) is behind the observer.
",131,233,0.0,0.03504730663330728,0.7987216711044312,0.36000000000000004,0.514370296878877,0.514370296878877,sentence
564,obj_spatial_relation_oo_mv,"<|im_start|>system
You are a helpful assistant.<|im_end|>
<|im_start|>user
<|vision_start|><|image_pad|><|image_pad|><|image_pad|><|image_pad|><|image_pad|><|image_pad|><|image_pad|><|image_pad|><|ima...","The windowsill is located above the books in both images, as it is higher in elevation than the table and chair arrangement.","the windowsill(red bbox), as observed, is located to the left below the books(blue bbox). It appears to be farther from this perspective. The the windowsill(red bbox) and the books(blue bbox) are in front of the observer.
",124,222,0.0,0.01416070966373283,0.7161957025527954,0.18000000000000002,0.41492999320914425,0.41492999320914425,sentence
565,obj_spatial_relation_oo_mv,"<|im_start|>system
You are a helpful assistant.<|im_end|>
<|im_start|>user
<|vision_start|><|image_pad|><|image_pad|><|image_pad|><|image_pad|><|image_pad|><|image_pad|><|image_pad|><|image_pad|><|ima...","The round table is positioned to the right of the cabinet in the main view, as indicated by the relative positions of the red and blue bounding boxes in the first image. However, the exact distance and angle between the two objects cannot be determined from the given information, as the camera poses and intrinsic parameters are not sufficient to calculate the 3D positions of the objects.","In the scene, the round table(red bbox) is to the right  the cabinet(blue bbox). It is also perceived as closer relative to the observer. The the round table(red bbox) and the cabinet(blue bbox) are in front of the observer.
",390,225,0.0,0.027486491467051916,0.7675765752792358,0.45,0.5242855859330283,0.5242855859330283,sentence
566,obj_spatial_relation_oo_mv,"<|im_start|>system
You are a helpful assistant.<|im_end|>
<|im_start|>user
<|vision_start|><|image_pad|><|image_pad|><|image_pad|><|image_pad|><|image_pad|><|image_pad|><|image_pad|><|image_pad|><|ima...","The telephone and the book are not present in the provided images. The first image shows an office space with a bookshelf, a whiteboard, and a window, while the second image is empty, showing only the floor and the window. The subsequent images are plucker ray visualizations and do not provide any information about the locations of the telephone or the book.","Relative to its surroundings, the telephone(red bbox) is to the left above the book(blue bbox). It is also closer from here. The the telephone(red bbox) and the book(blue bbox) are in front of the observer.
",360,207,0.0,0.01157101918868361,0.5950438976287842,0.18000000000000002,0.3538361526521288,0.3538361526521288,sentence
567,obj_spatial_relation_oo_mv,"<|im_start|>system
You are a helpful assistant.<|im_end|>
<|im_start|>user
<|vision_start|><|image_pad|><|image_pad|><|image_pad|><|image_pad|><|image_pad|><|image_pad|><|image_pad|><|image_pad|><|ima...",The heater is located to the right of the book.,"the heater(red bbox) occupies a space to the right below the book(blue bbox). It is noted to be farther. The the heater(red bbox) and the book(blue bbox) are in front of the observer.
",47,184,0.0,0.014324183674419658,0.6833570599555969,0.15,0.38954336671268236,0.38954336671268236,sentence
568,obj_spatial_relation_oo_mv,"<|im_start|>system
You are a helpful assistant.<|im_end|>
<|im_start|>user
<|vision_start|><|image_pad|><|image_pad|><|image_pad|><|image_pad|><|image_pad|><|image_pad|><|image_pad|><|image_pad|><|ima...","From the observer's perspective, the books are located to the left of the window frame. The books are positioned on a shelf within the room, which is closer to the wall than the window frame, which is located on the right side of the room.","The observer notes the books(red bbox) is to the right  the window frame(blue bbox). Additionally, it appears farther. The the books(red bbox) is in front of the observer. The the window frame(blue bbox) is behind the observer.
",239,228,0.0,0.02208050477184557,0.791144609451294,0.36000000000000004,0.507988405680016,0.507988405680016,sentence
569,obj_spatial_relation_oo_mv,"<|im_start|>system
You are a helpful assistant.<|im_end|>
<|im_start|>user
<|vision_start|><|image_pad|><|image_pad|><|image_pad|><|image_pad|><|image_pad|><|image_pad|><|image_pad|><|image_pad|><|ima...","The cabinet cannot be seen in the second image, as it is not aligned with the observer's perspective and the round table is not visible in the first image.","the cabinet(red bbox), as observed, is located to the right  the round table(blue bbox). It appears to be farther from this perspective. The the cabinet(red bbox) is in front of the observer. The the round table(blue bbox) is behind the observer.
",155,247,0.0,0.014161653519683447,0.6923149228096008,0.18000000000000002,0.4029897921087371,0.4029897921087371,sentence
570,obj_spatial_relation_oo_mv,"<|im_start|>system
You are a helpful assistant.<|im_end|>
<|im_start|>user
<|vision_start|><|image_pad|><|image_pad|><|image_pad|><|image_pad|><|image_pad|><|image_pad|><|image_pad|><|image_pad|><|ima...","The chair is located in the image with the heater, but the exact position cannot be determined from the provided information. The bounding box coordinates and camera parameters are not sufficient to calculate the precise distance and angle between the chair and the heater.","Observing the chair(red bbox) reveals it is to the right  the heater(blue bbox). It is perceived as closer. The the chair(red bbox) and the heater(blue bbox) are in front of the observer.
",273,188,0.0,0.013853411725680142,0.658737301826477,0.225,0.3996393332583746,0.3996393332583746,sentence
571,obj_spatial_relation_oo_mv,"<|im_start|>system
You are a helpful assistant.<|im_end|>
<|im_start|>user
<|vision_start|><|image_pad|><|image_pad|><|image_pad|><|image_pad|><|image_pad|><|image_pad|><|image_pad|><|image_pad|><|ima...",The power outlets are to the left of the chair.,"the power outlets(red bbox) resides to the right and below when viewed in relation to the chair(blue bbox). This gives it a farther appearance. The the power outlets(red bbox) and the chair(blue bbox) are in front of the observer.
",47,231,0.0,0.004420721869516291,0.7728842496871948,0.12857142857142856,0.4258976977889293,0.4258976977889293,sentence
572,obj_spatial_relation_oo_mv,"<|im_start|>system
You are a helpful assistant.<|im_end|>
<|im_start|>user
<|vision_start|><|image_pad|><|image_pad|><|image_pad|><|image_pad|><|image_pad|><|image_pad|><|image_pad|><|image_pad|><|ima...","The window frame (red bbox: [72, 267, 434, 935]) is not present in the first image. Therefore, it cannot be compared to the clipboard (blue bbox: [758, 230, 999, 401]) in the first image.","the window frame(red bbox) exists to the left above relative to the clipboard(blue bbox). To the viewer, it seems farther. The the window frame(red bbox) and the clipboard(blue bbox) are in front of the observer.
",187,213,0.0,0.01890734271387443,0.768073320388794,0.18000000000000002,0.44181812873717186,0.44181812873717186,sentence
573,obj_spatial_relation_oo_mv,"<|im_start|>system
You are a helpful assistant.<|im_end|>
<|im_start|>user
<|vision_start|><|image_pad|><|image_pad|><|image_pad|><|image_pad|><|image_pad|><|image_pad|><|image_pad|><|image_pad|><|ima...","The duffel bag is located to the left of the power outlets in the first image. In the second image, the duffel bag is no longer visible, and the power outlets are not present.","Looking closer, the duffel bag(red bbox) is to the right above in relation to the power outlets(blue bbox). It might also be closer. The the duffel bag(red bbox) and the power outlets(blue bbox) are in front of the observer.
",175,225,0.0,0.05007254533601024,0.7604494690895081,0.3,0.480239243611956,0.480239243611956,sentence
574,obj_spatial_relation_oo_mv,"<|im_start|>system
You are a helpful assistant.<|im_end|>
<|im_start|>user
<|vision_start|><|image_pad|><|image_pad|><|image_pad|><|image_pad|><|image_pad|><|image_pad|><|image_pad|><|image_pad|><|ima...","In the first image, the chair is located to the left of the power outlets. In the second image, the chair is positioned further to the left compared to the first image, indicating that the chair has been moved closer to the left edge of the frame relative to the power outlets.","the chair(red bbox) seems to occupy a position to the right and above in relation to the power outlets(blue bbox). This makes it appear closer. The the chair(red bbox) and the power outlets(blue bbox) are in front of the observer.
",277,231,0.0,0.03277784632939131,0.7798053026199341,0.45,0.5314582205758454,0.5314582205758454,sentence
575,obj_spatial_relation_oo_mv,"<|im_start|>system
You are a helpful assistant.<|im_end|>
<|im_start|>user
<|vision_start|><|image_pad|><|image_pad|><|image_pad|><|image_pad|><|image_pad|><|image_pad|><|image_pad|><|image_pad|><|ima...","In the first image, the chair (red bbox: [22, 0, 246, 76]) is to the left of the chair (blue bbox: [933, 272, 999, 547]).","the chair(red bbox) is seen to be to the left  the chair(blue bbox). It may also appear farther to the observer. The the chair(red bbox) and the chair(blue bbox) are in front of the observer.
",121,192,0.0,0.03660561489632784,0.8213862180709839,0.45,0.5530142320147575,0.5530142320147575,sentence
576,obj_spatial_relation_oo_mv,"<|im_start|>system
You are a helpful assistant.<|im_end|>
<|im_start|>user
<|vision_start|><|image_pad|><|image_pad|><|image_pad|><|image_pad|><|image_pad|><|image_pad|><|image_pad|><|image_pad|><|ima...","The clipboard (red bbox: [841, 450, 999, 613]) in the second image is not present in the first image, and there is no table (blue bbox: [0, 130, 266, 435]) in the second image either. The position of the clipboard in the second image cannot be compared to the table in the first image since they are not the same object.","the clipboard(red bbox) can be described as being to the right above in relation to the table(blue bbox). To the observer, it is closer. The the clipboard(red bbox) and the table(blue bbox) are in front of the observer.
",320,220,0.0,0.01264291511067447,0.644980788230896,0.18000000000000002,0.37901897713758287,0.37901897713758287,sentence
577,obj_spatial_relation_oo_mv,"<|im_start|>system
You are a helpful assistant.<|im_end|>
<|im_start|>user
<|vision_start|><|image_pad|><|image_pad|><|image_pad|><|image_pad|><|image_pad|><|image_pad|><|image_pad|><|image_pad|><|ima...","In the first image, the beanbag is located on the floor to the left of the table, while in the second image, the beanbag is on the floor to the right of the table. Therefore, the beanbag appears to be positioned in the opposite direction relative to the table between the two images.","the beanbag(red bbox) holds a position to the right and  the table(blue bbox). From this vantage, it seems farther. The the beanbag(red bbox) and the table(blue bbox) are in front of the observer.
",283,197,0.0,0.026177226848355394,0.7753340601921082,0.45,0.5279024754657252,0.5279024754657252,sentence
578,obj_spatial_relation_oo_mv,"<|im_start|>system
You are a helpful assistant.<|im_end|>
<|im_start|>user
<|vision_start|><|image_pad|><|image_pad|><|image_pad|><|image_pad|><|image_pad|><|image_pad|><|image_pad|><|image_pad|><|ima...","The backpack is located to the left of the window frame, and from the observer's perspective, it is positioned in the foreground, closer to the camera, compared to the window frame, which is in the background.","the backpack(red bbox) is observed to be to the right and below the window frame(blue bbox). This also places it closer from the observer's perspective. The the backpack(red bbox) and the window frame(blue bbox) are in front of the observer.
",209,242,0.0,0.048300265561493756,0.8228129148483276,0.45,0.5560665105364626,0.5560665105364626,sentence
579,obj_spatial_relation_oo_mv,"<|im_start|>system
You are a helpful assistant.<|im_end|>
<|im_start|>user
<|vision_start|><|image_pad|><|image_pad|><|image_pad|><|image_pad|><|image_pad|><|image_pad|><|image_pad|><|image_pad|><|ima...","The window frame (red bbox: [21, 0, 330, 412]) is to the left of the chair (blue bbox: [653, 0, 884, 224]) in the first image, relative to the observer.","From this observation point, the window frame(red bbox) appears to the left above the chair(blue bbox). It seems closer as well. The the window frame(red bbox) and the chair(blue bbox) are in front of the observer.
",152,215,0.0,0.04402724536318168,0.9275234937667847,0.36000000000000004,0.5805671959560287,0.5805671959560287,sentence
580,obj_spatial_relation_oo_mv,"<|im_start|>system
You are a helpful assistant.<|im_end|>
<|im_start|>user
<|vision_start|><|image_pad|><|image_pad|><|image_pad|><|image_pad|><|image_pad|><|image_pad|><|image_pad|><|image_pad|><|ima...",The trash can is to the left of the microwave.,"In this arrangement, the trash can(red bbox) is positioned to the right below the microwave(blue bbox). From the observer's perspective, it looks closer. The the trash can(red bbox) and the microwave(blue bbox) are in front of the observer.
",46,241,0.0,0.0048856532470904135,0.7690033912658691,0.0,0.5506840375462181,0.5506840375462181,sentence
581,obj_spatial_relation_oo_mv,"<|im_start|>system
You are a helpful assistant.<|im_end|>
<|im_start|>user
<|vision_start|><|image_pad|><|image_pad|><|image_pad|><|image_pad|><|image_pad|><|image_pad|><|image_pad|><|image_pad|><|ima...","The cabinet is positioned to the left of the box in the two images. The cabinet's 3D center point is at approximately (200, 200) in the first image and (200, 200) in the second image, while the box's 3D center point is at approximately (500, 500) in the first image and (500, 500) in the second image.","From a spatial perspective, the cabinet(red bbox) is to the right and below the box(blue bbox). It looks closer in this view. The the cabinet(red bbox) and the box(blue bbox) are in front of the observer.
",301,205,0.0,0.013109456138496048,0.6253821849822998,0.18000000000000002,0.36931298371884913,0.36931298371884913,sentence
582,obj_spatial_relation_oo_mv,"<|im_start|>system
You are a helpful assistant.<|im_end|>
<|im_start|>user
<|vision_start|><|image_pad|><|image_pad|><|image_pad|><|image_pad|><|image_pad|><|image_pad|><|image_pad|><|image_pad|><|ima...",The mouse is located to the left of the laptop.,"To the observer, the mouse(red bbox) seems to the left and above the laptop(blue bbox). It is perceived as farther. The the mouse(red bbox) and the laptop(blue bbox) are behind the observer.
",47,191,0.0,0.013763846394328602,0.6741037964820862,0.18000000000000002,0.3938046675199088,0.3938046675199088,sentence
583,obj_spatial_relation_oo_mv,"<|im_start|>system
You are a helpful assistant.<|im_end|>
<|im_start|>user
<|vision_start|><|image_pad|><|image_pad|><|image_pad|><|image_pad|><|image_pad|><|image_pad|><|image_pad|><|image_pad|><|ima...","The stuffed animal (blue bbox: [612, 935, 691, 999]) appears in the first image and is not present in the second image. The objects (red bbox: [767, 299, 999, 455]) are not present in the first image, but they are in the second image.","From this angle, the objects(red bbox) is seen to the right above in relation to the stuffed animal(blue bbox). It may also be closer. The the objects(red bbox) and the stuffed animal(blue bbox) are in front of the observer.
",234,225,0.0,0.016474575791240956,0.7788121104240417,0.18000000000000002,0.44670097037026907,0.44670097037026907,sentence
584,obj_spatial_relation_oo_mv,"<|im_start|>system
You are a helpful assistant.<|im_end|>
<|im_start|>user
<|vision_start|><|image_pad|><|image_pad|><|image_pad|><|image_pad|><|image_pad|><|image_pad|><|image_pad|><|image_pad|><|ima...","The intercom is to the right of the cup, as the intercom is in a different image, which is not related to the observer's perspective. The intercom is on the wall, and the cup is on a surface, and there is no direct relationship between their positions in the two images.","the intercom(red bbox) is noted to be to the right above the cup(blue bbox). It might be perceived as farther from this view. The the intercom(red bbox) and the cup(blue bbox) are in front of the observer.
",270,206,0.0,0.03162593967015063,0.7662320137023926,0.54,0.5514411947852265,0.5514411947852265,sentence
585,obj_spatial_relation_oo_mv,"<|im_start|>system
You are a helpful assistant.<|im_end|>
<|im_start|>user
<|vision_start|><|image_pad|><|image_pad|><|image_pad|><|image_pad|><|image_pad|><|image_pad|><|image_pad|><|image_pad|><|ima...","There is no direct spatial relation between the keyboard and the backpack as they are not present in the same image. The keyboard is in the third image, and the backpack is in the second image. Therefore, it is not possible to calculate their spatial relationship based on the provided information.","Looking closer, the keyboard(red bbox) is to the right below in relation to the backpack(blue bbox). It might also be closer. The the keyboard(red bbox) is in front of the observer. The the backpack(blue bbox) is behind the observer.
",298,234,0.0,0.012780140290701365,0.543076753616333,0.3,0.36409440486630673,0.36409440486630673,sentence
586,obj_spatial_relation_oo_mv,"<|im_start|>system
You are a helpful assistant.<|im_end|>
<|im_start|>user
<|vision_start|><|image_pad|><|image_pad|><|image_pad|><|image_pad|><|image_pad|><|image_pad|><|image_pad|><|image_pad|><|ima...","There is no bucket or cup in the provided images, so it is not possible to determine the position of one with respect to the other.","the bucket(red bbox) is to the left below with the cup(blue bbox). From here, it appears farther. The the bucket(red bbox) and the cup(blue bbox) are in front of the observer.
",131,176,0.0,0.018464151255752074,0.6361520290374756,0.3,0.4117688447698882,0.4117688447698882,sentence
587,obj_spatial_relation_oo_mv,"<|im_start|>system
You are a helpful assistant.<|im_end|>
<|im_start|>user
<|vision_start|><|image_pad|><|image_pad|><|image_pad|><|image_pad|><|image_pad|><|image_pad|><|image_pad|><|image_pad|><|ima...","The glass bottle (red bbox: [94, 852, 187, 999]) and the heater (blue bbox: [972, 584, 999, 683]) are not spatially related in the provided images. The first image shows a room with a desk, a chair, a door, and a computer monitor, while the second image shows a kitchen with a stove, a microwave, and a refrigerator. The third image is a visualization of a ray and the last image is not related to the previous images. Therefore, it is not possible to calculate the spatial relationship between the glass bottle and the heater based on the given information.","In relation to the heater(blue bbox), the glass bottle(red bbox) is positioned to the left and below. It also seems closer from here. The the glass bottle(red bbox) and the heater(blue bbox) are in front of the observer.
",558,221,0.0,0.009352438756989134,0.7090226411819458,0.18000000000000002,0.4103818083423707,0.4103818083423707,sentence
588,obj_spatial_relation_oo_mv,"<|im_start|>system
You are a helpful assistant.<|im_end|>
<|im_start|>user
<|vision_start|><|image_pad|><|image_pad|><|image_pad|><|image_pad|><|image_pad|><|image_pad|><|image_pad|><|image_pad|><|ima...","The pillow cannot be seen in the second image, as the second image is a plain color gradient with no objects. Therefore, there is no comparison possible between the pillow and the glass bottle in the second image.","the pillow(red bbox) is seen to be to the right above the glass bottle(blue bbox). It may also appear farther to the observer. The the pillow(red bbox) is behind the observer. The the glass bottle(blue bbox) is in front of the observer.
",213,237,0.0,0.014520819815978808,0.6263357996940613,0.15,0.3610720638102264,0.3610720638102264,sentence
589,obj_spatial_relation_oo_mv,"<|im_start|>system
You are a helpful assistant.<|im_end|>
<|im_start|>user
<|vision_start|><|image_pad|><|image_pad|><|image_pad|><|image_pad|><|image_pad|><|image_pad|><|image_pad|><|image_pad|><|ima...","It is not possible to determine the spatial position of the box (red bbox: [36, 695, 107, 813]) relative to the bowls (blue bbox: [755, 0, 999, 186]) based on the provided information. The given information only includes the camera intrinsic parameters and the rotation and translation vectors for the two images, but it does not provide any information about the actual positions of the objects in the scene. Additionally, the last three images are visualizations of plucker rays and do not provide any information about the positions of the objects in the scene.","the box(red bbox) lies  and below relative to the bowls(blue bbox).  The the box(red bbox) and the bowls(blue bbox) are in front of the observer.
",564,146,0.0,0.016326414956726293,0.7101614475250244,0.3,0.44834600675385744,0.44834600675385744,sentence
590,obj_spatial_relation_oo_mv,"<|im_start|>system
You are a helpful assistant.<|im_end|>
<|im_start|>user
<|vision_start|><|image_pad|><|image_pad|><|image_pad|><|image_pad|><|image_pad|><|image_pad|><|image_pad|><|image_pad|><|ima...","The power switch is located to the left and above the heater, in the first image.","the power switch(red bbox) occupies a to the left and above spot relative to the heater(blue bbox). It might also seem closer. The the power switch(red bbox) and the heater(blue bbox) are in front of the observer.
",81,214,0.0,0.07748152300079723,0.7243934869766235,0.54,0.5396930480884713,0.5396930480884713,sentence
591,obj_spatial_relation_oo_mv,"<|im_start|>system
You are a helpful assistant.<|im_end|>
<|im_start|>user
<|vision_start|><|image_pad|><|image_pad|><|image_pad|><|image_pad|><|image_pad|><|image_pad|><|image_pad|><|image_pad|><|ima...",The red bounding box is located to the right of the blue bounding box.,"the remove(red bbox) is seen to be to the right  the structure(blue bbox). It may also appear closer to the observer. The the remove(red bbox) and the structure(blue bbox) are in front of the observer.
",70,202,0.0,0.021575048021239645,0.5332276225090027,0.45,0.40592882085874926,0.40592882085874926,sentence
592,obj_spatial_relation_oo_mv,"<|im_start|>system
You are a helpful assistant.<|im_end|>
<|im_start|>user
<|vision_start|><|image_pad|><|image_pad|><|image_pad|><|image_pad|><|image_pad|><|image_pad|><|image_pad|><|image_pad|><|ima...","The board eraser (red bbox: [461, 914, 521, 935]) is not visible in the second image (Image 7850), and there is no table (blue bbox: [862, 312, 999, 999]) present in the scene, as the image appears to be a gradient with no objects. Therefore, it is impossible to compare the positions of the board eraser and the table in these two images.","the board eraser(red bbox) stands to the left and above relative to the table(blue bbox).  The the board eraser(red bbox) and the table(blue bbox) are in front of the observer.
",339,177,0.0,0.014313125573946676,0.724164605140686,0.225,0.4324449276851324,0.4324449276851324,sentence
593,obj_spatial_relation_oo_mv,"<|im_start|>system
You are a helpful assistant.<|im_end|>
<|im_start|>user
<|vision_start|><|image_pad|><|image_pad|><|image_pad|><|image_pad|><|image_pad|><|image_pad|><|image_pad|><|image_pad|><|ima...","The structure is located to the right of the table, based on the 3D center points of the table and the structure in the first image.","the structure(red bbox) can be spotted to the right and  the table(blue bbox). The observer may perceive it as farther. The the structure(red bbox) and the table(blue bbox) are in front of the observer.
",132,203,0.0,0.044459863949964804,0.6144958734512329,0.45,0.45113990951560945,0.45113990951560945,sentence
594,obj_spatial_relation_oo_mv,"<|im_start|>system
You are a helpful assistant.<|im_end|>
<|im_start|>user
<|vision_start|><|image_pad|><|image_pad|><|image_pad|><|image_pad|><|image_pad|><|image_pad|><|image_pad|><|image_pad|><|ima...","The electric duct (red bbox: [501, 0, 723, 112]) is aligned to the left of the table (blue bbox: [0, 138, 183, 381]) in the first image, which corresponds to the observer's viewpoint. The electric duct's 3D center point is located at a lower x-coordinate than the table's 3D center point. In the second image, the electric duct's 3D center point is located at a lower x-coordinate than the table's 3D center point as well, indicating that the alignment relative to the table remains consistent between the two images.","In this arrangement, the electric duct(red bbox) is positioned to the right above the table(blue bbox). From the observer's perspective, it looks closer. The the electric duct(red bbox) and the table(blue bbox) are in front of the observer.
",517,241,0.0,0.010809358010168262,0.8584755659103394,0.18000000000000002,0.4853996545572033,0.4853996545572033,sentence
595,obj_spatial_relation_oo_mv,"<|im_start|>system
You are a helpful assistant.<|im_end|>
<|im_start|>user
<|vision_start|><|image_pad|><|image_pad|><|image_pad|><|image_pad|><|image_pad|><|image_pad|><|image_pad|><|image_pad|><|ima...","The chair (red bbox: [470, 78, 674, 428]) is located to the right of the electric duct (blue bbox: [127, 53, 214, 290]) in the observer's view.","Looking at the setup, the chair(red bbox) is positioned to the right and below the electric duct(blue bbox). To the observer, it seems closer. The the chair(red bbox) and the electric duct(blue bbox) are in front of the observer.
",143,230,0.0,0.035593700145994965,0.8795034885406494,0.3,0.5368704842995237,0.5368704842995237,sentence
596,obj_spatial_relation_oo_mv,"<|im_start|>system
You are a helpful assistant.<|im_end|>
<|im_start|>user
<|vision_start|><|image_pad|><|image_pad|><|image_pad|><|image_pad|><|image_pad|><|image_pad|><|image_pad|><|image_pad|><|ima...","The electric duct (red bbox: [526, 260, 586, 463]) is positioned above the table (blue bbox: [0, 644, 374, 999]) in the primary view. In the second image, the electric duct appears to be more to the right and slightly higher than in the first image, suggesting a change in the camera's perspective or the objects' positions relative to the camera.","In the scene, the electric duct(red bbox) is  above the table(blue bbox). It is also perceived as farther relative to the observer. The the electric duct(red bbox) and the table(blue bbox) are in front of the observer.
",347,219,0.0,0.03004068077259781,0.8540796041488647,0.45,0.5680479382289519,0.5680479382289519,sentence
597,obj_spatial_relation_oo_mv,"<|im_start|>system
You are a helpful assistant.<|im_end|>
<|im_start|>user
<|vision_start|><|image_pad|><|image_pad|><|image_pad|><|image_pad|><|image_pad|><|image_pad|><|image_pad|><|image_pad|><|ima...","It is not possible to determine the relative alignment of the remove (red bbox: [748, 502, 762, 513]) and the electric duct (blue bbox: [899, 119, 999, 210]) as the objects are not present in the image.","the remove(red bbox) is noted to be to the left below the electric duct(blue bbox). It might be perceived as farther from this view. The the remove(red bbox) is in front of the observer. The the electric duct(blue bbox) is behind the observer.
",202,244,0.0,0.0167731210662039,0.6989917755126953,0.15,0.3978505119695884,0.3978505119695884,sentence
598,obj_spatial_relation_oo_mv,"<|im_start|>system
You are a helpful assistant.<|im_end|>
<|im_start|>user
<|vision_start|><|image_pad|><|image_pad|><|image_pad|><|image_pad|><|image_pad|><|image_pad|><|image_pad|><|image_pad|><|ima...","The power switch and the window sill are not in the same image, so their relative positions cannot be determined from the given information.","the power switch(red bbox) occupies a space to the right  the window sill(blue bbox). It is noted to be closer. The the power switch(red bbox) is behind the observer. The the window sill(blue bbox) is in front of the observer.
",140,227,0.0,0.014449575139835526,0.6581408977508545,0.15,0.3769603639033943,0.3769603639033943,sentence
599,obj_spatial_relation_oo_mv,"<|im_start|>system
You are a helpful assistant.<|im_end|>
<|im_start|>user
<|vision_start|><|image_pad|><|image_pad|><|image_pad|><|image_pad|><|image_pad|><|image_pad|><|image_pad|><|image_pad|><|ima...","The window sill (red bbox: [557, 533, 921, 658]) is to the right of the power sockets (blue bbox: [419, 867, 454, 890]) in the two images from the observer's perspective.","From this viewpoint, the window sill(red bbox) appears to the right,  the power sockets(blue bbox). Additionally, it seems closer. The the window sill(red bbox) and the power sockets(blue bbox) are in front of the observer.
",170,224,0.0,0.02428373176174656,0.9348611235618591,0.45,0.6072873081332789,0.6072873081332789,sentence
600,obj_spatial_relation_oo_mv,"<|im_start|>system
You are a helpful assistant.<|im_end|>
<|im_start|>user
<|vision_start|><|image_pad|><|image_pad|><|image_pad|><|image_pad|><|image_pad|><|image_pad|><|image_pad|><|image_pad|><|ima...","There is no spatial relationship between the remove (red bbox: [491, 599, 502, 667]) and the towel (blue bbox: [555, 856, 595, 999]) in the two images, as the first image does not contain a remove and the second image does not contain a towel.","When observing the towel(blue bbox), the remove(red bbox) appears to the left . Additionally, it is perceived as closer. The the remove(red bbox) and the towel(blue bbox) are in front of the observer.
",243,201,0.0,0.012595484949560398,0.7584198713302612,0.225,0.4492290326550427,0.4492290326550427,sentence
601,obj_spatial_relation_oo_mv,"<|im_start|>system
You are a helpful assistant.<|im_end|>
<|im_start|>user
<|vision_start|><|image_pad|><|image_pad|><|image_pad|><|image_pad|><|image_pad|><|image_pad|><|image_pad|><|image_pad|><|ima...",The plant is located at a lower position than the drawer.,"the plant(red bbox) lies visibly to the left and above the drawer(blue bbox). From this angle, it seems closer. The the plant(red bbox) and the drawer(blue bbox) are in front of the observer.
",57,192,0.0,0.003033802044778967,0.7161924839019775,0.0,0.5124328605142066,0.5124328605142066,sentence
602,obj_spatial_relation_oo_mv,"<|im_start|>system
You are a helpful assistant.<|im_end|>
<|im_start|>user
<|vision_start|><|image_pad|><|image_pad|><|image_pad|><|image_pad|><|image_pad|><|image_pad|><|image_pad|><|image_pad|><|ima...","The paper sheets are on the table, which is in the room where the door is located. The remove is on the right side of the room, and the table is on the left side.","the paper sheets(red bbox) lies spatially to the left  the remove(blue bbox). It is also observed to be closer. The the paper sheets(red bbox) and the remove(blue bbox) are in front of the observer.
",162,199,0.0,0.025837130980300257,0.6073780655860901,0.45,0.4438564589891051,0.4438564589891051,sentence
603,obj_spatial_relation_oo_mv,"<|im_start|>system
You are a helpful assistant.<|im_end|>
<|im_start|>user
<|vision_start|><|image_pad|><|image_pad|><|image_pad|><|image_pad|><|image_pad|><|image_pad|><|image_pad|><|image_pad|><|ima...","There are no objects labeled as ""guitar stand"" in the provided bounding boxes for the images. The bounding boxes in the images are for a cabinet (blue) and a guitar (red), but there is no overlap between the two.","From this viewpoint, the guitar stand(red bbox) appears to the left,  the cabinet(blue bbox). Additionally, it seems closer. The the guitar stand(red bbox) and the cabinet(blue bbox) are in front of the observer.
",212,213,0.0,0.008217174698420203,0.7140910029411316,0.225,0.42618893641024985,0.42618893641024985,sentence
604,obj_spatial_relation_oo_mv,"<|im_start|>system
You are a helpful assistant.<|im_end|>
<|im_start|>user
<|vision_start|><|image_pad|><|image_pad|><|image_pad|><|image_pad|><|image_pad|><|image_pad|><|image_pad|><|image_pad|><|ima...","The rug is not visible in the images provided, and there is no power socket present in the images. Therefore, it is not possible to determine the spatial alignment of the rug relative to the power socket.","the rug(red bbox) occupies a space to the right below the power socket(blue bbox).  The the rug(red bbox) and the power socket(blue bbox) are in front of the observer.
",204,168,0.0,0.021830457064642587,0.5953962802886963,0.18000000000000002,0.3560642315572767,0.3560642315572767,sentence
605,obj_spatial_relation_oo_mv,"<|im_start|>system
You are a helpful assistant.<|im_end|>
<|im_start|>user
<|vision_start|><|image_pad|><|image_pad|><|image_pad|><|image_pad|><|image_pad|><|image_pad|><|image_pad|><|image_pad|><|ima...",The curtain rod is located above the stuffed toy in the two images.,"In this arrangement, the curtain rod(red bbox) is positioned to the left above the stuffed toy(blue bbox). From the observer's perspective, it looks farther. The the curtain rod(red bbox) is behind the observer. The the stuffed toy(blue bbox) is in front of the observer.
",67,272,0.0,0.010018395824101863,0.7752357721328735,0.3,0.4796215652312571,0.4796215652312571,sentence
606,obj_spatial_relation_oo_mv,"<|im_start|>system
You are a helpful assistant.<|im_end|>
<|im_start|>user
<|vision_start|><|image_pad|><|image_pad|><|image_pad|><|image_pad|><|image_pad|><|image_pad|><|image_pad|><|image_pad|><|ima...","The chair is situated to the right of the curtain in the first image (Image 1), as seen from the observer's viewpoint. The red bounding box (chair) is positioned to the right of the blue bounding box (curtain) in the first image's 3D space. However, the exact positioning in terms of the normalized 0–1000 range cannot be determined with the given information, as the bounding boxes are normalized to this range but not provided with their respective positions in the first image.","From this position, the chair(red bbox) looks to the left  the curtain(blue bbox). It is also closer as seen. The the chair(red bbox) and the curtain(blue bbox) are in front of the observer.
",480,191,0.0,0.009194462085936638,0.8051355481147766,0.225,0.47190666647457563,0.47190666647457563,sentence
607,obj_spatial_relation_oo_mv,"<|im_start|>system
You are a helpful assistant.<|im_end|>
<|im_start|>user
<|vision_start|><|image_pad|><|image_pad|><|image_pad|><|image_pad|><|image_pad|><|image_pad|><|image_pad|><|image_pad|><|ima...",The stuffed toy is to the left of the table.,"the stuffed toy(red bbox) holds a position to the right and  the table(blue bbox). From this vantage, it seems farther. The the stuffed toy(red bbox) and the table(blue bbox) are in front of the observer.
",44,205,0.0,0.006345623303303538,0.7489475011825562,0.0,0.5367755360741983,0.5367755360741983,sentence
608,obj_spatial_relation_oo_mv,"<|im_start|>system
You are a helpful assistant.<|im_end|>
<|im_start|>user
<|vision_start|><|image_pad|><|image_pad|><|image_pad|><|image_pad|><|image_pad|><|image_pad|><|image_pad|><|image_pad|><|ima...","In the first image, the electric guitar is situated to the left of the rug (blue bbox: [468, 563, 999, 999]) and the rug is on the floor. In the second image, the electric guitar is also to the left of the rug, but it appears to be closer to the viewer in the second image compared to the first image.","the electric guitar(red bbox) occupies a space to the left above the rug(blue bbox). It is noted to be farther. The the electric guitar(red bbox) and the rug(blue bbox) are in front of the observer.
",301,199,0.0,0.03167031358867843,0.8240475654602051,0.36000000000000004,0.5263578454478383,0.5263578454478383,sentence
609,obj_spatial_relation_oo_mv,"<|im_start|>system
You are a helpful assistant.<|im_end|>
<|im_start|>user
<|vision_start|><|image_pad|><|image_pad|><|image_pad|><|image_pad|><|image_pad|><|image_pad|><|image_pad|><|image_pad|><|ima...","The curtain is situated behind the rug in the second image (Image 2), which is not directly observable from the first image (Image 1) as it is not within the field of view.","the curtain(red bbox) appears to the observer as being to the left and above the rug(blue bbox). It also seems closer. The the curtain(red bbox) and the rug(blue bbox) are in front of the observer.
",172,198,0.0,0.009208799831870378,0.7386213541030884,0.18000000000000002,0.42515243701791827,0.42515243701791827,sentence
610,obj_spatial_relation_oo_mv,"<|im_start|>system
You are a helpful assistant.<|im_end|>
<|im_start|>user
<|vision_start|><|image_pad|><|image_pad|><|image_pad|><|image_pad|><|image_pad|><|image_pad|><|image_pad|><|image_pad|><|ima...","The trash bin (red bbox: [45, 451, 158, 612]) is positioned to the left of the roller blinds (blue bbox: [793, 575, 999, 807]) in the first image. In the first image, the observer is looking at the living room, and the trash bin is in the foreground on the left side, while the roller blinds are on the right side of the image, indicating they are further back in the room. In the second image, the observer is looking at the bookshelf and the corner of the room, and the trash bin is not visible in this view. The third image is a different room, and the trash bin is not visible in this view either.","To describe it, the trash bin(red bbox) is to the left and below the roller blinds(blue bbox). It seems closer from this viewpoint. The the trash bin(red bbox) and the roller blinds(blue bbox) are in front of the observer.
",601,223,0.0,0.017316828664832234,0.8581295013427734,0.36000000000000004,0.5405281164043532,0.5405281164043532,sentence
611,obj_spatial_relation_oo_mv,"<|im_start|>system
You are a helpful assistant.<|im_end|>
<|im_start|>user
<|vision_start|><|image_pad|><|image_pad|><|image_pad|><|image_pad|><|image_pad|><|image_pad|><|image_pad|><|image_pad|><|ima...","The bag (red bbox: [744, 468, 843, 640]) appears to the right of the plant (blue bbox: [0, 0, 50, 138]) in the two images from the observer's perspective.","From this angle, the bag(red bbox) is seen to the right below in relation to the plant(blue bbox).  The the bag(red bbox) and the plant(blue bbox) are in front of the observer.
",154,177,0.0,0.04318968265260413,0.9107373952865601,0.45,0.5990066341738008,0.5990066341738008,sentence
612,obj_spatial_relation_oo_mv,"<|im_start|>system
You are a helpful assistant.<|im_end|>
<|im_start|>user
<|vision_start|><|image_pad|><|image_pad|><|image_pad|><|image_pad|><|image_pad|><|image_pad|><|image_pad|><|image_pad|><|ima...","The dumbbell is positioned further away from the book in the second image compared to the first image. The dumbbell is closer to the book in the first image, closer to the observer's viewpoint, while the book is further away.","the dumbbell(red bbox) holds a position to the left and below the book(blue bbox). From this vantage, it seems farther. The the dumbbell(red bbox) and the book(blue bbox) are in front of the observer.
",225,201,0.0,0.014612432574893431,0.8002800941467285,0.36000000000000004,0.511062533588343,0.511062533588343,sentence
613,obj_spatial_relation_oo_mv,"<|im_start|>system
You are a helpful assistant.<|im_end|>
<|im_start|>user
<|vision_start|><|image_pad|><|image_pad|><|image_pad|><|image_pad|><|image_pad|><|image_pad|><|image_pad|><|image_pad|><|ima...","The tea pot is located to the right of the chair in the first image. In the second image, which is a visualization, there is no chair or tea pot present, so the spatial relationship cannot be determined from this image.","From this position, the tea pot(red bbox) looks to the right above the chair(blue bbox). It is also farther as seen. The the tea pot(red bbox) and the chair(blue bbox) are in front of the observer.
",219,198,0.0,0.04191237806232998,0.7709634304046631,0.36000000000000004,0.5018641908147975,0.5018641908147975,sentence
614,obj_spatial_relation_oo_mv,"<|im_start|>system
You are a helpful assistant.<|im_end|>
<|im_start|>user
<|vision_start|><|image_pad|><|image_pad|><|image_pad|><|image_pad|><|image_pad|><|image_pad|><|image_pad|><|image_pad|><|ima...","The basket is to the left of the hard drive in the first image, and this position is consistent in the plucker ray visualizations, where the basket appears in the lower left corner and the hard drive is on the right side of the visualizations. Therefore, the basket is to the left of the hard drive in the second image as well.","From a spatial perspective, the basket(red bbox) is to the left and below the hard drive(blue bbox). It looks closer in this view. The the basket(red bbox) and the hard drive(blue bbox) are in front of the observer.
",327,216,0.0,0.07289399511244421,0.7665238380432129,0.54,0.5598407180440953,0.5598407180440953,sentence
615,obj_spatial_relation_oo_mv,"<|im_start|>system
You are a helpful assistant.<|im_end|>
<|im_start|>user
<|vision_start|><|image_pad|><|image_pad|><|image_pad|><|image_pad|><|image_pad|><|image_pad|><|image_pad|><|image_pad|><|ima...",The trash bin is to the right of the cup.,"From this angle, the trash bin(red bbox) is seen to the right below in relation to the cup(blue bbox). It may also be farther. The the trash bin(red bbox) is behind the observer. The the cup(blue bbox) is in front of the observer.
",41,231,0.0,0.005854746156810937,0.7203648090362549,0.3857142857142857,0.47706763946377534,0.47706763946377534,sentence
616,obj_spatial_relation_oo_mv,"<|im_start|>system
You are a helpful assistant.<|im_end|>
<|im_start|>user
<|vision_start|><|image_pad|><|image_pad|><|image_pad|><|image_pad|><|image_pad|><|image_pad|><|image_pad|><|image_pad|><|ima...","The hard drive (red bbox: [255, 115, 278, 124]) is located to the right of the book (blue bbox: [318, 27, 427, 312]) in the first image. The exact relative orientation cannot be determined due to the lack of precise 3D information in the images.","In relation to the book(blue bbox), the hard drive(red bbox) is positioned to the right and below. It also seems farther from here. The the hard drive(red bbox) is behind the observer. The the book(blue bbox) is in front of the observer.
",245,238,0.0,0.03805568834437924,0.7197819948196411,0.3,0.45750213507869636,0.45750213507869636,sentence
617,obj_spatial_relation_oo_mv,"<|im_start|>system
You are a helpful assistant.<|im_end|>
<|im_start|>user
<|vision_start|><|image_pad|><|image_pad|><|image_pad|><|image_pad|><|image_pad|><|image_pad|><|image_pad|><|image_pad|><|ima...","The paper towel is not present in the second image, so it cannot be compared to the bottle in terms of position.","the paper towel(red bbox) exists  below relative to the bottle(blue bbox). To the viewer, it seems closer. The the paper towel(red bbox) and the bottle(blue bbox) are in front of the observer.
",112,193,0.0,0.01961178032251294,0.7169150114059448,0.225,0.429879861767475,0.429879861767475,sentence
618,obj_spatial_relation_oo_mv,"<|im_start|>system
You are a helpful assistant.<|im_end|>
<|im_start|>user
<|vision_start|><|image_pad|><|image_pad|><|image_pad|><|image_pad|><|image_pad|><|image_pad|><|image_pad|><|image_pad|><|ima...","The bottle (red bbox: [982, 181, 999, 204]) is located in the upper right corner of the image, while the bottle (blue bbox: [979, 130, 999, 178]) is in the upper left corner. In the 3D space, the bottle (red) is positioned to the right and slightly behind the bottle (blue), based on the camera poses and translation vectors provided.","Relative to the bottle(blue bbox), the bottle(red bbox) is to the right and above. To the observer, it might seem farther. The the bottle(red bbox) and the bottle(blue bbox) are in front of the observer.
",334,204,0.0,0.056587275392682865,0.7952906489372253,0.54,0.5709627795471492,0.5709627795471492,sentence
619,obj_spatial_relation_oo_mv,"<|im_start|>system
You are a helpful assistant.<|im_end|>
<|im_start|>user
<|vision_start|><|image_pad|><|image_pad|><|image_pad|><|image_pad|><|image_pad|><|image_pad|><|image_pad|><|image_pad|><|ima...","In the first image, the standing lamp is located to the left of the cup, and the cup is located to the right of the standing lamp. In the second image, the standing lamp is located to the left of the cup, and the cup is located to the right of the standing lamp.","the standing lamp(red bbox) seems to occupy a position to the left and  in relation to the cup(blue bbox). This makes it appear closer. The the standing lamp(red bbox) is in front of the observer. The the cup(blue bbox) is behind the observer.
",262,244,0.0,0.03589482571539184,0.6778048276901245,0.45,0.48108137898814063,0.48108137898814063,sentence
620,obj_spatial_relation_oo_mv,"<|im_start|>system
You are a helpful assistant.<|im_end|>
<|im_start|>user
<|vision_start|><|image_pad|><|image_pad|><|image_pad|><|image_pad|><|image_pad|><|image_pad|><|image_pad|><|image_pad|><|ima...","The bedside lamp is not present in the images as there are no objects corresponding to the red bounding box in the given descriptions. Therefore, it's impossible to determine the spatial relationship between the bedside lamp and the blanket based on the provided information.","the bedside lamp(red bbox) is noted to be to the right above the blanket(blue bbox). It might be perceived as farther from this view. The the bedside lamp(red bbox) and the blanket(blue bbox) are in front of the observer.
",275,222,0.0,0.02105263319439197,0.7162583470344543,0.3,0.45233970015610553,0.45233970015610553,sentence
621,obj_spatial_relation_oo_mv,"<|im_start|>system
You are a helpful assistant.<|im_end|>
<|im_start|>user
<|vision_start|><|image_pad|><|image_pad|><|image_pad|><|image_pad|><|image_pad|><|image_pad|><|image_pad|><|image_pad|><|ima...","In the first image, the laptop is located in the foreground, towards the right side of the frame. The green background is further away from the laptop. In the second image, the red background is located behind the laptop, further away in the depth of the frame. The laptop is closer to the observer than the red background in the second image. Therefore, the red background is positioned behind the laptop, farther from the observer's perspective.","In reference to the laptop(blue bbox), the picture(red bbox) is to the right and above. It also appears farther when observed. The the picture(red bbox) and the laptop(blue bbox) are in front of the observer.
",447,209,0.0,0.010806995328039021,0.7652938961982727,0.54,0.5468083471647441,0.5468083471647441,sentence
622,obj_spatial_relation_oo_mv,"<|im_start|>system
You are a helpful assistant.<|im_end|>
<|im_start|>user
<|vision_start|><|image_pad|><|image_pad|><|image_pad|><|image_pad|><|image_pad|><|image_pad|><|image_pad|><|image_pad|><|ima...",The side table is positioned to the right of the end table in the first image.,"the side table(red bbox) can be spotted to the right and below the end table(blue bbox). The observer may perceive it as closer. The the side table(red bbox) is in front of the observer. The the end table(blue bbox) is behind the observer.
",78,240,0.0,0.01959512673666578,0.6411916613578796,0.3857142857142857,0.4402291417405587,0.4402291417405587,sentence
623,obj_spatial_relation_oo_mv,"<|im_start|>system
You are a helpful assistant.<|im_end|>
<|im_start|>user
<|vision_start|><|image_pad|><|image_pad|><|image_pad|><|image_pad|><|image_pad|><|image_pad|><|image_pad|><|image_pad|><|ima...","In the first image, the table (red bbox: [0, 537, 208, 811]) is oriented in a direction that is approximately perpendicular to the laptop (blue bbox: [178, 249, 499, 506]). The table is closer to the left side of the image, while the laptop is closer to the center. In the second image, the table (red bbox: [0, 537, 208, 811]) is also oriented in a direction that is perpendicular to the laptop (blue bbox: [178, 249, 499, 506]), but the angle is slightly different. The table is closer to the bottom left corner, while the laptop is closer to the top center.","From this viewpoint, the table(red bbox) appears to the right,  the laptop(blue bbox). Additionally, it seems farther. The the table(red bbox) and the laptop(blue bbox) are in front of the observer.
",560,199,0.0,0.006588974189989491,0.7627706527709961,0.225,0.45020312122349593,0.45020312122349593,sentence
624,obj_spatial_relation_oo_mv,"<|im_start|>system
You are a helpful assistant.<|im_end|>
<|im_start|>user
<|vision_start|><|image_pad|><|image_pad|><|image_pad|><|image_pad|><|image_pad|><|image_pad|><|image_pad|><|image_pad|><|ima...",It is not possible to determine the relative position of the pillow and the backpack in the provided images and their corresponding 3D points due to the lack of information regarding the 3D coordinates of the pillow and the backpack.,"the pillow(red bbox) lies to the left and above relative to the backpack(blue bbox). It seems closer when viewed. The the pillow(red bbox) and the backpack(blue bbox) are in front of the observer.
",233,197,0.0,0.021282647339216455,0.597376823425293,0.3,0.3929449411804897,0.3929449411804897,sentence
625,obj_spatial_relation_oo_mv,"<|im_start|>system
You are a helpful assistant.<|im_end|>
<|im_start|>user
<|vision_start|><|image_pad|><|image_pad|><|image_pad|><|image_pad|><|image_pad|><|image_pad|><|image_pad|><|image_pad|><|ima...","The pillow (red bbox: [146, 244, 451, 372]) is not in the same image as the table (blue bbox: [919, 438, 999, 614]), so their positional relationship cannot be determined.","the pillow(red bbox) resides to the left and above when viewed in relation to the table(blue bbox). This gives it a closer appearance. The the pillow(red bbox) is behind the observer. The the table(blue bbox) is in front of the observer.
",171,238,0.0,0.006471290992181722,0.7164819240570068,0.12857142857142856,0.3981066487983684,0.3981066487983684,sentence
626,obj_spatial_relation_oo_mv,"<|im_start|>system
You are a helpful assistant.<|im_end|>
<|im_start|>user
<|vision_start|><|image_pad|><|image_pad|><|image_pad|><|image_pad|><|image_pad|><|image_pad|><|image_pad|><|image_pad|><|ima...",The bedside table is located to the left of the table.,"the bedside table(red bbox) is spatially to the left and  with respect to the table(blue bbox). It seems farther to the observer. The the bedside table(red bbox) and the table(blue bbox) are in front of the observer.
",54,217,0.0,0.013338038578686408,0.703875720500946,0.36000000000000004,0.46260546796621027,0.46260546796621027,sentence
627,obj_spatial_relation_oo_mv,"<|im_start|>system
You are a helpful assistant.<|im_end|>
<|im_start|>user
<|vision_start|><|image_pad|><|image_pad|><|image_pad|><|image_pad|><|image_pad|><|image_pad|><|image_pad|><|image_pad|><|ima...","In the first image, the bed is positioned to the right of the pillow. The spatial positioning can be determined by observing the bed's headboard, which is further away from the observer compared to the pillow. In the second image, the bed is positioned to the left of the pillow. This can be deduced from the fact that the bed's headboard is closer to the observer compared to the pillow.","In reference to the pillow(blue bbox), the bed(red bbox) is to the right and . It also appears closer when observed. The the bed(red bbox) and the pillow(blue bbox) are in front of the observer.
",388,195,0.0,0.022850994251305344,0.7293106317520142,0.675,0.5717255147262682,0.5717255147262682,sentence
628,obj_spatial_relation_oo_mv,"<|im_start|>system
You are a helpful assistant.<|im_end|>
<|im_start|>user
<|vision_start|><|image_pad|><|image_pad|><|image_pad|><|image_pad|><|image_pad|><|image_pad|><|image_pad|><|image_pad|><|ima...","The pillow (blue bbox: [311, 86, 449, 159]) is not visible in the two images provided, so it is not possible to determine the relative position of the TV (red bbox: [6, 0, 239, 594]) to the pillow in the given context.","Describing spatially, the tv(red bbox) is to the left and above in relation to the pillow(blue bbox). It also appears closer. The the tv(red bbox) and the pillow(blue bbox) are in front of the observer.
",218,203,0.0,0.017638185291985093,0.8021591305732727,0.18000000000000002,0.4586072023450334,0.4586072023450334,sentence
629,obj_spatial_relation_oo_mv,"<|im_start|>system
You are a helpful assistant.<|im_end|>
<|im_start|>user
<|vision_start|><|image_pad|><|image_pad|><|image_pad|><|image_pad|><|image_pad|><|image_pad|><|image_pad|><|image_pad|><|ima...","There is no pillow or power socket present in the provided images, so it is not possible to determine the relative position between them.","the pillow(red bbox) holds a position to the left and above the power socket(blue bbox). From this vantage, it seems closer. The the pillow(red bbox) and the power socket(blue bbox) are in front of the observer.
",137,212,0.0,0.0078069609262389735,0.6621710062026978,0.18000000000000002,0.3866468952865967,0.3866468952865967,sentence
630,obj_spatial_relation_oo_mv,"<|im_start|>system
You are a helpful assistant.<|im_end|>
<|im_start|>user
<|vision_start|><|image_pad|><|image_pad|><|image_pad|><|image_pad|><|image_pad|><|image_pad|><|image_pad|><|image_pad|><|ima...","The shelf is positioned above the bed in the first image and is not present in the second image, indicating that the shelf is in a different spatial position relative to the bed.","the shelf(red bbox) lies spatially to the right above the bed(blue bbox). It is also observed to be farther. The the shelf(red bbox) and the bed(blue bbox) are in front of the observer.
",178,186,0.0,0.021755494215007404,0.6952313184738159,0.36000000000000004,0.45996675807990944,0.45996675807990944,sentence
631,obj_spatial_relation_oo_mv,"<|im_start|>system
You are a helpful assistant.<|im_end|>
<|im_start|>user
<|vision_start|><|image_pad|><|image_pad|><|image_pad|><|image_pad|><|image_pad|><|image_pad|><|image_pad|><|image_pad|><|ima...",The poster is to the left of the shelf.,"the poster(red bbox) lies visibly to the right and above the shelf(blue bbox). From this angle, it seems farther. The the poster(red bbox) is  the observer. The the shelf(blue bbox) is in front of the observer.
",39,211,0.0,0.003951540332946498,0.7180346250534058,0.0,0.514010886561846,0.514010886561846,sentence
632,obj_spatial_relation_oo_mv,"<|im_start|>system
You are a helpful assistant.<|im_end|>
<|im_start|>user
<|vision_start|><|image_pad|><|image_pad|><|image_pad|><|image_pad|><|image_pad|><|image_pad|><|image_pad|><|image_pad|><|ima...","The pillow (red bbox: [195, 396, 383, 571]) appears in front of the cabinet (blue bbox: [133, 459, 375, 817]) in the second image. The pillow is located to the left of the cabinet in the first image, and to the left of the bed in the second image, which suggests that the pillow is in front of the cabinet.","the pillow(red bbox) can be identified as to the left  the cabinet(blue bbox). To the observer, it appears farther. The the pillow(red bbox) is behind the observer. The the cabinet(blue bbox) is in front of the observer.
",306,221,0.0,0.09764699418470968,0.8124152421951294,0.54,0.5877370199345067,0.5877370199345067,sentence
633,obj_spatial_relation_oo_mv,"<|im_start|>system
You are a helpful assistant.<|im_end|>
<|im_start|>user
<|vision_start|><|image_pad|><|image_pad|><|image_pad|><|image_pad|><|image_pad|><|image_pad|><|image_pad|><|image_pad|><|ima...","The chair (red bbox: [738, 418, 940, 685]) is located to the right of the books (blue bbox: [531, 203, 582, 225]) in the second image, as indicated by the camera poses and translation vectors provided.","the chair(red bbox) is observed to be to the right and below the books(blue bbox). This also places it closer from the observer's perspective. The the chair(red bbox) and the books(blue bbox) are in front of the observer.
",201,222,0.0,0.036975168622682526,0.7737846374511719,0.36000000000000004,0.5022873524501225,0.5022873524501225,sentence
634,obj_spatial_relation_oo_mv,"<|im_start|>system
You are a helpful assistant.<|im_end|>
<|im_start|>user
<|vision_start|><|image_pad|><|image_pad|><|image_pad|><|image_pad|><|image_pad|><|image_pad|><|image_pad|><|image_pad|><|ima...","The portable heater (red bbox: [379, 171, 427, 274]) is positioned to the left of the papers (blue bbox: [716, 396, 733, 431]) in the first image.","From the observer's standpoint, the portable heater(red bbox) sits to the right below the papers(blue bbox). It can also be considered farther. The the portable heater(red bbox) and the papers(blue bbox) are in front of the observer.
",146,234,0.0,0.01897059321908893,0.826947808265686,0.15,0.4622680227766608,0.4622680227766608,sentence
635,obj_spatial_relation_oo_mv,"<|im_start|>system
You are a helpful assistant.<|im_end|>
<|im_start|>user
<|vision_start|><|image_pad|><|image_pad|><|image_pad|><|image_pad|><|image_pad|><|image_pad|><|image_pad|><|image_pad|><|ima...","The mouse is positioned above the shelf, closer to the top of the frame and to the left. This can be inferred by the higher y-coordinate of the mouse compared to the shelf in the first image's 3D space.","the mouse(red bbox) is observed to the right below relative to the shelf(blue bbox). To the observer, it appears farther. The the mouse(red bbox) and the shelf(blue bbox) are in front of the observer.
",202,201,0.0,0.023480087201163912,0.7593116760253906,0.18000000000000002,0.4383518554529281,0.4383518554529281,sentence
636,obj_spatial_relation_oo_mv,"<|im_start|>system
You are a helpful assistant.<|im_end|>
<|im_start|>user
<|vision_start|><|image_pad|><|image_pad|><|image_pad|><|image_pad|><|image_pad|><|image_pad|><|image_pad|><|image_pad|><|ima...",It is not possible to determine the relative positions of the window and the thermos in the first image because the window and the thermos are not present in the first image.,"the window(red bbox) appears situated to the right and  the thermos(blue bbox).  The the window(red bbox) and the thermos(blue bbox) are in front of the observer.
",174,163,0.0,0.025927367324198636,0.6554889678955078,0.3,0.4229299574125936,0.4229299574125936,sentence
637,obj_spatial_relation_oo_mv,"<|im_start|>system
You are a helpful assistant.<|im_end|>
<|im_start|>user
<|vision_start|><|image_pad|><|image_pad|><|image_pad|><|image_pad|><|image_pad|><|image_pad|><|image_pad|><|image_pad|><|ima...","The cap (red bbox: [165, 545, 234, 603]) is located to the right of the router (blue bbox: [139, 80, 275, 285]) in the first image.","To describe the scene, the cap(red bbox) is to the left below the router(blue bbox). Additionally, it seems farther to the observer. The the cap(red bbox) is behind the observer. The the router(blue bbox) is in front of the observer.
",131,234,0.0,0.015082245725658241,0.7357354760169983,0.2571428571428571,0.44802704429648793,0.44802704429648793,sentence
638,obj_spatial_relation_oo_mv,"<|im_start|>system
You are a helpful assistant.<|im_end|>
<|im_start|>user
<|vision_start|><|image_pad|><|image_pad|><|image_pad|><|image_pad|><|image_pad|><|image_pad|><|image_pad|><|image_pad|><|ima...","In the first image, the shelf is situated on the right side, and the curtain is to the left of the shelf. The shelf is closer to the bottom of the image compared to the curtain. In the third image, the shelf is on the bottom right, and the curtain is on the left, with the shelf positioned lower than the curtain in the image. The relative positions of the shelf and the curtain in the first and third images are different, indicating that the shelf is not directly aligned with the curtain when viewed from the observer's perspective.","the shelf(red bbox) is spatially to the right and  with respect to the curtain(blue bbox). It seems farther to the observer. The the shelf(red bbox) is  the observer. The the curtain(blue bbox) is in front of the observer.
",535,223,0.0,0.010382962019149778,0.7820670008659363,0.45,0.5281100928367981,0.5281100928367981,sentence
639,obj_spatial_relation_oo_mv,"<|im_start|>system
You are a helpful assistant.<|im_end|>
<|im_start|>user
<|vision_start|><|image_pad|><|image_pad|><|image_pad|><|image_pad|><|image_pad|><|image_pad|><|image_pad|><|image_pad|><|ima...",The shelf is located above the cabinet from the observer's perspective.,"the shelf(red bbox) stands to the left and above relative to the cabinet(blue bbox). It also appears farther in this configuration. The the shelf(red bbox) and the cabinet(blue bbox) are in front of the observer.
",71,213,0.0,0.0030080296000949552,0.8167855143547058,0.36000000000000004,0.5169943630973719,0.5169943630973719,sentence
640,obj_spatial_relation_oo_mv,"<|im_start|>system
You are a helpful assistant.<|im_end|>
<|im_start|>user
<|vision_start|><|image_pad|><|image_pad|><|image_pad|><|image_pad|><|image_pad|><|image_pad|><|image_pad|><|image_pad|><|ima...","In the first image, the box (red bbox: [391, 0, 434, 51]) is positioned on a shelf within a closet, and the clothes (blue bbox: [877, 0, 999, 422]) are hanging on the right side of the closet. In the second image, the clothes (blue bbox: [877, 0, 999, 422]) are no longer visible, and the box (red bbox: [391, 0, 434, 51]) is also not present. The difference in positioning suggests that the clothes and the box have been moved, possibly to a different location outside of the visible area of the second image.","the box(red bbox) appears to the observer as being to the right and above the clothes(blue bbox). It also seems farther. The the box(red bbox) and the clothes(blue bbox) are in front of the observer.
",510,200,0.0,0.008902864235647819,0.7337486147880554,0.36000000000000004,0.47665488024115726,0.47665488024115726,sentence
641,obj_spatial_relation_oo_mv,"<|im_start|>system
You are a helpful assistant.<|im_end|>
<|im_start|>user
<|vision_start|><|image_pad|><|image_pad|><|image_pad|><|image_pad|><|image_pad|><|image_pad|><|image_pad|><|image_pad|><|ima...","The smoke detector is not present in the second image, so there is no position to compare with the clothes.","the smoke detector(red bbox) holds a position to the left and above the clothes(blue bbox). From this vantage, it seems farther. The the smoke detector(red bbox) and the clothes(blue bbox) are in front of the observer.
",107,219,0.0,0.014884017350829937,0.7158292531967163,0.18000000000000002,0.41489143006852414,0.41489143006852414,sentence
642,obj_spatial_relation_oo_mv,"<|im_start|>system
You are a helpful assistant.<|im_end|>
<|im_start|>user
<|vision_start|><|image_pad|><|image_pad|><|image_pad|><|image_pad|><|image_pad|><|image_pad|><|image_pad|><|image_pad|><|ima...",The luggage is located to the left and slightly behind the yoga mat relative to the observer's viewpoint.,"Placing the luggage(red bbox) spatially, it is to the left and below the yoga mat(blue bbox). This view also shows it as closer. The the luggage(red bbox) and the yoga mat(blue bbox) are in front of the observer.
",105,213,0.0,0.058250617386612635,0.8653118014335632,0.36000000000000004,0.5523060241941041,0.5523060241941041,sentence
643,obj_spatial_relation_oo_mv,"<|im_start|>system
You are a helpful assistant.<|im_end|>
<|im_start|>user
<|vision_start|><|image_pad|><|image_pad|><|image_pad|><|image_pad|><|image_pad|><|image_pad|><|image_pad|><|image_pad|><|ima...","In the first image, the chair is positioned in front of the pedestal fan. The chair is on the left side of the image and the pedestal fan is on the right side.","the chair(red bbox) can be described as being to the right  in relation to the pedestal fan(blue bbox). To the observer, it is closer. The the chair(red bbox) is behind the observer. The the pedestal fan(blue bbox) is in front of the observer.
",159,244,0.0,0.0899440279565819,0.7291691303253174,0.54,0.544573370753975,0.544573370753975,sentence
644,obj_spatial_relation_oo_mv,"<|im_start|>system
You are a helpful assistant.<|im_end|>
<|im_start|>user
<|vision_start|><|image_pad|><|image_pad|><|image_pad|><|image_pad|><|image_pad|><|image_pad|><|image_pad|><|image_pad|><|ima...","The smoke detector is above the box in the first image, but in the second image, it is below the box.","the smoke detector(red bbox) is observed to the left above relative to the box(blue bbox). To the observer, it appears closer. The the smoke detector(red bbox) and the box(blue bbox) are in front of the observer.
",101,213,0.0,0.014140696679330114,0.7510892152786255,0.36000000000000004,0.48637274697517874,0.48637274697517874,sentence
645,obj_spatial_relation_oo_mv,"<|im_start|>system
You are a helpful assistant.<|im_end|>
<|im_start|>user
<|vision_start|><|image_pad|><|image_pad|><|image_pad|><|image_pad|><|image_pad|><|image_pad|><|image_pad|><|image_pad|><|ima...","The box (red bbox: [361, 506, 407, 612]) is to the left of the kitchen rag (blue bbox: [612, 644, 999, 961]) as seen by the observer.","the box(red bbox) stands to the right and below relative to the kitchen rag(blue bbox). It also appears closer in this configuration. The the box(red bbox) and the kitchen rag(blue bbox) are in front of the observer.
",133,217,0.0,0.020385229062088533,0.8374985456466675,0.0,0.6040375980510736,0.6040375980510736,sentence
646,obj_spatial_relation_oo_mv,"<|im_start|>system
You are a helpful assistant.<|im_end|>
<|im_start|>user
<|vision_start|><|image_pad|><|image_pad|><|image_pad|><|image_pad|><|image_pad|><|image_pad|><|image_pad|><|image_pad|><|ima...","The basket (red bbox: [857, 0, 999, 138]) is not visible in the first image, so it is impossible to determine its position relative to the shelf (blue bbox: [35, 0, 609, 725]) from the observer's perspective based on the provided information.","The observer notes the basket(red bbox) is to the left  the shelf(blue bbox).  The the basket(red bbox) and the shelf(blue bbox) are in front of the observer.
",242,159,0.0,0.013136602547521059,0.8131511211395264,0.3,0.49920288107926736,0.49920288107926736,sentence
647,obj_spatial_relation_oo_mv,"<|im_start|>system
You are a helpful assistant.<|im_end|>
<|im_start|>user
<|vision_start|><|image_pad|><|image_pad|><|image_pad|><|image_pad|><|image_pad|><|image_pad|><|image_pad|><|image_pad|><|ima...","The box is positioned below the clothes from the observer's perspective in the first image, as it is lower on the shelf and not directly in front of the clothes.","Looking closer, the box(red bbox) is to the right below in relation to the clothes(blue bbox). It might also be closer. The the box(red bbox) and the clothes(blue bbox) are in front of the observer.
",161,199,0.0,0.08998645554579075,0.7223497033119202,0.54,0.5411721427651183,0.5411721427651183,sentence
648,obj_spatial_relation_oo_mv,"<|im_start|>system
You are a helpful assistant.<|im_end|>
<|im_start|>user
<|vision_start|><|image_pad|><|image_pad|><|image_pad|><|image_pad|><|image_pad|><|image_pad|><|image_pad|><|image_pad|><|ima...",The box is to the left of the basket.,"the box(red bbox) is observed to be to the left and above the basket(blue bbox). This also places it closer from the observer's perspective. The the box(red bbox) and the basket(blue bbox) are in front of the observer.
",37,219,0.0,0.0064716652694461665,0.6975273489952087,0.18000000000000002,0.40405800755149357,0.40405800755149357,sentence
649,obj_spatial_relation_oo_mv,"<|im_start|>system
You are a helpful assistant.<|im_end|>
<|im_start|>user
<|vision_start|><|image_pad|><|image_pad|><|image_pad|><|image_pad|><|image_pad|><|image_pad|><|image_pad|><|image_pad|><|ima...","The plant is to the left of the jacket in the first image, and the spatial position cannot be determined in the second image due to the absence of visible objects.","In reference to the jacket(blue bbox), the plant(red bbox) is to the left and . It also appears farther when observed. The the plant(red bbox) and the jacket(blue bbox) are in front of the observer.
",163,199,0.0,0.10921200597168058,0.6509618163108826,0.45,0.4823233093497774,0.4823233093497774,sentence
650,obj_spatial_relation_oo_mv,"<|im_start|>system
You are a helpful assistant.<|im_end|>
<|im_start|>user
<|vision_start|><|image_pad|><|image_pad|><|image_pad|><|image_pad|><|image_pad|><|image_pad|><|image_pad|><|image_pad|><|ima...","The paper towel (blue bbox: [311, 255, 366, 433]) is not visible in the images. Therefore, it is impossible to calculate the relative spatial arrangement of the power socket (red bbox: [787, 697, 817, 763]) and the paper towel in the given context.","the power socket(red bbox) is seen in a position to the left below the paper towel(blue bbox). It seems farther in this setup. The the power socket(red bbox) is behind the observer. The the paper towel(blue bbox) is in front of the observer.
",248,242,0.0,0.02156028984565041,0.7368853092193604,0.12857142857142856,0.41132614115023886,0.41132614115023886,sentence
651,obj_spatial_relation_oo_mv,"<|im_start|>system
You are a helpful assistant.<|im_end|>
<|im_start|>user
<|vision_start|><|image_pad|><|image_pad|><|image_pad|><|image_pad|><|image_pad|><|image_pad|><|image_pad|><|image_pad|><|ima...","In the first image, the coat is located at approximately (100, 300) and the light switch is located at approximately (400, 200). In the second image, the coat is located at approximately (100, 300) and the light switch is located at approximately (400, 200).","the coat(red bbox) appears to the observer as being to the left and above the light switch(blue bbox).  The the coat(red bbox) and the light switch(blue bbox) are in front of the observer.
",258,189,0.0,0.03172414419318193,0.5538233518600464,0.225,0.3507565047686596,0.3507565047686596,sentence
652,obj_spatial_relation_oo_mv,"<|im_start|>system
You are a helpful assistant.<|im_end|>
<|im_start|>user
<|vision_start|><|image_pad|><|image_pad|><|image_pad|><|image_pad|><|image_pad|><|image_pad|><|image_pad|><|image_pad|><|ima...","The curtain (red bbox: [790, 0, 999, 351]) is behind the toilet paper (blue bbox: [777, 340, 819, 387]) in the first image.","From this observation point, the curtain(red bbox) appears to the right  the toilet paper(blue bbox). It seems farther as well. The the curtain(red bbox) and the toilet paper(blue bbox) are behind the observer.
",123,211,0.0,0.01695611527417013,0.8573498725891113,0.45,0.5670661593493898,0.5670661593493898,sentence
653,obj_spatial_relation_oo_mv,"<|im_start|>system
You are a helpful assistant.<|im_end|>
<|im_start|>user
<|vision_start|><|image_pad|><|image_pad|><|image_pad|><|image_pad|><|image_pad|><|image_pad|><|image_pad|><|image_pad|><|ima...","In the first image, the wardrobe is positioned to the right of the boots, and in the second image, the wardrobe is also positioned to the right of the boots. The observer's perspective in the first image is the main focus, and since the positions of the wardrobe and boots relative to each other appear consistent across the two images, the wardrobe is to the right of the boots in both images.","the wardrobe(red bbox) resides to the left and  when viewed in relation to the boots(blue bbox). This gives it a closer appearance. The the wardrobe(red bbox) and the boots(blue bbox) are in front of the observer.
",394,214,0.0,0.011420308311638679,0.7481080889701843,0.18000000000000002,0.4303381061474199,0.4303381061474199,sentence
654,obj_spatial_relation_oo_mv,"<|im_start|>system
You are a helpful assistant.<|im_end|>
<|im_start|>user
<|vision_start|><|image_pad|><|image_pad|><|image_pad|><|image_pad|><|image_pad|><|image_pad|><|image_pad|><|image_pad|><|ima...","In the first image, the coffee mug is located to the right of the monitor, closer to the wall, and at a lower height. In the second image, the coffee mug is no longer visible, implying it has been removed from the desk area. The monitor's position in the second image remains the same relative to the desk, but the coffee mug's position relative to the monitor cannot be determined due to its absence.","the coffee mug(red bbox) is observed to be  and below the monitor(blue bbox). This also places it closer from the observer's perspective. The the coffee mug(red bbox) and the monitor(blue bbox) are in front of the observer.
",401,224,0.0,0.012707109368530013,0.6973720192909241,0.675,0.553727431519168,0.553727431519168,sentence
655,obj_spatial_relation_oo_mv,"<|im_start|>system
You are a helpful assistant.<|im_end|>
<|im_start|>user
<|vision_start|><|image_pad|><|image_pad|><|image_pad|><|image_pad|><|image_pad|><|image_pad|><|image_pad|><|image_pad|><|ima...",The coat is located to the left of the tap.,"The arrangement shows the coat(red bbox) as to the left above the tap(blue bbox). It also seems closer from this view. The the coat(red bbox) and the tap(blue bbox) are in front of the observer.
",43,195,0.0,0.011284291264127853,0.6660306453704834,0.18000000000000002,0.38927218093806726,0.38927218093806726,sentence
656,obj_spatial_relation_oo_mv,"<|im_start|>system
You are a helpful assistant.<|im_end|>
<|im_start|>user
<|vision_start|><|image_pad|><|image_pad|><|image_pad|><|image_pad|><|image_pad|><|image_pad|><|image_pad|><|image_pad|><|ima...","The cleaning mop (red bounding box) is located to the right of the mirror (blue bounding box) in the first image. There is no mirror in the second image, so it is not possible to determine the position of the cleaning mop relative to the mirror in the second image.","the cleaning mop(red bbox), as observed, is located to the left  the mirror(blue bbox). It appears to be farther from this perspective. The the cleaning mop(red bbox) and the mirror(blue bbox) are in front of the observer.
",265,223,0.0,0.0767713207708933,0.8185185194015503,0.225,0.4921135238549538,0.4921135238549538,sentence
657,obj_spatial_relation_oo_mv,"<|im_start|>system
You are a helpful assistant.<|im_end|>
<|im_start|>user
<|vision_start|><|image_pad|><|image_pad|><|image_pad|><|image_pad|><|image_pad|><|image_pad|><|image_pad|><|image_pad|><|ima...",The box is located to the right of the cosmetic bottle.,"Relative to its surroundings, the box(red bbox) is to the left below the cosmetic bottle(blue bbox). It is also closer from here. The the box(red bbox) and the cosmetic bottle(blue bbox) are in front of the observer.
",55,217,0.0,0.006750863057473808,0.7026273012161255,0.0,0.5038054617422251,0.5038054617422251,sentence
658,obj_spatial_relation_oo_mv,"<|im_start|>system
You are a helpful assistant.<|im_end|>
<|im_start|>user
<|vision_start|><|image_pad|><|image_pad|><|image_pad|><|image_pad|><|image_pad|><|image_pad|><|image_pad|><|image_pad|><|ima...","The shoe cabinet is located to the right of the tote bag, as the shoe cabinet (red bounding box) is positioned on the right side of the frame compared to the tote bag (blue bounding box) which is on the left.","the shoe cabinet(red bbox) resides to the right and below when viewed in relation to the tote bag(blue bbox). This gives it a closer appearance. The the shoe cabinet(red bbox) and the tote bag(blue bbox) are in front of the observer.
",208,234,0.0,0.0560569929753793,0.8159502148628235,0.45,0.5541865060264877,0.5541865060264877,sentence
659,obj_spatial_relation_oo_mv,"<|im_start|>system
You are a helpful assistant.<|im_end|>
<|im_start|>user
<|vision_start|><|image_pad|><|image_pad|><|image_pad|><|image_pad|><|image_pad|><|image_pad|><|image_pad|><|image_pad|><|ima...",The bananas are to the left of the backpack.,"The arrangement shows the bananas(red bbox) as to the right above the backpack(blue bbox). It also seems closer from this view. The the bananas(red bbox) is in front of the observer. The the backpack(blue bbox) is behind the observer.
",44,235,0.0,0.0027052429896399664,0.6628419756889343,0.15,0.3769620364423951,0.3769620364423951,sentence
660,obj_spatial_relation_oo_mv,"<|im_start|>system
You are a helpful assistant.<|im_end|>
<|im_start|>user
<|vision_start|><|image_pad|><|image_pad|><|image_pad|><|image_pad|><|image_pad|><|image_pad|><|image_pad|><|image_pad|><|ima...","The faucet (red bbox: [714, 763, 816, 851]) is positioned below the window (blue bbox: [567, 0, 681, 572]) in the first image. This can be inferred from the object's location in the image, as the faucet is closer to the bottom of the image and the window is closer to the top. In the second image, there is no faucet or window present, so this comparison is not applicable.","the faucet(red bbox) can be spotted  and below the window(blue bbox). The observer may perceive it as farther. The the faucet(red bbox) is in front of the observer. The the window(blue bbox) is behind the observer.
",373,215,0.0,0.012516005012860818,0.8306447863578796,0.36000000000000004,0.525825594181512,0.525825594181512,sentence
661,obj_spatial_relation_oo_mv,"<|im_start|>system
You are a helpful assistant.<|im_end|>
<|im_start|>user
<|vision_start|><|image_pad|><|image_pad|><|image_pad|><|image_pad|><|image_pad|><|image_pad|><|image_pad|><|image_pad|><|ima...","The poster is not visible in the first image, so we cannot determine the directional relationship between the poster and the sink in the first image.","the poster(red bbox) is seen to be to the right above the sink(blue bbox).  The the poster(red bbox) is behind the observer. The the sink(blue bbox) is in front of the observer.
",149,178,0.0,0.009701470884546516,0.6645535230636597,0.18000000000000002,0.38821705570873916,0.38821705570873916,sentence
662,obj_spatial_relation_oo_mv,"<|im_start|>system
You are a helpful assistant.<|im_end|>
<|im_start|>user
<|vision_start|><|image_pad|><|image_pad|><|image_pad|><|image_pad|><|image_pad|><|image_pad|><|image_pad|><|image_pad|><|ima...","The toilet flush button is located to the right of the faucet, as seen in Image 1.","In relation to the faucet(blue bbox), the toilet flush button(red bbox) is positioned to the right and below. It also seems farther from here. The the toilet flush button(red bbox) and the faucet(blue bbox) are in front of the observer.
",82,237,0.0,0.029732269659867763,0.7472916841506958,0.36000000000000004,0.48759229600732146,0.48759229600732146,sentence
663,obj_spatial_relation_oo_mv,"<|im_start|>system
You are a helpful assistant.<|im_end|>
<|im_start|>user
<|vision_start|><|image_pad|><|image_pad|><|image_pad|><|image_pad|><|image_pad|><|image_pad|><|image_pad|><|image_pad|><|ima...","The heater (red bbox: [499, 65, 546, 999]) appears spatially above the trash can (blue bbox: [423, 888, 805, 999]) in relation to the viewer's perspective.","the heater(red bbox) appears situated to the left and  the trash can(blue bbox). From this point, it seems farther. The the heater(red bbox) and the trash can(blue bbox) are in front of the observer.
",155,200,0.0,0.018373412648752512,0.8548778891563416,0.225,0.4986136271079213,0.4986136271079213,sentence
664,obj_spatial_relation_oo_mv,"<|im_start|>system
You are a helpful assistant.<|im_end|>
<|im_start|>user
<|vision_start|><|image_pad|><|image_pad|><|image_pad|><|image_pad|><|image_pad|><|image_pad|><|image_pad|><|image_pad|><|ima...",The toilet flush button (red bbox) is located to the right of the light switch (blue bbox) in the first image.,"the toilet flush button(red bbox) is observed to be to the right and below the light switch(blue bbox). This also places it closer from the observer's perspective. The the toilet flush button(red bbox) is behind the observer. The the light switch(blue bbox) is in front of the observer.
",110,287,0.0,0.02987903377044598,0.8703069686889648,0.3,0.5311292910985715,0.5311292910985715,sentence
665,obj_spatial_relation_oo_mv,"<|im_start|>system
You are a helpful assistant.<|im_end|>
<|im_start|>user
<|vision_start|><|image_pad|><|image_pad|><|image_pad|><|image_pad|><|image_pad|><|image_pad|><|image_pad|><|image_pad|><|ima...","The light switch is located further away from the sink than in the first image. In the first image, the sink is near the bottom left corner, while in the second image, the sink is located towards the bottom right, with the light switch appearing to be positioned further back from the sink's location in the second image.","the light switch(red bbox) is observed to be to the left and above the sink(blue bbox). This also places it farther from the observer's perspective. The the light switch(red bbox) and the sink(blue bbox) are in front of the observer.
",321,234,0.0,0.01583367046604132,0.7413614988327026,0.54,0.5358474835095596,0.5358474835095596,sentence
666,obj_spatial_relation_oo_mv,"<|im_start|>system
You are a helpful assistant.<|im_end|>
<|im_start|>user
<|vision_start|><|image_pad|><|image_pad|><|image_pad|><|image_pad|><|image_pad|><|image_pad|><|image_pad|><|image_pad|><|ima...",The toilet paper holder is located to the right of the sink.,"Observing the toilet paper holder(red bbox) reveals it is to the right above the sink(blue bbox). It is perceived as farther. The the toilet paper holder(red bbox) and the sink(blue bbox) are in front of the observer.
",60,218,0.0,0.020657432701290092,0.7106247544288635,0.36000000000000004,0.46744386375468977,0.46744386375468977,sentence
667,obj_spatial_relation_oo_mv,"<|im_start|>system
You are a helpful assistant.<|im_end|>
<|im_start|>user
<|vision_start|><|image_pad|><|image_pad|><|image_pad|><|image_pad|><|image_pad|><|image_pad|><|image_pad|><|image_pad|><|ima...",The toilet brush holder is to the left of the window frame.,"In the scene, the toilet brush holder(red bbox) is to the left below the window frame(blue bbox). It is also perceived as closer relative to the observer. The the toilet brush holder(red bbox) and the window frame(blue bbox) are in front of the observer.
",59,255,0.0,0.025335652583225336,0.7673087120056152,0.36000000000000004,0.4967214865194527,0.4967214865194527,sentence
668,obj_spatial_relation_oo_mv,"<|im_start|>system
You are a helpful assistant.<|im_end|>
<|im_start|>user
<|vision_start|><|image_pad|><|image_pad|><|image_pad|><|image_pad|><|image_pad|><|image_pad|><|image_pad|><|image_pad|><|ima...","The paper towel dispenser (red bbox: [97, 512, 398, 999]) is located to the left of the toilet (blue bbox: [608, 881, 752, 999]) in the two images.","the paper towel dispenser(red bbox) stands to the right and above relative to the toilet(blue bbox). It also appears farther in this configuration. The the paper towel dispenser(red bbox) is in front of the observer. The the toilet(blue bbox) is behind the observer.
",147,267,0.0,0.03126068221903181,0.8571218252182007,0.15,0.47981304905290667,0.47981304905290667,sentence
669,obj_spatial_relation_oo_mv,"<|im_start|>system
You are a helpful assistant.<|im_end|>
<|im_start|>user
<|vision_start|><|image_pad|><|image_pad|><|image_pad|><|image_pad|><|image_pad|><|image_pad|><|image_pad|><|image_pad|><|ima...","The window frame (red bbox: [539, 0, 687, 574]) is located to the right of the hand soap dispenser (blue bbox: [259, 650, 354, 939]) as seen by the observer.","the window frame(red bbox) lies visibly to the right and  the hand soap dispenser(blue bbox).  The the window frame(red bbox) is behind the observer. The the hand soap dispenser(blue bbox) is in front of the observer.
",157,218,0.0,0.05820471432632346,0.9009961485862732,0.45,0.5971390171584013,0.5971390171584013,sentence
670,obj_spatial_relation_oo_mv,"<|im_start|>system
You are a helpful assistant.<|im_end|>
<|im_start|>user
<|vision_start|><|image_pad|><|image_pad|><|image_pad|><|image_pad|><|image_pad|><|image_pad|><|image_pad|><|image_pad|><|ima...","The chair (red bbox: [184, 337, 601, 999]) is positioned in front of the plant pot (blue bbox: [215, 697, 247, 724]) in the first image, as the chair is closer to the camera and the plant pot is further away. In the second image, the perspective changes due to the camera's movement, and the chair appears to be further from the plant pot.","the chair(red bbox) holds a position to the right and below the plant pot(blue bbox). From this vantage, it seems closer. The the chair(red bbox) and the plant pot(blue bbox) are in front of the observer.
",339,205,0.0,0.06851320868725716,0.9020645618438721,0.54,0.6267349226593875,0.6267349226593875,sentence
671,obj_spatial_relation_oo_mv,"<|im_start|>system
You are a helpful assistant.<|im_end|>
<|im_start|>user
<|vision_start|><|image_pad|><|image_pad|><|image_pad|><|image_pad|><|image_pad|><|image_pad|><|image_pad|><|image_pad|><|ima...","It is impossible to determine the relative position of the plant pot and the bottle crate based on the given information. The bounding box coordinates for the plant pot and the bottle crate are not provided, so there is no way to calculate the 3D center points of these objects.","Relative to its surroundings, the plant pot(red bbox) is to the left above the bottle crate(blue bbox). It is also farther from here. The the plant pot(red bbox) and the bottle crate(blue bbox) are in front of the observer.
",278,224,0.0,0.03989382828456145,0.5510610342025757,0.18000000000000002,0.33750928275820014,0.33750928275820014,sentence
672,obj_spatial_relation_oo_mv,"<|im_start|>system
You are a helpful assistant.<|im_end|>
<|im_start|>user
<|vision_start|><|image_pad|><|image_pad|><|image_pad|><|image_pad|><|image_pad|><|image_pad|><|image_pad|><|image_pad|><|ima...","The bottle crate (red bbox: [270, 680, 346, 776]) and the radio (blue bbox: [543, 266, 577, 353]) are not visible in the images provided. Therefore, their spatial arrangement cannot be determined from the images.","the bottle crate(red bbox) is spatially to the right and  with respect to the radio(blue bbox). It seems closer to the observer. The the bottle crate(red bbox) and the radio(blue bbox) are in front of the observer.
",212,215,0.0,0.01784064075575458,0.7505552768707275,0.225,0.4463457665865147,0.4463457665865147,sentence
673,obj_spatial_relation_oo_mv,"<|im_start|>system
You are a helpful assistant.<|im_end|>
<|im_start|>user
<|vision_start|><|image_pad|><|image_pad|><|image_pad|><|image_pad|><|image_pad|><|image_pad|><|image_pad|><|image_pad|><|ima...","The bottle crate (red) and the file organizers (blue) are spatially oriented in a manner that the bottle crate is positioned above and to the right of the file organizers from the observer's perspective in the first image. In the subsequent images, the spatial orientation is not clear due to the nature of the images being visualizations rather than real-world spatial scenes.","the bottle crate(red bbox) is seen in a position to the right below the file organizers(blue bbox). It seems closer in this setup. The the bottle crate(red bbox) and the file organizers(blue bbox) are behind the observer.
",377,222,0.0,0.0388183614232741,0.7912417650222778,0.45,0.5383845547957937,0.5383845547957937,sentence
674,obj_spatial_relation_oo_mv,"<|im_start|>system
You are a helpful assistant.<|im_end|>
<|im_start|>user
<|vision_start|><|image_pad|><|image_pad|><|image_pad|><|image_pad|><|image_pad|><|image_pad|><|image_pad|><|image_pad|><|ima...","The chair is positioned to the left of the bottle crate in the first image. In the second image, the chair is no longer visible, but the bottle crate is still present. Since the chair is not in the second image, we can't determine its position relative to the bottle crate in the second image. The camera poses and intrinsic parameters provided are for visualization purposes and do not give us enough information to determine the exact 3D position of the chair and bottle crate in the second image.","the chair(red bbox) holds a position to the right and  the bottle crate(blue bbox). From this vantage, it seems farther. The the chair(red bbox) is behind the observer. The the bottle crate(blue bbox) is in front of the observer.
",499,230,0.0,0.010528355198356182,0.7381080389022827,0.18000000000000002,0.4251596904908126,0.4251596904908126,sentence
675,obj_spatial_relation_oo_mv,"<|im_start|>system
You are a helpful assistant.<|im_end|>
<|im_start|>user
<|vision_start|><|image_pad|><|image_pad|><|image_pad|><|image_pad|><|image_pad|><|image_pad|><|image_pad|><|image_pad|><|ima...","The bottle crate (red bbox: [326, 400, 403, 504]) is found to the right of the chair (blue bbox: [0, 351, 153, 749]) in the first image.","The arrangement shows the bottle crate(red bbox) as to the left  the chair(blue bbox). It also seems closer from this view. The the bottle crate(red bbox) is  the observer. The the chair(blue bbox) is in front of the observer.
",136,227,0.0,0.018142581415760077,0.787760853767395,0.225,0.46500894316684954,0.46500894316684954,sentence
676,obj_spatial_relation_oo_mv,"<|im_start|>system
You are a helpful assistant.<|im_end|>
<|im_start|>user
<|vision_start|><|image_pad|><|image_pad|><|image_pad|><|image_pad|><|image_pad|><|image_pad|><|image_pad|><|image_pad|><|ima...","The bottle crate (red bbox: [774, 272, 984, 472]) is located behind the bottle crate (blue bbox: [88, 891, 223, 999]) from the observer's perspective.","the bottle crate(red bbox) occupies a space to the right above the bottle crate(blue bbox). It is noted to be farther. The the bottle crate(red bbox) and the bottle crate(blue bbox) are in front of the observer.
",150,212,0.0,0.015515240731147118,0.8695706725120544,0.18000000000000002,0.49188838440225663,0.49188838440225663,sentence
677,obj_spatial_relation_oo_mv,"<|im_start|>system
You are a helpful assistant.<|im_end|>
<|im_start|>user
<|vision_start|><|image_pad|><|image_pad|><|image_pad|><|image_pad|><|image_pad|><|image_pad|><|image_pad|><|image_pad|><|ima...","The pipe (red bbox: [684, 0, 999, 333]) is not visible in the second image as it is not in the same scene. Therefore, it is impossible to determine its position relative to the box (blue bbox: [0, 0, 86, 170]) in the second image.","From the perspective provided, the pipe(red bbox) is to the left and above the box(blue bbox). This places it closer as well. The the pipe(red bbox) and the box(blue bbox) are in front of the observer.
",230,202,0.0,0.01293165965304266,0.7658963203430176,0.18000000000000002,0.4395344921021173,0.4395344921021173,sentence
678,obj_spatial_relation_oo_mv,"<|im_start|>system
You are a helpful assistant.<|im_end|>
<|im_start|>user
<|vision_start|><|image_pad|><|image_pad|><|image_pad|><|image_pad|><|image_pad|><|image_pad|><|image_pad|><|image_pad|><|ima...","The bottle crate (red) and the plant (blue) do not appear in the same image, as the plant is visible in the first image while the bottle crate is in the second image. Therefore, it is not possible to calculate their spatial alignment based on the given information.","Observationally, the bottle crate(red bbox) is to the right and below the plant(blue bbox). It appears closer in proximity. The the bottle crate(red bbox) is in front of the observer. The the plant(blue bbox) is behind the observer.
",265,233,0.0,0.018440431524622675,0.6411833763122559,0.15,0.3692797744610524,0.3692797744610524,sentence
679,obj_spatial_relation_oo_mv,"<|im_start|>system
You are a helpful assistant.<|im_end|>
<|im_start|>user
<|vision_start|><|image_pad|><|image_pad|><|image_pad|><|image_pad|><|image_pad|><|image_pad|><|image_pad|><|image_pad|><|ima...","The chair (red bbox: [701, 506, 999, 999]) is to the right of the chair (blue bbox: [216, 481, 407, 851]) in the two images.","Placing the chair(red bbox) spatially, it is to the left and  the chair(blue bbox). This view also shows it as farther. The the chair(red bbox) and the chair(blue bbox) are in front of the observer.
",124,199,0.0,0.03554344966090838,0.7641407251358032,0.225,0.4566790525000833,0.4566790525000833,sentence
680,obj_spatial_relation_oo_mv,"<|im_start|>system
You are a helpful assistant.<|im_end|>
<|im_start|>user
<|vision_start|><|image_pad|><|image_pad|><|image_pad|><|image_pad|><|image_pad|><|image_pad|><|image_pad|><|image_pad|><|ima...",The dishwasher is located to the left of the coffee maker.,"In relation to the coffee maker(blue bbox), the dishwasher(red bbox) is positioned  and below. It also seems closer from here. The the dishwasher(red bbox) and the coffee maker(blue bbox) are in front of the observer.
",58,218,0.0,0.008096958836508775,0.7270693182945251,0.0,0.5216486441636633,0.5216486441636633,sentence
681,obj_spatial_relation_oo_mv,"<|im_start|>system
You are a helpful assistant.<|im_end|>
<|im_start|>user
<|vision_start|><|image_pad|><|image_pad|><|image_pad|><|image_pad|><|image_pad|><|image_pad|><|image_pad|><|image_pad|><|ima...","The coffee maker (red bounding box) is located in front of the soap dish (blue bounding box) in the first image, based on the observer's perspective.","the coffee maker(red bbox) exists to the right  relative to the soap dish(blue bbox). To the viewer, it seems closer. The the coffee maker(red bbox) is in front of the observer. The the soap dish(blue bbox) is behind the observer.
",149,231,0.0,0.07541122862829121,0.8581213355064392,0.36000000000000004,0.5521429134788778,0.5521429134788778,sentence
682,obj_spatial_relation_oo_mv,"<|im_start|>system
You are a helpful assistant.<|im_end|>
<|im_start|>user
<|vision_start|><|image_pad|><|image_pad|><|image_pad|><|image_pad|><|image_pad|><|image_pad|><|image_pad|><|image_pad|><|ima...",The coffee maker is located to the left of the windowsill in the first image.,"the coffee maker(red bbox) is seen to be to the right above the windowsill(blue bbox). It may also appear farther to the observer. The the coffee maker(red bbox) is in front of the observer. The the windowsill(blue bbox) is behind the observer.
",77,245,0.0,0.00885676048929509,0.7603151798248291,0.15,0.42692894201027354,0.42692894201027354,sentence
683,obj_spatial_relation_oo_mv,"<|im_start|>system
You are a helpful assistant.<|im_end|>
<|im_start|>user
<|vision_start|><|image_pad|><|image_pad|><|image_pad|><|image_pad|><|image_pad|><|image_pad|><|image_pad|><|image_pad|><|ima...","The cabinet (red bbox: [704, 0, 999, 641]) is in front of the cabinet (blue bbox: [368, 189, 999, 676]).","the cabinet(red bbox) is observed to be to the right and  the cabinet(blue bbox). This also places it farther from the observer's perspective. The the cabinet(red bbox) and the cabinet(blue bbox) are in front of the observer.
",104,226,0.0,0.05669556136855745,0.746977686882019,0.45,0.5198279557147211,0.5198279557147211,sentence
684,obj_spatial_relation_oo_mv,"<|im_start|>system
You are a helpful assistant.<|im_end|>
<|im_start|>user
<|vision_start|><|image_pad|><|image_pad|><|image_pad|><|image_pad|><|image_pad|><|image_pad|><|image_pad|><|image_pad|><|ima...","The dishwasher (red bbox: [290, 0, 714, 669]) appears in front of the cabinet (blue bbox: [0, 249, 881, 999]) in the first image, but the second image shows a different scene where the dishwasher and cabinet are not present, so the relative position cannot be determined.","In reference to the cabinet(blue bbox), the dishwasher(red bbox) is to the left and . It also appears farther when observed. The the dishwasher(red bbox) and the cabinet(blue bbox) are in front of the observer.
",271,211,0.0,0.06533462920803754,0.8442886471748352,0.45,0.5702112494290251,0.5702112494290251,sentence
685,obj_spatial_relation_oo_mv,"<|im_start|>system
You are a helpful assistant.<|im_end|>
<|im_start|>user
<|vision_start|><|image_pad|><|image_pad|><|image_pad|><|image_pad|><|image_pad|><|image_pad|><|image_pad|><|image_pad|><|ima...","The power outlet (red bbox: [45, 121, 152, 200]) is positioned to the left of the dishwasher (blue bbox: [290, 0, 714, 669]) in the two images.","the power outlet(red bbox) can be spotted to the right and above the dishwasher(blue bbox).  The the power outlet(red bbox) and the dishwasher(blue bbox) are in front of the observer.
",143,184,0.0,0.024585315016669197,0.8834034204483032,0.36000000000000004,0.5546187732274854,0.5546187732274854,sentence
686,obj_spatial_relation_oo_mv,"<|im_start|>system
You are a helpful assistant.<|im_end|>
<|im_start|>user
<|vision_start|><|image_pad|><|image_pad|><|image_pad|><|image_pad|><|image_pad|><|image_pad|><|image_pad|><|image_pad|><|ima...",The power outlet is to the left of the coffee maker.,"From this angle, the power outlet(red bbox) is seen to the left  in relation to the coffee maker(blue bbox). It may also be closer. The the power outlet(red bbox) and the coffee maker(blue bbox) are in front of the observer.
",52,225,0.0,0.011057670727460554,0.7438026666641235,0.36000000000000004,0.4821128674775539,0.4821128674775539,sentence
687,obj_spatial_relation_oo_mv,"<|im_start|>system
You are a helpful assistant.<|im_end|>
<|im_start|>user
<|vision_start|><|image_pad|><|image_pad|><|image_pad|><|image_pad|><|image_pad|><|image_pad|><|image_pad|><|image_pad|><|ima...",There are no faucets in the images provided.,"the faucet(red bbox) lies to the right and below relative to the cup(blue bbox). It seems farther when viewed. The the faucet(red bbox) and the cup(blue bbox) are in front of the observer.
",44,189,0.0,0.0016061375562248618,0.36595800518989563,0.15,0.22830023010619277,0.22830023010619277,sentence
688,obj_spatial_relation_oo_mv,"<|im_start|>system
You are a helpful assistant.<|im_end|>
<|im_start|>user
<|vision_start|><|image_pad|><|image_pad|><|image_pad|><|image_pad|><|image_pad|><|image_pad|><|image_pad|><|image_pad|><|ima...","The cutting board is located to the left of the cabinet in the first image, but there is no cutting board visible in the second image. Therefore, it is not possible to determine the spatial orientation of the cutting board relative to the cabinet in the second image.","the cutting board(red bbox) is noted to be to the left above the cabinet(blue bbox). It might be perceived as closer from this view. The the cutting board(red bbox) and the cabinet(blue bbox) are in front of the observer.
",267,222,0.0,0.03617804849314351,0.6308755278587341,0.36000000000000004,0.43067337362799574,0.43067337362799574,sentence
689,obj_spatial_relation_oo_mv,"<|im_start|>system
You are a helpful assistant.<|im_end|>
<|im_start|>user
<|vision_start|><|image_pad|><|image_pad|><|image_pad|><|image_pad|><|image_pad|><|image_pad|><|image_pad|><|image_pad|><|ima...","The window frame is positioned behind the cup in the first image, while in the second image, the cup is positioned behind the window frame, judging by the perspective and camera poses. The cup's 3D center point is calculated to be closer to the viewer than the window frame's 3D center point in the first image, indicating it is in front of the window frame. In the second image, the cup's 3D center point is calculated to be farther from the viewer than the window frame's 3D center point, indicating it is behind the window frame.","the window frame(red bbox) can be identified as to the right  the cup(blue bbox). To the observer, it appears farther. The the window frame(red bbox) and the cup(blue bbox) are in front of the observer.
",532,203,0.0,0.040570655781291855,0.6973510980606079,0.7200000000000001,0.5727896801865623,0.5727896801865623,sentence
690,obj_spatial_relation_oo_mv,"<|im_start|>system
You are a helpful assistant.<|im_end|>
<|im_start|>user
<|vision_start|><|image_pad|><|image_pad|><|image_pad|><|image_pad|><|image_pad|><|image_pad|><|image_pad|><|image_pad|><|ima...","The desk (red bbox: [302, 442, 307, 469]) and the pipe (blue bbox: [315, 282, 344, 313]) are not directly spatially related in the provided images. The desk is part of the first image, which shows a laboratory setup, while the pipe is part of the second image, which shows a room with a chair and a bed. The first image is a 3D visualization, and the second is a 2D image, so they cannot be directly compared for spatial relationships.","The arrangement shows the desk(red bbox) as to the right below the pipe(blue bbox). It also seems farther from this view. The the desk(red bbox) is  the observer. The the pipe(blue bbox) is in front of the observer.
",435,216,0.0,0.007694985998747495,0.7414016127586365,0.18000000000000002,0.4262398035790677,0.4262398035790677,sentence
691,obj_spatial_relation_oo_mv,"<|im_start|>system
You are a helpful assistant.<|im_end|>
<|im_start|>user
<|vision_start|><|image_pad|><|image_pad|><|image_pad|><|image_pad|><|image_pad|><|image_pad|><|image_pad|><|image_pad|><|ima...",The light switch is located to the left of the box.,"In this arrangement, the light switch(red bbox) is positioned to the right below the box(blue bbox). From the observer's perspective, it looks closer. The the light switch(red bbox) and the box(blue bbox) are in front of the observer.
",51,235,0.0,0.006164217893302798,0.6834443211555481,0.0,0.489935720223478,0.489935720223478,sentence
692,obj_spatial_relation_oo_mv,"<|im_start|>system
You are a helpful assistant.<|im_end|>
<|im_start|>user
<|vision_start|><|image_pad|><|image_pad|><|image_pad|><|image_pad|><|image_pad|><|image_pad|><|image_pad|><|image_pad|><|ima...","The soap dispenser (red bbox: [0, 45, 80, 390]) is located to the left of the first aid box (blue bbox: [187, 562, 384, 845]) in the first image. The soap dispenser is on the left side of the sink, while the first aid box is mounted on the wall to the right of the sink. In the second image, the first aid box is not visible, and the soap dispenser is not present, so it's impossible to compare their positions.","the soap dispenser(red bbox) is observed to the right below relative to the first aid box(blue bbox). To the observer, it appears closer. The the soap dispenser(red bbox) and the first aid box(blue bbox) are in front of the observer.
",411,234,0.0,0.036720617876547706,0.8114935159683228,0.36000000000000004,0.5210908815594709,0.5210908815594709,sentence
693,obj_spatial_relation_oo_mv,"<|im_start|>system
You are a helpful assistant.<|im_end|>
<|im_start|>user
<|vision_start|><|image_pad|><|image_pad|><|image_pad|><|image_pad|><|image_pad|><|image_pad|><|image_pad|><|image_pad|><|ima...","The window (red bbox: [516, 0, 999, 999]) is positioned above the cabl duct (blue bbox: [0, 778, 451, 999]) in the second image, as the window is located at a higher elevation than the cabl duct. From the observer's viewpoint, the window is above the cabl duct.","the window(red bbox) exists to the left above relative to the cabl duct(blue bbox). To the viewer, it seems farther. The the window(red bbox) and the cabl duct(blue bbox) are in front of the observer.
",261,201,0.0,0.015056549290686267,0.9338586330413818,0.36000000000000004,0.5779406263788281,0.5779406263788281,sentence
694,obj_spatial_relation_oo_mv,"<|im_start|>system
You are a helpful assistant.<|im_end|>
<|im_start|>user
<|vision_start|><|image_pad|><|image_pad|><|image_pad|><|image_pad|><|image_pad|><|image_pad|><|image_pad|><|image_pad|><|ima...","The hand sanitizer dispenser is located at a 3D position (0.20649, 0.07875, 0.00000) and the trash can is located at a 3D position (0.01854, 0.10457, 0.00000). Thus, the hand sanitizer dispenser is closer to the observer than the trash can.","the hand sanitizer dispenser(red bbox) exists  above relative to the trash can(blue bbox).  The the hand sanitizer dispenser(red bbox) and the trash can(blue bbox) are in front of the observer.
",240,194,0.0,0.06141312100865394,0.7719234228134155,0.0,0.5689204794406265,0.5689204794406265,sentence
695,obj_spatial_relation_oo_mv,"<|im_start|>system
You are a helpful assistant.<|im_end|>
<|im_start|>user
<|vision_start|><|image_pad|><|image_pad|><|image_pad|><|image_pad|><|image_pad|><|image_pad|><|image_pad|><|image_pad|><|ima...","In the first image, the telephone is oriented towards the heater, as it is in the same room and there is no indication of a significant spatial separation between them in the visual data.","the telephone(red bbox) can be described as being to the right above in relation to the heater(blue bbox). To the observer, it is closer. The the telephone(red bbox) and the heater(blue bbox) are in front of the observer.
",187,222,0.0,0.016109264443501404,0.6610616445541382,0.18000000000000002,0.3877526751657694,0.3877526751657694,sentence
696,obj_spatial_relation_oo_mv,"<|im_start|>system
You are a helpful assistant.<|im_end|>
<|im_start|>user
<|vision_start|><|image_pad|><|image_pad|><|image_pad|><|image_pad|><|image_pad|><|image_pad|><|image_pad|><|image_pad|><|ima...","The blind rod is positioned above the blinds in the main perspective image (Image 1), as it is located at a higher y-coordinate than the blinds. In the plucker ray visualizations, the red bounding box (representing the blind rod) is also positioned above the blue bounding box (representing the blinds), maintaining the same spatial orientation relative to the observer's view in the subsequent images.","To the observer, the blind rod(red bbox) seems to the left and above the blinds(blue bbox). It is perceived as closer. The the blind rod(red bbox) and the blinds(blue bbox) are in front of the observer.
",402,203,0.0,0.015134287671907443,0.7233723402023315,0.36000000000000004,0.47271302763554723,0.47271302763554723,sentence
697,obj_spatial_relation_oo_mv,"<|im_start|>system
You are a helpful assistant.<|im_end|>
<|im_start|>user
<|vision_start|><|image_pad|><|image_pad|><|image_pad|><|image_pad|><|image_pad|><|image_pad|><|image_pad|><|image_pad|><|ima...","In the first image, the cushion is on the left, and the cabinet is on the right. In the second image, the observer's viewpoint is different, but the cushion and the cabinet are still situated in the same relative positions, with the cushion on the left and the cabinet on the right. The exact locations can be calculated using the camera poses and intrinsic parameters, but visually, the cushion and the cabinet maintain the same relative positions in both images.","the cushion(red bbox) is observed to be to the left and  the cabinet(blue bbox). This also places it closer from the observer's perspective. The the cushion(red bbox) and the cabinet(blue bbox) are in front of the observer.
",464,224,0.0,0.04531107794635388,0.767607569694519,0.45,0.5278660004365303,0.5278660004365303,sentence
698,obj_spatial_relation_oo_mv,"<|im_start|>system
You are a helpful assistant.<|im_end|>
<|im_start|>user
<|vision_start|><|image_pad|><|image_pad|><|image_pad|><|image_pad|><|image_pad|><|image_pad|><|image_pad|><|image_pad|><|ima...",The faucet in the second image is located to the right of the cabinet.,"the faucet(red bbox) can be described as being to the left  in relation to the cabinet(blue bbox). To the observer, it is closer. The the faucet(red bbox) and the cabinet(blue bbox) are in front of the observer.
",70,212,0.0,0.009826183590951325,0.6720590591430664,0.225,0.4054947662897235,0.4054947662897235,sentence
699,obj_spatial_relation_oo_mv,"<|im_start|>system
You are a helpful assistant.<|im_end|>
<|im_start|>user
<|vision_start|><|image_pad|><|image_pad|><|image_pad|><|image_pad|><|image_pad|><|image_pad|><|image_pad|><|image_pad|><|ima...","The cabl duct (red bbox: [316, 128, 815, 233]) is located to the right of the trash can (blue bbox: [114, 0, 233, 140]) in the first image, as seen by the observer. The spatial relationship between the two objects is not clearly represented in the second image, as it is a visualization of the camera pose and not a view of the objects themselves.","From this viewpoint, the cabl duct(red bbox) appears to the left, above the trash can(blue bbox). Additionally, it seems closer. The the cabl duct(red bbox) is in front of the observer. The the trash can(blue bbox) is behind the observer.
",347,239,0.0,0.0285528554351268,0.8731880784034729,0.15,0.4873046102887618,0.4873046102887618,sentence
700,obj_spatial_relation_oo_mv,"<|im_start|>system
You are a helpful assistant.<|im_end|>
<|im_start|>user
<|vision_start|><|image_pad|><|image_pad|><|image_pad|><|image_pad|><|image_pad|><|image_pad|><|image_pad|><|image_pad|><|ima...","The blanket cannot be spatially related to the window because the images provided are not aligned in a way that allows for the comparison of their spatial relationships. The first image shows a room with a bed, desk, and window, while the second and third images are blank and cannot be used for this comparison.","the blanket(red bbox) holds a position to the right and below the window(blue bbox). From this vantage, it seems closer. The the blanket(red bbox) and the window(blue bbox) are in front of the observer.
",312,203,0.0,0.011435972261401412,0.625475287437439,0.18000000000000002,0.36902483817099974,0.36902483817099974,sentence
701,obj_spatial_relation_oo_mv,"<|im_start|>system
You are a helpful assistant.<|im_end|>
<|im_start|>user
<|vision_start|><|image_pad|><|image_pad|><|image_pad|><|image_pad|><|image_pad|><|image_pad|><|image_pad|><|image_pad|><|ima...","The plushie is positioned to the left of the heater, with a distance between them that is difficult to precisely measure due to the lack of scale. The plushie appears to be closer to the window and the desk, while the heater is situated underneath the desk, near the wall.","the plushie(red bbox) can be spotted to the right and above the heater(blue bbox). The observer may perceive it as farther. The the plushie(red bbox) and the heater(blue bbox) are in front of the observer.
",272,206,0.0,0.015975311320580363,0.6782630681991577,0.18000000000000002,0.39632659636369494,0.39632659636369494,sentence
702,obj_spatial_relation_oo_mv,"<|im_start|>system
You are a helpful assistant.<|im_end|>
<|im_start|>user
<|vision_start|><|image_pad|><|image_pad|><|image_pad|><|image_pad|><|image_pad|><|image_pad|><|image_pad|><|image_pad|><|ima...","The books are not visible in the spatial relationship described by the second image, as it is a plain color gradient and does not contain a desk or books. Therefore, it is not possible to determine their spatial relation to the desk in the second image.","From this observation point, the books(red bbox) appears to the left above the desk(blue bbox). It seems farther as well. The the books(red bbox) and the desk(blue bbox) are in front of the observer.
",253,200,0.0,0.012945692945151917,0.6911460161209106,0.18000000000000002,0.4021621466494857,0.4021621466494857,sentence
703,obj_spatial_relation_oo_mv,"<|im_start|>system
You are a helpful assistant.<|im_end|>
<|im_start|>user
<|vision_start|><|image_pad|><|image_pad|><|image_pad|><|image_pad|><|image_pad|><|image_pad|><|image_pad|><|image_pad|><|ima...",The clothes are located to the right of the shelf in the observer's perspective.,"Looking closer, the clothes(red bbox) is to the left  in relation to the shelf(blue bbox).  The the clothes(red bbox) and the shelf(blue bbox) are in front of the observer.
",80,173,0.0,0.017400156304557747,0.7868556976318359,0.225,0.46440788007682954,0.46440788007682954,sentence
704,obj_spatial_relation_oo_mv,"<|im_start|>system
You are a helpful assistant.<|im_end|>
<|im_start|>user
<|vision_start|><|image_pad|><|image_pad|><|image_pad|><|image_pad|><|image_pad|><|image_pad|><|image_pad|><|image_pad|><|ima...","The file is to the left of the plushie in the first image, as it is positioned on the shelf and the plushie is not on the shelf but rather in a different part of the room. The exact position relative to the observer cannot be determined without additional information, but based on the spatial arrangement in the first image, the file is likely to the left and possibly above the plushie.","The observer notes the file(red bbox) is to the left above the plushie(blue bbox). Additionally, it appears closer. The the file(red bbox) is in front of the observer. The the plushie(blue bbox) is behind the observer.
",388,219,0.0,0.05583651656864801,0.8234158754348755,0.45,0.5578752410311674,0.5578752410311674,sentence
705,obj_spatial_relation_oo_mv,"<|im_start|>system
You are a helpful assistant.<|im_end|>
<|im_start|>user
<|vision_start|><|image_pad|><|image_pad|><|image_pad|><|image_pad|><|image_pad|><|image_pad|><|image_pad|><|image_pad|><|ima...","The window and the windowsill are not visible in the first three images, and the second set of images are visualizations, not actual photographs. Therefore, it's not possible to determine the spatial relationship between the curtain and the windowsill based on the given information.","In the scene, the curtain(red bbox) is to the left above the windowsill(blue bbox).  The the curtain(red bbox) is in front of the observer. The the windowsill(blue bbox) is behind the observer.
",283,194,0.0,0.013555314602787177,0.6335583925247192,0.18000000000000002,0.37349025918291706,0.37349025918291706,sentence
706,obj_spatial_relation_oo_mv,"<|im_start|>system
You are a helpful assistant.<|im_end|>
<|im_start|>user
<|vision_start|><|image_pad|><|image_pad|><|image_pad|><|image_pad|><|image_pad|><|image_pad|><|image_pad|><|image_pad|><|ima...","The backpack and the weighing scale are not visible in the provided images, so there is no information available to compare their positions.","In relation to the weighing scale(blue bbox), the backpack(red bbox) is positioned to the left and above. It also seems closer from here. The the backpack(red bbox) and the weighing scale(blue bbox) are in front of the observer.
",140,229,0.0,0.028101703211815744,0.6103880405426025,0.3,0.4008143609136644,0.4008143609136644,sentence
707,obj_spatial_relation_oo_mv,"<|im_start|>system
You are a helpful assistant.<|im_end|>
<|im_start|>user
<|vision_start|><|image_pad|><|image_pad|><|image_pad|><|image_pad|><|image_pad|><|image_pad|><|image_pad|><|image_pad|><|ima...","The window is located behind the files, relative to the observer.","the window(red bbox) stands to the right and below relative to the files(blue bbox). It also appears farther in this configuration. The the window(red bbox) and the files(blue bbox) are in front of the observer.
",65,212,0.0,0.013854320621109644,0.839596688747406,0.18000000000000002,0.47656920849792495,0.47656920849792495,sentence
708,obj_spatial_relation_oo_mv,"<|im_start|>system
You are a helpful assistant.<|im_end|>
<|im_start|>user
<|vision_start|><|image_pad|><|image_pad|><|image_pad|><|image_pad|><|image_pad|><|image_pad|><|image_pad|><|image_pad|><|ima...","The racket (red bounding box: [333, 520, 389, 851]) is positioned on the wall, which is perpendicular to the light switch (blue bounding box: [365, 89, 391, 117]). The racket is to the left of the light switch when viewed from the observer's perspective.","the racket(red bbox) is observed to be to the right and above the light switch(blue bbox). This also places it farther from the observer's perspective. The the racket(red bbox) and the light switch(blue bbox) are in front of the observer.
",254,239,0.0,0.0910591170309184,0.8394938707351685,0.18000000000000002,0.4919587587737679,0.4919587587737679,sentence
709,obj_spatial_relation_oo_mv,"<|im_start|>system
You are a helpful assistant.<|im_end|>
<|im_start|>user
<|vision_start|><|image_pad|><|image_pad|><|image_pad|><|image_pad|><|image_pad|><|image_pad|><|image_pad|><|image_pad|><|ima...",The wardrobe is located to the left of the window in the first image.,"To the observer, the wardrobe(red bbox) seems to the left and  the window(blue bbox). It is perceived as closer. The the wardrobe(red bbox) and the window(blue bbox) are in front of the observer.
",69,196,0.0,0.02650207979323259,0.6632640361785889,0.45,0.47193243404794094,0.47193243404794094,sentence
710,obj_spatial_relation_oo_mv,"<|im_start|>system
You are a helpful assistant.<|im_end|>
<|im_start|>user
<|vision_start|><|image_pad|><|image_pad|><|image_pad|><|image_pad|><|image_pad|><|image_pad|><|image_pad|><|image_pad|><|ima...",The shelf lies above the trash can in both images.,"the shelf(red bbox) is noted to be to the right above the trash can(blue bbox). It might be perceived as farther from this view. The the shelf(red bbox) and the trash can(blue bbox) are in front of the observer.
",50,212,0.0,0.006530378721123151,0.7347856760025024,0.36000000000000004,0.47669891374547585,0.47669891374547585,sentence
711,obj_spatial_relation_oo_mv,"<|im_start|>system
You are a helpful assistant.<|im_end|>
<|im_start|>user
<|vision_start|><|image_pad|><|image_pad|><|image_pad|><|image_pad|><|image_pad|><|image_pad|><|image_pad|><|image_pad|><|ima...",It is impossible to determine the spatial alignment of the light switch relative to the split because the light switch is not present in the first image.,"From the perspective provided, the light switch(red bbox) is to the right and below the split(blue bbox). This places it farther as well. The the light switch(red bbox) is in front of the observer. The the split(blue bbox) is behind the observer.
",153,247,0.0,0.0191251140245811,0.5458815693855286,0.15,0.32176580749768047,0.32176580749768047,sentence
712,obj_spatial_relation_oo_mv,"<|im_start|>system
You are a helpful assistant.<|im_end|>
<|im_start|>user
<|vision_start|><|image_pad|><|image_pad|><|image_pad|><|image_pad|><|image_pad|><|image_pad|><|image_pad|><|image_pad|><|ima...","The bottle is not present in the first image, so we cannot determine its position relative to the shelf.","the bottle(red bbox) lies spatially to the left below the shelf(blue bbox).  The the bottle(red bbox) and the shelf(blue bbox) are in front of the observer.
",104,157,0.0,0.01873227472180097,0.705048680305481,0.225,0.4237707950971007,0.4237707950971007,sentence
713,obj_spatial_relation_oo_mv,"<|im_start|>system
You are a helpful assistant.<|im_end|>
<|im_start|>user
<|vision_start|><|image_pad|><|image_pad|><|image_pad|><|image_pad|><|image_pad|><|image_pad|><|image_pad|><|image_pad|><|ima...",The sink is to the right of the trash can.,"Observing the sink(red bbox) reveals it is to the right above the trash can(blue bbox). It is perceived as closer. The the sink(red bbox) and the trash can(blue bbox) are in front of the observer.
",42,197,0.0,0.029135914759814006,0.6728172302246094,0.36000000000000004,0.4502357980642675,0.4502357980642675,sentence
714,obj_spatial_relation_oo_mv,"<|im_start|>system
You are a helpful assistant.<|im_end|>
<|im_start|>user
<|vision_start|><|image_pad|><|image_pad|><|image_pad|><|image_pad|><|image_pad|><|image_pad|><|image_pad|><|image_pad|><|ima...","The pipe (red bbox: [903, 569, 999, 857]) appears to be on the same plane as the split (blue bbox: [631, 210, 999, 368]) based on the provided camera poses and the assumption that the camera poses and bounding box dimensions are normalized. However, without exact 3D coordinates or a 3D model, it is not possible to determine the exact spatial relationship between the pipe and the split.","Observationally, the pipe(red bbox) is to the right and below the split(blue bbox). It appears farther in proximity. The the pipe(red bbox) and the split(blue bbox) are in front of the observer.
",388,195,0.0,0.009199659576045625,0.7410085797309875,0.18000000000000002,0.4263442217807029,0.4263442217807029,sentence
715,obj_spatial_relation_oo_mv,"<|im_start|>system
You are a helpful assistant.<|im_end|>
<|im_start|>user
<|vision_start|><|image_pad|><|image_pad|><|image_pad|><|image_pad|><|image_pad|><|image_pad|><|image_pad|><|image_pad|><|ima...","The heater is located in the top-left corner of the image, with a 3D center point of approximately [200, 200, 500]. The split is positioned in the bottom-right corner, with a 3D center point of approximately [800, 800, 500]. Based on these 3D center points, the heater is positioned to the left and slightly above the split.","the heater(red bbox) resides  and below when viewed in relation to the split(blue bbox). This gives it a farther appearance. The the heater(red bbox) and the split(blue bbox) are in front of the observer.
",324,205,0.0,0.012613859155877448,0.6159922480583191,0.36000000000000004,0.418518895860335,0.418518895860335,sentence
716,obj_spatial_relation_oo_mv,"<|im_start|>system
You are a helpful assistant.<|im_end|>
<|im_start|>user
<|vision_start|><|image_pad|><|image_pad|><|image_pad|><|image_pad|><|image_pad|><|image_pad|><|image_pad|><|image_pad|><|ima...",The bottle is to the left of the sink.,"The observer notes the bottle(red bbox) is to the left above the sink(blue bbox). Additionally, it appears farther. The the bottle(red bbox) and the sink(blue bbox) are in front of the observer.
",38,195,0.0,0.028644278267523273,0.7026194334030151,0.36000000000000004,0.4650385723550122,0.4650385723550122,sentence
717,obj_spatial_relation_oo_mv,"<|im_start|>system
You are a helpful assistant.<|im_end|>
<|im_start|>user
<|vision_start|><|image_pad|><|image_pad|><|image_pad|><|image_pad|><|image_pad|><|image_pad|><|image_pad|><|image_pad|><|ima...",The sink is to the right of the trash can.,"the sink(red bbox) resides to the right and above when viewed in relation to the trash can(blue bbox).  The the sink(red bbox) and the trash can(blue bbox) are in front of the observer.
",42,186,0.0,0.015392337074449026,0.7209922075271606,0.36000000000000004,0.4715745711784701,0.4715745711784701,sentence
718,obj_spatial_relation_oo_mv,"<|im_start|>system
You are a helpful assistant.<|im_end|>
<|im_start|>user
<|vision_start|><|image_pad|><|image_pad|><|image_pad|><|image_pad|><|image_pad|><|image_pad|><|image_pad|><|image_pad|><|ima...",The sink is located to the right of the bottle.,"the sink(red bbox) occupies a space  below the bottle(blue bbox). It is noted to be closer. The the sink(red bbox) and the bottle(blue bbox) are in front of the observer.
",47,171,0.0,0.007949525644485629,0.66324782371521,0.18000000000000002,0.3872138169865021,0.3872138169865021,sentence
719,obj_spatial_relation_oo_mv,"<|im_start|>system
You are a helpful assistant.<|im_end|>
<|im_start|>user
<|vision_start|><|image_pad|><|image_pad|><|image_pad|><|image_pad|><|image_pad|><|image_pad|><|image_pad|><|image_pad|><|ima...","The split (red bbox: [404, 0, 666, 322]) is not visible in the second image, which suggests it is not in the same scene as the light switch (blue bbox: [810, 975, 824, 999]). Therefore, there is no direct comparison of spatial position between these two objects from the observer's perspective.","the split(red bbox) can be spotted  and above the light switch(blue bbox). The observer may perceive it as closer. The the split(red bbox) and the light switch(blue bbox) are in front of the observer.
",294,201,0.0,0.011363330168181546,0.8025846481323242,0.225,0.4710649900997984,0.4710649900997984,sentence
720,obj_spatial_relation_oo_mv,"<|im_start|>system
You are a helpful assistant.<|im_end|>
<|im_start|>user
<|vision_start|><|image_pad|><|image_pad|><|image_pad|><|image_pad|><|image_pad|><|image_pad|><|image_pad|><|image_pad|><|ima...","The storage rack (red bbox: [236, 610, 517, 999]) is located to the left of the table (blue bbox: [186, 80, 999, 999]) in the main view of the first image.","From this observation point, the storage rack(red bbox) appears to the right  the table(blue bbox). It seems closer as well. The the storage rack(red bbox) and the table(blue bbox) are in front of the observer.
",155,211,0.0,0.021492809973044598,0.8024471998214722,0.225,0.473022161905345,0.473022161905345,sentence
721,obj_spatial_relation_oo_mv,"<|im_start|>system
You are a helpful assistant.<|im_end|>
<|im_start|>user
<|vision_start|><|image_pad|><|image_pad|><|image_pad|><|image_pad|><|image_pad|><|image_pad|><|image_pad|><|image_pad|><|ima...",The shopping bag is to the right of the rice cooker.,"In this arrangement, the shopping bag(red bbox) is positioned to the right above the rice cooker(blue bbox). From the observer's perspective, it looks farther. The the shopping bag(red bbox) and the rice cooker(blue bbox) are in front of the observer.
",52,252,0.0,0.011057670727460554,0.7580559849739075,0.36000000000000004,0.48923952663244585,0.48923952663244585,sentence
722,obj_spatial_relation_oo_mv,"<|im_start|>system
You are a helpful assistant.<|im_end|>
<|im_start|>user
<|vision_start|><|image_pad|><|image_pad|><|image_pad|><|image_pad|><|image_pad|><|image_pad|><|image_pad|><|image_pad|><|ima...","It is not possible to determine the directional placement of the power sockets relative to the objects in the given images, as the objects in the second image are not clearly visible and the background is blurred, making it difficult to discern the exact placement of the power sockets.","When observing the objects(blue bbox), the power sockets(red bbox) appears to the right above. Additionally, it is perceived as farther. The the power sockets(red bbox) and the objects(blue bbox) are in front of the observer.
",286,226,0.0,0.021162978522178418,0.5943677425384521,0.18000000000000002,0.35541646697366175,0.35541646697366175,sentence
723,obj_spatial_relation_oo_mv,"<|im_start|>system
You are a helpful assistant.<|im_end|>
<|im_start|>user
<|vision_start|><|image_pad|><|image_pad|><|image_pad|><|image_pad|><|image_pad|><|image_pad|><|image_pad|><|image_pad|><|ima...",The curtain is positioned above the blue bounding box.,"the curtain(red bbox) is spatially to the left and above with respect to the objects(blue bbox).  The the curtain(red bbox) and the objects(blue bbox) are in front of the observer.
",54,181,0.0,0.003288635647171524,0.7296439409255981,0.45,0.5004796975922334,0.5004796975922334,sentence
724,obj_spatial_relation_oo_mv,"<|im_start|>system
You are a helpful assistant.<|im_end|>
<|im_start|>user
<|vision_start|><|image_pad|><|image_pad|><|image_pad|><|image_pad|><|image_pad|><|image_pad|><|image_pad|><|image_pad|><|ima...","It is not possible to determine the relative positions of the box and the table lamp between the two images as the first image does not contain any objects with the bounding box coordinates provided. The second image, however, shows a table lamp and a box on a table, but the relative positions cannot be accurately determined without additional information or the exact 3D coordinates of these objects.","the box(red bbox) is seen in a position to the left  the table lamp(blue bbox). It seems closer in this setup. The the box(red bbox) is behind the observer. The the table lamp(blue bbox) is in front of the observer.
",403,216,0.0,0.011311683437075008,0.5804287195205688,0.15,0.3374766964476994,0.3374766964476994,sentence
725,obj_spatial_relation_oo_mv,"<|im_start|>system
You are a helpful assistant.<|im_end|>
<|im_start|>user
<|vision_start|><|image_pad|><|image_pad|><|image_pad|><|image_pad|><|image_pad|><|image_pad|><|image_pad|><|image_pad|><|ima...","The monitor (red bbox: [0, 98, 320, 508]) is located above the table (blue bbox: [55, 6, 534, 844]) in the first image, and it is not present in the second image, making a direct comparison between the two images impossible.","To the observer, the monitor(red bbox) seems to the right and above the table(blue bbox). It is perceived as farther. The the monitor(red bbox) and the table(blue bbox) are in front of the observer.
",224,199,0.0,0.016936921942561224,0.7291123867034912,0.36000000000000004,0.47594357774025786,0.47594357774025786,sentence
726,obj_spatial_relation_oo_mv,"<|im_start|>system
You are a helpful assistant.<|im_end|>
<|im_start|>user
<|vision_start|><|image_pad|><|image_pad|><|image_pad|><|image_pad|><|image_pad|><|image_pad|><|image_pad|><|image_pad|><|ima...","The curtain (red bbox: [0, 0, 306, 101]) is located to the left of the table (blue bbox: [55, 6, 534, 844]) based on the observer's direction in the first image.","To describe the scene, the curtain(red bbox) is to the left above the table(blue bbox). Additionally, it seems farther to the observer. The the curtain(red bbox) and the table(blue bbox) are in front of the observer.
",161,217,0.0,0.0379947045850661,0.8877844214439392,0.36000000000000004,0.5594911516389828,0.5594911516389828,sentence
727,obj_spatial_relation_oo_mv,"<|im_start|>system
You are a helpful assistant.<|im_end|>
<|im_start|>user
<|vision_start|><|image_pad|><|image_pad|><|image_pad|><|image_pad|><|image_pad|><|image_pad|><|image_pad|><|image_pad|><|ima...","In the first image, the hang dryer (red bbox: [80, 79, 304, 724]) is located to the right of the bag (blue bbox: [39, 0, 156, 158]) and slightly behind it.","the hang dryer(red bbox) resides to the right and  when viewed in relation to the bag(blue bbox). This gives it a closer appearance. The the hang dryer(red bbox) is in front of the observer. The the bag(blue bbox) is behind the observer.
",155,238,0.0,0.0352124360542793,0.8169866800308228,0.45,0.5505358272262673,0.5505358272262673,sentence
728,obj_spatial_relation_oo_mv,"<|im_start|>system
You are a helpful assistant.<|im_end|>
<|im_start|>user
<|vision_start|><|image_pad|><|image_pad|><|image_pad|><|image_pad|><|image_pad|><|image_pad|><|image_pad|><|image_pad|><|ima...","The bag is positioned above the box, as seen in the first image. The bag is located in the top left corner of the image, while the box is towards the center and slightly to the right. There is no indication in the provided images that the bag is directly above the box in the same image, so the exact 3D position relationship cannot be determined from the given information.","Observationally, the bag(red bbox) is to the left and below the box(blue bbox). It appears closer in proximity. The the bag(red bbox) and the box(blue bbox) are in front of the observer.
",374,187,0.0,0.010620789375827626,0.7734935879707336,0.36000000000000004,0.4968709518605323,0.4968709518605323,sentence
729,obj_spatial_relation_oo_mv,"<|im_start|>system
You are a helpful assistant.<|im_end|>
<|im_start|>user
<|vision_start|><|image_pad|><|image_pad|><|image_pad|><|image_pad|><|image_pad|><|image_pad|><|image_pad|><|image_pad|><|ima...","In the first image (Image 680), the kitchen counter (blue bounding box) is located in the foreground, while the stool (red bounding box) is further back, likely placed against the wall or on a surface like the counter. In the second image (Image 2850), the kitchen counter (blue bounding box) is also in the foreground, but the stool (red bounding box) is not visible, suggesting it is out of the frame or obscured by the counter itself. The third image (Image 7860) is a visualization and not a real scene, so the relative positioning cannot be determined.","the stool(red bbox) occupies a space to the left below the kitchen counter(blue bbox). It is noted to be farther. The the stool(red bbox) is behind the observer. The the kitchen counter(blue bbox) is in front of the observer.
",557,226,0.0,0.009777544281896422,0.7573400735855103,0.2571428571428571,0.45776840279199155,0.45776840279199155,sentence
730,obj_spatial_relation_oo_mv,"<|im_start|>system
You are a helpful assistant.<|im_end|>
<|im_start|>user
<|vision_start|><|image_pad|><|image_pad|><|image_pad|><|image_pad|><|image_pad|><|image_pad|><|image_pad|><|image_pad|><|ima...","The table is positioned to the right of the tupperware, and the tupperware is located towards the center-left of the table. The tupperware's 3D center point in the first image (Image 4530) is approximately (350, 300) in the table's reference frame. In the second image (Image 7040), the tupperware's 3D center point is around (400, 200) in the table's reference frame. The camera poses for the two images are different, which affects the perspective, but the relative positions of the tupperware and the table remain consistent in both images.","From this observation point, the table(red bbox) appears to the right below the tupperware(blue bbox). It seems farther as well. The the table(red bbox) and the tupperware(blue bbox) are in front of the observer.
",543,213,0.0,0.017259501192242836,0.7213356494903564,0.45,0.4991197249836268,0.4991197249836268,sentence
731,obj_spatial_relation_oo_mv,"<|im_start|>system
You are a helpful assistant.<|im_end|>
<|im_start|>user
<|vision_start|><|image_pad|><|image_pad|><|image_pad|><|image_pad|><|image_pad|><|image_pad|><|image_pad|><|image_pad|><|ima...","The papers (blue bbox: [943, 279, 999, 342]) are located to the right of the storage cabinet (red bbox: [224, 0, 593, 914]).","the storage cabinet(red bbox) lies to the right and  relative to the papers(blue bbox).  The the storage cabinet(red bbox) is in front of the observer. The the papers(blue bbox) is behind the observer.
",124,202,0.0,0.03900460357080743,0.709173858165741,0.45,0.497387849797032,0.497387849797032,sentence
732,obj_spatial_relation_oo_mv,"<|im_start|>system
You are a helpful assistant.<|im_end|>
<|im_start|>user
<|vision_start|><|image_pad|><|image_pad|><|image_pad|><|image_pad|><|image_pad|><|image_pad|><|image_pad|><|image_pad|><|ima...","The water jug is to the right of the headphone, based on the 3D center points calculated from the camera poses and intrinsic parameters.","In this arrangement, the water jug(red bbox) is positioned to the right above the headphone(blue bbox). From the observer's perspective, it looks closer. The the water jug(red bbox) and the headphone(blue bbox) are in front of the observer.
",136,241,0.0,0.03886459098432429,0.724757194519043,0.36000000000000004,0.47815151545638634,0.47815151545638634,sentence
733,obj_spatial_relation_oo_mv,"<|im_start|>system
You are a helpful assistant.<|im_end|>
<|im_start|>user
<|vision_start|><|image_pad|><|image_pad|><|image_pad|><|image_pad|><|image_pad|><|image_pad|><|image_pad|><|image_pad|><|ima...",The cabinet lies to the left of the chair in the first image.,"the cabinet(red bbox) can be identified as to the left  the chair(blue bbox). To the observer, it appears closer. The the cabinet(red bbox) and the chair(blue bbox) are in front of the observer.
",61,195,0.0,0.02334952944348537,0.6793005466461182,0.45,0.4793201792117562,0.4793201792117562,sentence
734,obj_spatial_relation_oo_mv,"<|im_start|>system
You are a helpful assistant.<|im_end|>
<|im_start|>user
<|vision_start|><|image_pad|><|image_pad|><|image_pad|><|image_pad|><|image_pad|><|image_pad|><|image_pad|><|image_pad|><|ima...","In the first image, the outlet is located at a different position compared to the bottle. The outlet is located on the wall, while the bottle is on the desk. The outlet's 3D center point cannot be directly compared with the bottle's due to their different locations and the camera's perspective. The outlet's 3D center point is closer to the top of the wall, while the bottle's is on the desk, which is a surface.","the outlet(red bbox) is to the right below with the bottle(blue bbox).  The the outlet(red bbox) and the bottle(blue bbox) are in front of the observer.
",413,153,0.0,0.01155483507294011,0.6428558230400085,0.36000000000000004,0.43173887853459225,0.43173887853459225,sentence
735,obj_spatial_relation_oo_mv,"<|im_start|>system
You are a helpful assistant.<|im_end|>
<|im_start|>user
<|vision_start|><|image_pad|><|image_pad|><|image_pad|><|image_pad|><|image_pad|><|image_pad|><|image_pad|><|image_pad|><|ima...",The cabinet is to the left of the paper in the first image and to the right of the paper in the second image.,"From a spatial perspective, the cabinet(red bbox) is to the right and below the paper(blue bbox). It looks closer in this view. The the cabinet(red bbox) and the paper(blue bbox) are in front of the observer.
",109,209,0.0,0.0493755562617059,0.7363134026527405,0.36000000000000004,0.4860318125787114,0.4860318125787114,sentence
736,obj_spatial_relation_oo_mv,"<|im_start|>system
You are a helpful assistant.<|im_end|>
<|im_start|>user
<|vision_start|><|image_pad|><|image_pad|><|image_pad|><|image_pad|><|image_pad|><|image_pad|><|image_pad|><|image_pad|><|ima...","In the first image, the computer tower (red bbox: [0, 206, 201, 465]) is positioned on the left side of the desk, while the heater (blue bbox: [502, 488, 795, 623]) is on the right side of the desk. The computer tower is further back in the room compared to the heater, which is closer to the window. In the second image, the computer tower is not visible, but the heater appears to be at the same location as in the first image, suggesting that the computer tower has been removed from the scene.","In the scene, the computer tower(red bbox) is to the left  the heater(blue bbox). It is also perceived as closer relative to the observer. The the computer tower(red bbox) and the heater(blue bbox) are in front of the observer.
",497,228,0.0,0.011904723920223537,0.8239614963531494,0.675,0.6168616929606194,0.6168616929606194,sentence
737,obj_spatial_relation_oo_mv,"<|im_start|>system
You are a helpful assistant.<|im_end|>
<|im_start|>user
<|vision_start|><|image_pad|><|image_pad|><|image_pad|><|image_pad|><|image_pad|><|image_pad|><|image_pad|><|image_pad|><|ima...",The keyboard is positioned to the right of the paper.,"When observing the paper(blue bbox), the keyboard(red bbox) appears to the left above. Additionally, it is perceived as farther. The the keyboard(red bbox) and the paper(blue bbox) are in front of the observer.
",53,211,0.0,0.007003423176009925,0.729163408279419,0.0,0.5228319839641592,0.5228319839641592,sentence
738,obj_spatial_relation_oo_mv,"<|im_start|>system
You are a helpful assistant.<|im_end|>
<|im_start|>user
<|vision_start|><|image_pad|><|image_pad|><|image_pad|><|image_pad|><|image_pad|><|image_pad|><|image_pad|><|image_pad|><|ima...","The bottle and the water jug are not visible in the provided images, making it impossible to determine their orientation in relation to each other. The images do not show the objects mentioned in the question.","the bottle(red bbox) stands to the right and below relative to the water jug(blue bbox). It also appears farther in this configuration. The the bottle(red bbox) and the water jug(blue bbox) are in front of the observer.
",209,220,0.0,0.03648672821771648,0.6200354099273682,0.18000000000000002,0.37131505060722736,0.37131505060722736,sentence
739,obj_spatial_relation_oo_mv,"<|im_start|>system
You are a helpful assistant.<|im_end|>
<|im_start|>user
<|vision_start|><|image_pad|><|image_pad|><|image_pad|><|image_pad|><|image_pad|><|image_pad|><|image_pad|><|image_pad|><|ima...",The umbrella is in front of the headphone.,"From this observation point, the umbrella(red bbox) appears to the right above the headphone(blue bbox). It seems farther as well. The the umbrella(red bbox) and the headphone(blue bbox) are in front of the observer.
",42,217,0.0,0.014174114184932316,0.7560163736343384,0.36000000000000004,0.4888430096541556,0.4888430096541556,sentence
740,obj_spatial_relation_oo_mv,"<|im_start|>system
You are a helpful assistant.<|im_end|>
<|im_start|>user
<|vision_start|><|image_pad|><|image_pad|><|image_pad|><|image_pad|><|image_pad|><|image_pad|><|image_pad|><|image_pad|><|ima...","The window and the jacket are not in the same image, so there is no directional relationship to describe. The first image does not contain a window or a jacket, only a hallway with a door and a wall with a picture.","the window(red bbox) resides to the right and below when viewed in relation to the jacket(blue bbox). This gives it a closer appearance. The the window(red bbox) and the jacket(blue bbox) are in front of the observer.
",214,218,0.0,0.013890266032988884,0.6261745691299438,0.15,0.3608653377715697,0.3608653377715697,sentence
741,obj_spatial_relation_oo_mv,"<|im_start|>system
You are a helpful assistant.<|im_end|>
<|im_start|>user
<|vision_start|><|image_pad|><|image_pad|><|image_pad|><|image_pad|><|image_pad|><|image_pad|><|image_pad|><|image_pad|><|ima...","In the first image (RGB image), the box (red bbox: [93, 477, 227, 999]) is on the bottom left side of the image, and the container (blue bbox: [152, 251, 276, 376]) is towards the center. In the corresponding 3D visualization (Image 6010), the box is located at a lower depth (z-value) than the container, indicating it is further back in the scene. Thus, the box is behind the container in the first image.","the box(red bbox) occupies a to the left and  spot relative to the container(blue bbox). It might also seem farther. The the box(red bbox) and the container(blue bbox) are in front of the observer.
",407,198,0.0,0.009850470636402665,0.7847015857696533,0.36000000000000004,0.5023208870121072,0.5023208870121072,sentence
742,obj_spatial_relation_oo_mv,"<|im_start|>system
You are a helpful assistant.<|im_end|>
<|im_start|>user
<|vision_start|><|image_pad|><|image_pad|><|image_pad|><|image_pad|><|image_pad|><|image_pad|><|image_pad|><|image_pad|><|ima...","The cardboard (red bbox: [477, 335, 497, 418]) is positioned in the same direction as the light switch (blue bbox: [585, 153, 599, 171]) in the first image. Both objects are in the same room, but the cardboard is further away from the camera than the light switch. The cardboard is on the left side of the corridor, while the light switch is on the right side of the corridor.","From this position, the cardboard(red bbox) looks to the left below the light switch(blue bbox). It is also farther as seen. The the cardboard(red bbox) and the light switch(blue bbox) are in front of the observer.
",376,215,0.0,0.013808286367206993,0.8078781366348267,0.54,0.5687007255908547,0.5687007255908547,sentence
743,obj_spatial_relation_oo_mv,"<|im_start|>system
You are a helpful assistant.<|im_end|>
<|im_start|>user
<|vision_start|><|image_pad|><|image_pad|><|image_pad|><|image_pad|><|image_pad|><|image_pad|><|image_pad|><|image_pad|><|ima...","The box (red bbox: [578, 402, 664, 497]) is above the cardboard (blue bbox: [384, 265, 462, 331]) in the first image.","From a spatial perspective, the box(red bbox) is to the right and above the cardboard(blue bbox). It looks closer in this view. The the box(red bbox) and the cardboard(blue bbox) are in front of the observer.
",117,209,0.0,0.012795645624686275,0.7871156930923462,0.36000000000000004,0.5041169756711104,0.5041169756711104,sentence
744,obj_spatial_relation_oo_mv,"<|im_start|>system
You are a helpful assistant.<|im_end|>
<|im_start|>user
<|vision_start|><|image_pad|><|image_pad|><|image_pad|><|image_pad|><|image_pad|><|image_pad|><|image_pad|><|image_pad|><|ima...","The SPLIT is not visible in the images, and there is no cardboard object present. Therefore, it is not possible to determine the placement of the SPLIT concerning the cardboard.","the SPLIT(red bbox) exists to the right above relative to the cardboard(blue bbox). To the viewer, it seems farther. The the SPLIT(red bbox) is behind the observer. The the cardboard(blue bbox) is in front of the observer.
",177,223,0.0,0.016014099779443517,0.6569880247116089,0.15,0.37669683231169315,0.37669683231169315,sentence
745,obj_spatial_relation_oo_mv,"<|im_start|>system
You are a helpful assistant.<|im_end|>
<|im_start|>user
<|vision_start|><|image_pad|><|image_pad|><|image_pad|><|image_pad|><|image_pad|><|image_pad|><|image_pad|><|image_pad|><|ima...","The flag (red bbox: [11, 0, 133, 574]) is not present in the first image, so there is no comparison possible. The window frame (blue bbox: [874, 511, 999, 766]) is in the second image and it is located towards the bottom right corner of the image.","From this position, the flag(red bbox) looks to the right  the window frame(blue bbox). It is also closer as seen. The the flag(red bbox) and the window frame(blue bbox) are in front of the observer.
",247,200,0.0,0.01737344452227641,0.782827615737915,0.45,0.5298884967734128,0.5298884967734128,sentence
746,obj_spatial_relation_oo_mv,"<|im_start|>system
You are a helpful assistant.<|im_end|>
<|im_start|>user
<|vision_start|><|image_pad|><|image_pad|><|image_pad|><|image_pad|><|image_pad|><|image_pad|><|image_pad|><|image_pad|><|ima...",The jacket is to the left of the power socket.,"the jacket(red bbox) lies to the left and above relative to the power socket(blue bbox). It seems closer when viewed. The the jacket(red bbox) and the power socket(blue bbox) are in front of the observer.
",46,205,0.0,0.01260217972459379,0.7597661018371582,0.18000000000000002,0.43640348686349784,0.43640348686349784,sentence
747,obj_spatial_relation_oo_mv,"<|im_start|>system
You are a helpful assistant.<|im_end|>
<|im_start|>user
<|vision_start|><|image_pad|><|image_pad|><|image_pad|><|image_pad|><|image_pad|><|image_pad|><|image_pad|><|image_pad|><|ima...",The box is located to the left of the container.,"the box(red bbox) is to the left below with the container(blue bbox). From here, it appears farther. The the box(red bbox) and the container(blue bbox) are in front of the observer.
",48,182,0.0,0.017495597448329042,0.7829840183258057,0.36000000000000004,0.5029911286525687,0.5029911286525687,sentence
748,obj_spatial_relation_oo_mv,"<|im_start|>system
You are a helpful assistant.<|im_end|>
<|im_start|>user
<|vision_start|><|image_pad|><|image_pad|><|image_pad|><|image_pad|><|image_pad|><|image_pad|><|image_pad|><|image_pad|><|ima...","The box (red bbox: [504, 393, 685, 603]) is placed below the tarpaulin (blue bbox: [15, 503, 999, 999]) in the second image. The box appears to be on a shelf or surface that is lower than the area where the tarpaulin is hanging or placed. The tarpaulin, in contrast, seems to be suspended or hanging, possibly from a ceiling or a hook, above the box. The exact positioning in 3D space cannot be determined without additional information, but the relative vertical placement is clear.","the box(red bbox) stands to the left and above relative to the tarpaulin(blue bbox). It also appears closer in this configuration. The the box(red bbox) is behind the observer. The the tarpaulin(blue bbox) is in front of the observer.
",483,235,0.0,0.0043870298269982995,0.8049077987670898,0.3,0.49333130534894454,0.49333130534894454,sentence
749,obj_spatial_relation_oo_mv,"<|im_start|>system
You are a helpful assistant.<|im_end|>
<|im_start|>user
<|vision_start|><|image_pad|><|image_pad|><|image_pad|><|image_pad|><|image_pad|><|image_pad|><|image_pad|><|image_pad|><|ima...","The container (red bbox: [509, 251, 563, 321]) is located to the right of the mat (blue bbox: [365, 610, 432, 728]) in the first image.","The observer notes the container(red bbox) is to the right below the mat(blue bbox). Additionally, it appears closer. The the container(red bbox) and the mat(blue bbox) are in front of the observer.
",135,199,0.0,0.04158206269957349,0.7684400677680969,0.36000000000000004,0.5005364464239631,0.5005364464239631,sentence
750,obj_spatial_relation_oo_mv,"<|im_start|>system
You are a helpful assistant.<|im_end|>
<|im_start|>user
<|vision_start|><|image_pad|><|image_pad|><|image_pad|><|image_pad|><|image_pad|><|image_pad|><|image_pad|><|image_pad|><|ima...","In the first image, the keyboard piano is placed on a stand to the left of the pillow. In the second image, the keyboard piano is not visible in the scene, but the pillow is placed to the right of the shelving unit. The third image is a blur, so it does not provide any information about the positioning of the keyboard piano or the pillow.","the keyboard piano(red bbox) lies visibly to the right and  the pillow(blue bbox). From this angle, it seems closer. The the keyboard piano(red bbox) and the pillow(blue bbox) are in front of the observer.
",340,206,0.0,0.02522203105571553,0.7188929319381714,0.45,0.4994908721802288,0.4994908721802288,sentence
751,obj_spatial_relation_oo_mv,"<|im_start|>system
You are a helpful assistant.<|im_end|>
<|im_start|>user
<|vision_start|><|image_pad|><|image_pad|><|image_pad|><|image_pad|><|image_pad|><|image_pad|><|image_pad|><|image_pad|><|ima...","The blanket and the pillow do not align in the two images. The first image is the main view, and the camera poses suggest that the blanket is positioned towards the left side of the room, while the pillow is towards the right side of the room. The 3D center points of these objects, based on the camera intrinsic parameters and poses, indicate that they are not aligned in the same direction in the two images.","the blanket(red bbox) is to the left below with the pillow(blue bbox). From here, it appears closer. The the blanket(red bbox) and the pillow(blue bbox) are in front of the observer.
",410,183,0.0,0.010608617547103181,0.6099346876144409,0.36000000000000004,0.4150890673166411,0.4150890673166411,sentence
752,obj_spatial_relation_oo_mv,"<|im_start|>system
You are a helpful assistant.<|im_end|>
<|im_start|>user
<|vision_start|><|image_pad|><|image_pad|><|image_pad|><|image_pad|><|image_pad|><|image_pad|><|image_pad|><|image_pad|><|ima...",The monitor is located to the right of the table when viewed from the observer's perspective.,"the monitor(red bbox) lies spatially to the right above the table(blue bbox). It is also observed to be farther. The the monitor(red bbox) and the table(blue bbox) are in front of the observer.
",93,194,0.0,0.02975392513846079,0.7907220125198364,0.18000000000000002,0.45531179128761035,0.45531179128761035,sentence
753,obj_spatial_relation_oo_mv,"<|im_start|>system
You are a helpful assistant.<|im_end|>
<|im_start|>user
<|vision_start|><|image_pad|><|image_pad|><|image_pad|><|image_pad|><|image_pad|><|image_pad|><|image_pad|><|image_pad|><|ima...","The cup (red bbox: [742, 939, 774, 974]) is positioned to the right of the curtain (blue bbox: [0, 0, 165, 862]) in the two images, as the observer would see the cup to the right of the curtain when looking at the scene.","the cup(red bbox) is seen to be to the right below the curtain(blue bbox).  The the cup(red bbox) and the curtain(blue bbox) are in front of the observer.
",220,155,0.0,0.033077111860364806,0.9261913299560547,0.54,0.6317110873501003,0.6317110873501003,sentence
754,obj_spatial_relation_oo_mv,"<|im_start|>system
You are a helpful assistant.<|im_end|>
<|im_start|>user
<|vision_start|><|image_pad|><|image_pad|><|image_pad|><|image_pad|><|image_pad|><|image_pad|><|image_pad|><|image_pad|><|ima...","In the first image, the bottle is located on the counter, and its position is such that it is facing the camera. The second image shows the same bottle from a different perspective, where it appears to be slightly angled to the right from the viewer's perspective. The counter in the second image is no longer visible, suggesting that the bottle has been moved from its original position on the counter.","the bottle(red bbox) is observed  above relative to the counter(blue bbox).  The the bottle(red bbox) and the counter(blue bbox) are in front of the observer.
",403,159,0.0,0.008092289328256766,0.7161719799041748,0.3,0.4497044478177387,0.4497044478177387,sentence
755,obj_spatial_relation_oo_mv,"<|im_start|>system
You are a helpful assistant.<|im_end|>
<|im_start|>user
<|vision_start|><|image_pad|><|image_pad|><|image_pad|><|image_pad|><|image_pad|><|image_pad|><|image_pad|><|image_pad|><|ima...",It is impossible to determine the relative position of the blanket and the bed because there is no information provided about the position of the bed in the given images.,"In reference to the bed(blue bbox), the blanket(red bbox) is to the left and above. It also appears closer when observed. The the blanket(red bbox) and the bed(blue bbox) are in front of the observer.
",170,201,0.0,0.020804636623324005,0.6153604984283447,0.18000000000000002,0.36584117653883713,0.36584117653883713,sentence
756,obj_spatial_relation_oo_mv,"<|im_start|>system
You are a helpful assistant.<|im_end|>
<|im_start|>user
<|vision_start|><|image_pad|><|image_pad|><|image_pad|><|image_pad|><|image_pad|><|image_pad|><|image_pad|><|image_pad|><|ima...","The pillow (red bbox: [281, 0, 600, 257]) is located on the counter (blue bbox: [726, 192, 999, 377]) in the first image, while in the second image, the pillow is not present on the counter, but rather on a bed with a patterned bedsheet. Therefore, the pillow is not found on the counter in the second image.","Looking at the setup, the pillow(red bbox) is positioned to the right and below the counter(blue bbox). To the observer, it seems farther. The the pillow(red bbox) and the counter(blue bbox) are in front of the observer.
",308,221,0.0,0.005733037464834839,0.668279767036438,0.15,0.38028649101118595,0.38028649101118595,sentence
757,obj_spatial_relation_oo_mv,"<|im_start|>system
You are a helpful assistant.<|im_end|>
<|im_start|>user
<|vision_start|><|image_pad|><|image_pad|><|image_pad|><|image_pad|><|image_pad|><|image_pad|><|image_pad|><|image_pad|><|ima...","The books (red bbox: [674, 589, 861, 708]) in the first image are not present in the second image, and thus, it is not possible to compare their positions in the two images.","Examining the shelf(blue bbox), the books(red bbox) is to the left and . It might also appear closer. The the books(red bbox) and the shelf(blue bbox) are in front of the observer.
",173,181,0.0,0.010045308603361438,0.621775209903717,0.225,0.3803966666725308,0.3803966666725308,sentence
758,obj_spatial_relation_oo_mv,"<|im_start|>system
You are a helpful assistant.<|im_end|>
<|im_start|>user
<|vision_start|><|image_pad|><|image_pad|><|image_pad|><|image_pad|><|image_pad|><|image_pad|><|image_pad|><|image_pad|><|ima...","The pillow (blue bbox: [686, 347, 864, 520]) is positioned in front of the luggage (red bbox: [812, 592, 999, 999]) in the first image, as the pillow is closer to the camera and the luggage is further back. However, in the second image, the perspective of the pillow and luggage appears to have changed, with the pillow being closer to the camera than the luggage. This suggests that the observer's viewpoint has changed, and the pillow is now in front of the luggage.","The observer notes the luggage(red bbox) is to the right below the pillow(blue bbox).  The the luggage(red bbox) and the pillow(blue bbox) are in front of the observer.
",468,169,0.0,0.04169826129993664,0.8480846881866455,0.45,0.5673819963533101,0.5673819963533101,sentence
759,obj_spatial_relation_oo_mv,"<|im_start|>system
You are a helpful assistant.<|im_end|>
<|im_start|>user
<|vision_start|><|image_pad|><|image_pad|><|image_pad|><|image_pad|><|image_pad|><|image_pad|><|image_pad|><|image_pad|><|ima...","The luggage (red bbox: [812, 592, 999, 999]) is positioned to the right and slightly above the bookshelf (blue bbox: [0, 129, 697, 999]) from the perspective of the observer.","In the scene, the luggage(red bbox) is to the right  the bookshelf(blue bbox). It is also perceived as closer relative to the observer. The the luggage(red bbox) is in front of the observer. The the bookshelf(blue bbox) is  the observer.
",174,238,0.0,0.042315298363679026,0.8845205307006836,0.225,0.5182233250230776,0.5182233250230776,sentence
760,obj_spatial_relation_oo_mv,"<|im_start|>system
You are a helpful assistant.<|im_end|>
<|im_start|>user
<|vision_start|><|image_pad|><|image_pad|><|image_pad|><|image_pad|><|image_pad|><|image_pad|><|image_pad|><|image_pad|><|ima...",It is not possible to determine the relative positions of the cardboard box and the mattress between the two images as the images do not provide information about their spatial relationship.,"The arrangement shows the cardboard box(red bbox) as to the right  the mattress(blue bbox). It also seems closer from this view. The the cardboard box(red bbox) and the mattress(blue bbox) are in front of the observer.
",190,219,0.0,0.021881205427348477,0.603560745716095,0.225,0.3736566139435172,0.3736566139435172,sentence
761,obj_spatial_relation_oo_mv,"<|im_start|>system
You are a helpful assistant.<|im_end|>
<|im_start|>user
<|vision_start|><|image_pad|><|image_pad|><|image_pad|><|image_pad|><|image_pad|><|image_pad|><|image_pad|><|image_pad|><|ima...","The box (red bbox: [508, 81, 655, 184]) appears below the shelf (blue bbox: [0, 272, 557, 999]) in the first image, as the box is placed on the floor, while the shelf is mounted on the wall. In the second image, the box is still below the shelf, but it is slightly closer to the camera, indicating that the observer is moving closer to the shelf.","the box(red bbox) is spatially to the left and  with respect to the shelf(blue bbox). It seems farther to the observer. The the box(red bbox) and the shelf(blue bbox) are in front of the observer.
",346,197,0.0,0.01090348473196663,0.8315711617469788,0.225,0.4854662778198827,0.4854662778198827,sentence
762,obj_spatial_relation_oo_mv,"<|im_start|>system
You are a helpful assistant.<|im_end|>
<|im_start|>user
<|vision_start|><|image_pad|><|image_pad|><|image_pad|><|image_pad|><|image_pad|><|image_pad|><|image_pad|><|image_pad|><|ima...","The cardboard box located at the bottom left of the image (red bbox: [716, 598, 951, 869]) is positioned below and to the left of the box (blue bbox: [762, 256, 985, 524]) when considering the 3D space. The exact spatial relationship is influenced by the translation and rotation vectors provided, but visually, the cardboard box is clearly lower and to the left.","the cardboard box(red bbox) is noted to be  below the box(blue bbox).  The the cardboard box(red bbox) and the box(blue bbox) are in front of the observer.
",363,156,0.0,0.012851766330991745,0.7571475505828857,0.6,0.5611441285576412,0.5611441285576412,sentence
763,obj_spatial_relation_oo_mv,"<|im_start|>system
You are a helpful assistant.<|im_end|>
<|im_start|>user
<|vision_start|><|image_pad|><|image_pad|><|image_pad|><|image_pad|><|image_pad|><|image_pad|><|image_pad|><|image_pad|><|ima...","In the first image, the moving dolly (red bbox: [70, 0, 214, 440]) is located to the left of the vacuum cleaner (blue bbox: [472, 758, 999, 999]). The observer can judge this by the relative positions of the objects in the first image. The moving dolly is closer to the left edge of the image, while the vacuum cleaner is positioned towards the right edge. In the second image, the moving dolly and the vacuum cleaner are not visible, so their positions cannot be compared.","From this viewpoint, the moving dolly(red bbox) appears to the right,  the vacuum cleaner(blue bbox). Additionally, it seems farther. The the moving dolly(red bbox) and the vacuum cleaner(blue bbox) are behind the observer.
",473,224,0.0,0.020499437227905697,0.8973121643066406,0.45,0.5877559695989014,0.5877559695989014,sentence
764,obj_spatial_relation_oo_mv,"<|im_start|>system
You are a helpful assistant.<|im_end|>
<|im_start|>user
<|vision_start|><|image_pad|><|image_pad|><|image_pad|><|image_pad|><|image_pad|><|image_pad|><|image_pad|><|image_pad|><|ima...","The box (red bbox: [48, 0, 176, 184]) is located to the left and slightly in front of the box (blue bbox: [895, 286, 999, 573]) in the observer's perspective.","Placing the box(red bbox) spatially, it is  and below the box(blue bbox). This view also shows it as farther. The the box(red bbox) and the box(blue bbox) are in front of the observer.
",158,185,0.0,0.0861308493204971,0.8376384973526001,0.45,0.5710454185403995,0.5710454185403995,sentence
765,obj_spatial_relation_oo_mv,"<|im_start|>system
You are a helpful assistant.<|im_end|>
<|im_start|>user
<|vision_start|><|image_pad|><|image_pad|><|image_pad|><|image_pad|><|image_pad|><|image_pad|><|image_pad|><|image_pad|><|ima...","The broom (red bbox: [543, 625, 624, 999]) appears to be positioned in front of the cardboard box (blue bbox: [0, 260, 401, 602]) in the first image, as indicated by its relative position in the visual representation. The broom's shadow or reflection, if any, on the cardboard box is not discernible in the provided images, but based on the spatial arrangement, it suggests the broom is not directly aligned with the box but rather in a position where it could be casting a shadow if illuminated from a specific angle.","Observing the broom(red bbox) reveals it is to the right  the cardboard box(blue bbox). It is perceived as farther. The the broom(red bbox) and the cardboard box(blue bbox) are in front of the observer.
",518,203,0.0,0.04092879712328678,0.8035361766815186,0.45,0.5449538477654167,0.5449538477654167,sentence
766,obj_spatial_relation_oo_mv,"<|im_start|>system
You are a helpful assistant.<|im_end|>
<|im_start|>user
<|vision_start|><|image_pad|><|image_pad|><|image_pad|><|image_pad|><|image_pad|><|image_pad|><|image_pad|><|image_pad|><|ima...","The cardboard box (red bbox: [633, 890, 744, 999]) is located in front of the cardboard box (blue bbox: [134, 660, 303, 849]) in the first image, while in the second image, it is not visible, suggesting it is behind the second cardboard box.","the cardboard box(red bbox) appears to the observer as being to the left and above the cardboard box(blue bbox). It also seems farther. The the cardboard box(red bbox) and the cardboard box(blue bbox) are in front of the observer.
",241,231,0.0,0.07790345908226494,0.7961127758026123,0.36000000000000004,0.5216370797177591,0.5216370797177591,sentence
767,obj_spatial_relation_oo_mv,"<|im_start|>system
You are a helpful assistant.<|im_end|>
<|im_start|>user
<|vision_start|><|image_pad|><|image_pad|><|image_pad|><|image_pad|><|image_pad|><|image_pad|><|image_pad|><|image_pad|><|ima...","The box (red bbox: [859, 0, 999, 217]) is positioned to the right of the cardboard box (blue bbox: [745, 31, 905, 151]) from the observer's viewpoint.","The observer notes the box(red bbox) is to the right below the cardboard box(blue bbox). Additionally, it appears farther. The the box(red bbox) and the cardboard box(blue bbox) are in front of the observer.
",150,208,0.0,0.04172138037681883,0.9165061712265015,0.36000000000000004,0.5745973616886145,0.5745973616886145,sentence
768,obj_spatial_relation_oo_mv,"<|im_start|>system
You are a helpful assistant.<|im_end|>
<|im_start|>user
<|vision_start|><|image_pad|><|image_pad|><|image_pad|><|image_pad|><|image_pad|><|image_pad|><|image_pad|><|image_pad|><|ima...",The box is to the right of the travelling bag in the first image.,"In the scene, the box(red bbox) is to the left  the travelling bag(blue bbox). It is also perceived as closer relative to the observer. The the box(red bbox) and the travelling bag(blue bbox) are in front of the observer.
",65,222,0.0,0.019616247757378923,0.694847822189331,0.225,0.4188471606461413,0.4188471606461413,sentence
769,obj_spatial_relation_oo_mv,"<|im_start|>system
You are a helpful assistant.<|im_end|>
<|im_start|>user
<|vision_start|><|image_pad|><|image_pad|><|image_pad|><|image_pad|><|image_pad|><|image_pad|><|image_pad|><|image_pad|><|ima...","The box in the second image (blue bbox: [0, 113, 202, 999]) appears to the left of the box in the first image (red bbox: [579, 331, 827, 640]) in the 3D space. This is determined by the translation vectors provided, where the second image has a translation vector with negative x-coordinates, indicating a position to the left of the first image's box.","the box(red bbox) occupies a to the left and  spot relative to the box(blue bbox). It might also seem farther. The the box(red bbox) is in front of the observer. The the box(blue bbox) is  the observer.
",352,203,0.0,0.02586673789307505,0.6927685737609863,0.36000000000000004,0.45955763445910813,0.45955763445910813,sentence
770,obj_spatial_relation_oo_mv,"<|im_start|>system
You are a helpful assistant.<|im_end|>
<|im_start|>user
<|vision_start|><|image_pad|><|image_pad|><|image_pad|><|image_pad|><|image_pad|><|image_pad|><|image_pad|><|image_pad|><|ima...","The power strip (red bbox: [485, 388, 591, 427]) is not directly visible in the provided images, so it is not possible to determine its spatial orientation in relation to the shelf (blue bbox: [0, 0, 323, 203]) from the observer's perspective. The power strip is likely positioned on the desk near the shelf, but without seeing it, its exact position cannot be determined.","the power strip(red bbox) seems to occupy a position to the left and below in relation to the shelf(blue bbox). This makes it appear farther. The the power strip(red bbox) and the shelf(blue bbox) are in front of the observer.
",372,227,0.0,0.05691404903063441,0.7627782225608826,0.15,0.43777192108656815,0.43777192108656815,sentence
771,obj_spatial_relation_oo_mv,"<|im_start|>system
You are a helpful assistant.<|im_end|>
<|im_start|>user
<|vision_start|><|image_pad|><|image_pad|><|image_pad|><|image_pad|><|image_pad|><|image_pad|><|image_pad|><|image_pad|><|ima...","In the first image, the suitcase (red bbox: [68, 0, 346, 547]) is positioned to the left of the table (blue bbox: [554, 534, 999, 944]) and slightly below it, suggesting the observer is looking at a scene where the suitcase is placed on the floor to the left of a table. In the second image, the spatial positioning of the suitcase relative to the table cannot be directly inferred as the suitcase is not present in the second image.","the suitcase(red bbox) seems to occupy a position to the left and  in relation to the table(blue bbox). This makes it appear farther. The the suitcase(red bbox) and the table(blue bbox) are in front of the observer.
",433,216,0.0,0.020263730084367777,0.8774590492248535,0.36000000000000004,0.5507822706293003,0.5507822706293003,sentence
772,obj_spatial_relation_oo_mv,"<|im_start|>system
You are a helpful assistant.<|im_end|>
<|im_start|>user
<|vision_start|><|image_pad|><|image_pad|><|image_pad|><|image_pad|><|image_pad|><|image_pad|><|image_pad|><|image_pad|><|ima...","The box (red bbox: [337, 374, 377, 424]) is positioned to the left of the bed (blue bbox: [557, 529, 999, 999]) in the first image.","the box(red bbox) holds a position to the right and above the bed(blue bbox). From this vantage, it seems farther. The the box(red bbox) is in front of the observer. The the bed(blue bbox) is behind the observer.
",131,213,0.0,0.01628820700301192,0.7888760566711426,0.15,0.44269566973617364,0.44269566973617364,sentence
773,obj_spatial_relation_oo_mv,"<|im_start|>system
You are a helpful assistant.<|im_end|>
<|im_start|>user
<|vision_start|><|image_pad|><|image_pad|><|image_pad|><|image_pad|><|image_pad|><|image_pad|><|image_pad|><|image_pad|><|ima...",The mouse is to the left of the monitor.,"the mouse(red bbox) can be spotted to the right and below the monitor(blue bbox).  The the mouse(red bbox) and the monitor(blue bbox) are in front of the observer.
",40,164,0.0,0.00918355110366755,0.7718324065208435,0.0,0.5539327335445076,0.5539327335445076,sentence
774,obj_spatial_relation_oo_mv,"<|im_start|>system
You are a helpful assistant.<|im_end|>
<|im_start|>user
<|vision_start|><|image_pad|><|image_pad|><|image_pad|><|image_pad|><|image_pad|><|image_pad|><|image_pad|><|image_pad|><|ima...","The heater (red bbox: [732, 472, 999, 999]) appears to be located to the right of the shelf (blue bbox: [366, 80, 999, 176]) relative to the observer.","From this angle, the heater(red bbox) is seen to the right below in relation to the shelf(blue bbox).  The the heater(red bbox) and the shelf(blue bbox) are in front of the observer.
",150,183,0.0,0.04768724923627835,0.8283011317253113,0.225,0.49118801570991133,0.49118801570991133,sentence
775,obj_spatial_relation_oo_mv,"<|im_start|>system
You are a helpful assistant.<|im_end|>
<|im_start|>user
<|vision_start|><|image_pad|><|image_pad|><|image_pad|><|image_pad|><|image_pad|><|image_pad|><|image_pad|><|image_pad|><|ima...","In the first image, the shelf (red bbox: [0, 184, 320, 313]) is positioned to the left of the monitor (blue bbox: [126, 88, 604, 601]), while in the second image, the shelf is positioned to the right of the monitor. This change in position is due to the different camera poses and translations, which affect the relative positions of the objects in the scene.","When observing the monitor(blue bbox), the shelf(red bbox) appears  above.  The the shelf(red bbox) and the monitor(blue bbox) are in front of the observer.
",359,157,0.0,0.008626889493597658,0.8062254190444946,0.3,0.4948380874209668,0.4948380874209668,sentence
776,obj_spatial_relation_oo_mv,"<|im_start|>system
You are a helpful assistant.<|im_end|>
<|im_start|>user
<|vision_start|><|image_pad|><|image_pad|><|image_pad|><|image_pad|><|image_pad|><|image_pad|><|image_pad|><|image_pad|><|ima...","In the main view (Image 2), the laptop is on the desk, which is below the shelf. The shelf is to the left of the desk. In Image 3, the shelf is on the right side of the room, and the laptop is on the desk which is closer to the window, making the shelf and the laptop further apart compared to Image 2. The directional relationship between the laptop and the shelf in Image 2 is closer than in Image 3.","Looking at the setup, the laptop(red bbox) is positioned to the left and below the shelf(blue bbox). To the observer, it seems closer. The the laptop(red bbox) and the shelf(blue bbox) are in front of the observer.
",402,215,0.0,0.022521740569910624,0.7210838794708252,0.6,0.5450462878493947,0.5450462878493947,sentence
777,obj_spatial_relation_oo_mv,"<|im_start|>system
You are a helpful assistant.<|im_end|>
<|im_start|>user
<|vision_start|><|image_pad|><|image_pad|><|image_pad|><|image_pad|><|image_pad|><|image_pad|><|image_pad|><|image_pad|><|ima...","The paper appears to be located on the floor in front of the desk, which is in the background relative to the basket.","the paper(red bbox) exists to the left above relative to the basket(blue bbox). To the viewer, it seems farther. The the paper(red bbox) and the basket(blue bbox) are in front of the observer.
",117,193,0.0,0.10806805781640988,0.6823568344116211,0.36000000000000004,0.4707920287690925,0.4707920287690925,sentence
778,obj_spatial_relation_oo_mv,"<|im_start|>system
You are a helpful assistant.<|im_end|>
<|im_start|>user
<|vision_start|><|image_pad|><|image_pad|><|image_pad|><|image_pad|><|image_pad|><|image_pad|><|image_pad|><|image_pad|><|ima...","The plant pot is not present in the main focus image (Image 480), so there is no direct comparison between its position and the power strip's position in the two images. The power strip is visible on the desk in Image 480, but the plant pot is not, suggesting it is located outside the main focus image or not present at all.","the plant pot(red bbox) occupies a to the right and above spot relative to the power strip(blue bbox). It might also seem farther. The the plant pot(red bbox) and the power strip(blue bbox) are in front of the observer.
",325,220,0.0,0.02689015548188854,0.6927595734596252,0.18000000000000002,0.4057578178261903,0.4057578178261903,sentence
779,obj_spatial_relation_oo_mv,"<|im_start|>system
You are a helpful assistant.<|im_end|>
<|im_start|>user
<|vision_start|><|image_pad|><|image_pad|><|image_pad|><|image_pad|><|image_pad|><|image_pad|><|image_pad|><|image_pad|><|ima...",The shelf is positioned above the bottle.,"the shelf(red bbox) resides to the right and above when viewed in relation to the bottle(blue bbox). This gives it a farther appearance. The the shelf(red bbox) and the bottle(blue bbox) are in front of the observer.
",41,217,0.0,0.0005983405369856576,0.7101395726203918,0.15,0.400189454417593,0.400189454417593,sentence
780,obj_spatial_relation_oo_mv,"<|im_start|>system
You are a helpful assistant.<|im_end|>
<|im_start|>user
<|vision_start|><|image_pad|><|image_pad|><|image_pad|><|image_pad|><|image_pad|><|image_pad|><|image_pad|><|image_pad|><|ima...",The beverage crate is located to the left of the bottle based on the observer's viewpoint.,"the beverage crate(red bbox) is observed to be to the right and  the bottle(blue bbox).  The the beverage crate(red bbox) and the bottle(blue bbox) are in front of the observer.
",90,178,0.0,0.020182477701990147,0.8463001251220703,0.3,0.5171865581014331,0.5171865581014331,sentence
781,obj_spatial_relation_oo_mv,"<|im_start|>system
You are a helpful assistant.<|im_end|>
<|im_start|>user
<|vision_start|><|image_pad|><|image_pad|><|image_pad|><|image_pad|><|image_pad|><|image_pad|><|image_pad|><|image_pad|><|ima...","In the first image, the bottle is positioned on the floor to the right of the wardrobe. In the second image, the corresponding area of the room is not visible, as the image is a plucker ray visualization and does not contain the bottle or the wardrobe. Therefore, it is not possible to judge the position of the bottle relative to the wardrobe in the second image.","the bottle(red bbox) is noted to be to the left  the wardrobe(blue bbox).  The the bottle(red bbox) and the wardrobe(blue bbox) are in front of the observer.
",364,158,0.0,0.01090348473196663,0.6381571292877197,0.3,0.41125926159025317,0.41125926159025317,sentence
782,obj_spatial_relation_oo_mv,"<|im_start|>system
You are a helpful assistant.<|im_end|>
<|im_start|>user
<|vision_start|><|image_pad|><|image_pad|><|image_pad|><|image_pad|><|image_pad|><|image_pad|><|image_pad|><|image_pad|><|ima...","The book (red bbox: [395, 161, 482, 253]) is positioned on the desk, and the jacket (blue bbox: [110, 60, 536, 956]) is hanging on the back of a chair. There is no direct relationship between the book and the jacket in terms of their spatial arrangement within the image. The book is on the desk, while the jacket is on the chair.","the book(red bbox) appears to the observer as being to the right and above the jacket(blue bbox). It also seems farther. The the book(red bbox) and the jacket(blue bbox) are in front of the observer.
",330,200,0.0,0.009571763961486927,0.7124230265617371,0.18000000000000002,0.4121258660731659,0.4121258660731659,sentence
783,obj_spatial_relation_oo_mv,"<|im_start|>system
You are a helpful assistant.<|im_end|>
<|im_start|>user
<|vision_start|><|image_pad|><|image_pad|><|image_pad|><|image_pad|><|image_pad|><|image_pad|><|image_pad|><|image_pad|><|ima...","The shelf is in front of the bag. The 3D center point of the shelf is (46, 0, 617, 565) and the 3D center point of the bag is (442, 871, 999, 999). The y-coordinate of the bag is higher than the y-coordinate of the shelf, indicating that the bag is in front of the shelf.","the shelf(red bbox) exists to the right  relative to the bag(blue bbox). To the viewer, it seems farther. The the shelf(red bbox) and the bag(blue bbox) are in front of the observer.
",271,183,0.0,0.057446387286086247,0.6589791178703308,0.45,0.47597883639238264,0.47597883639238264,sentence
784,obj_spatial_relation_oo_mv,"<|im_start|>system
You are a helpful assistant.<|im_end|>
<|im_start|>user
<|vision_start|><|image_pad|><|image_pad|><|image_pad|><|image_pad|><|image_pad|><|image_pad|><|image_pad|><|image_pad|><|ima...","The desk aligns horizontally to the chair in the first image. In the subsequent images, the desk and chair are not present, so their alignment cannot be determined.","the desk(red bbox) is seen in a position to the right  the chair(blue bbox).  The the desk(red bbox) and the chair(blue bbox) are in front of the observer.
",164,156,0.0,0.02123934952630704,0.5894251465797424,0.3,0.38896044319513257,0.38896044319513257,sentence
785,obj_spatial_relation_oo_mv,"<|im_start|>system
You are a helpful assistant.<|im_end|>
<|im_start|>user
<|vision_start|><|image_pad|><|image_pad|><|image_pad|><|image_pad|><|image_pad|><|image_pad|><|image_pad|><|image_pad|><|ima...","In the first image, the beverage crate is positioned to the right of the heater. In the second image, the beverage crate is still to the right of the heater but appears to be closer to the camera. The relative spatial orientation suggests that the camera's viewpoint in the second image is closer to the beverage crate compared to the first image.","the beverage crate(red bbox) occupies a space to the right  the heater(blue bbox). It is noted to be closer. The the beverage crate(red bbox) and the heater(blue bbox) are in front of the observer.
",347,198,0.0,0.029099572686706973,0.7399058938026428,0.54,0.5377728614386629,0.5377728614386629,sentence
786,obj_spatial_relation_oo_mv,"<|im_start|>system
You are a helpful assistant.<|im_end|>
<|im_start|>user
<|vision_start|><|image_pad|><|image_pad|><|image_pad|><|image_pad|><|image_pad|><|image_pad|><|image_pad|><|image_pad|><|ima...","The heat pipe is located behind the bottle relative to the observer's view, with the heat pipe's 3D center point having a greater z-coordinate (closer to the observer) compared to the bottle's 3D center point.","From this angle, the heat pipe(red bbox) is seen to the left  in relation to the bottle(blue bbox). It may also be farther. The the heat pipe(red bbox) and the bottle(blue bbox) are in front of the observer.
",209,208,0.0,0.022327248595586085,0.7399715185165405,0.225,0.4419512089773875,0.4419512089773875,sentence
787,obj_spatial_relation_oo_mv,"<|im_start|>system
You are a helpful assistant.<|im_end|>
<|im_start|>user
<|vision_start|><|image_pad|><|image_pad|><|image_pad|><|image_pad|><|image_pad|><|image_pad|><|image_pad|><|image_pad|><|ima...",The bottle is to the left of the shoes.,"the bottle(red bbox) is to the left above with the shoes(blue bbox).  The the bottle(red bbox) and the shoes(blue bbox) are in front of the observer.
",39,150,0.0,0.055791435863097726,0.7497873902320862,0.225,0.45355198228866267,0.45355198228866267,sentence
788,obj_spatial_relation_oo_mv,"<|im_start|>system
You are a helpful assistant.<|im_end|>
<|im_start|>user
<|vision_start|><|image_pad|><|image_pad|><|image_pad|><|image_pad|><|image_pad|><|image_pad|><|image_pad|><|image_pad|><|ima...",The power socket is to the right of the beverage crate.,"the power socket(red bbox) can be spotted  and above the beverage crate(blue bbox). The observer may perceive it as farther. The the power socket(red bbox) is in front of the observer. The the beverage crate(blue bbox) is behind the observer.
",55,243,0.0,0.00513943465619245,0.7389407157897949,0.0,0.5292832068944799,0.5292832068944799,sentence
789,obj_spatial_relation_oo_mv,"<|im_start|>system
You are a helpful assistant.<|im_end|>
<|im_start|>user
<|vision_start|><|image_pad|><|image_pad|><|image_pad|><|image_pad|><|image_pad|><|image_pad|><|image_pad|><|image_pad|><|ima...","The pillow is located to the left of the power socket in the primary perspective (Image 0). In the second image (Image 5760), the pillow and the power socket are not visible, suggesting the pillow is further away from the camera than the power socket, making it harder to see in the second image.","To describe the scene, the pillow(red bbox) is to the right below the power socket(blue bbox). Additionally, it seems closer to the observer. The the pillow(red bbox) and the power socket(blue bbox) are in front of the observer.
",296,229,0.0,0.03344799688010315,0.740997314453125,0.18000000000000002,0.43118825660258314,0.43118825660258314,sentence
790,obj_spatial_relation_oo_mv,"<|im_start|>system
You are a helpful assistant.<|im_end|>
<|im_start|>user
<|vision_start|><|image_pad|><|image_pad|><|image_pad|><|image_pad|><|image_pad|><|image_pad|><|image_pad|><|image_pad|><|ima...","The pipe (red bbox: [474, 105, 496, 476]) is positioned to the right of the box (blue bbox: [0, 78, 54, 183]) in the primary perspective (Image 1).","the pipe(red bbox) exists to the left  relative to the box(blue bbox). To the viewer, it seems farther. The the pipe(red bbox) is in front of the observer. The the box(blue bbox) is behind the observer.
",147,203,0.0,0.017950934817785147,0.78303462266922,0.18000000000000002,0.449107498298167,0.449107498298167,sentence
791,obj_spatial_relation_oo_mv,"<|im_start|>system
You are a helpful assistant.<|im_end|>
<|im_start|>user
<|vision_start|><|image_pad|><|image_pad|><|image_pad|><|image_pad|><|image_pad|><|image_pad|><|image_pad|><|image_pad|><|ima...","The machine is located to the right of the pipe, and the distance between them is approximately 500 units.","the machine(red bbox) can be identified as to the left below the pipe(blue bbox). To the observer, it appears closer. The the machine(red bbox) and the pipe(blue bbox) are in front of the observer.
",106,198,0.0,0.017601189005022746,0.5745010375976562,0.18000000000000002,0.34477075659983264,0.34477075659983264,sentence
792,obj_spatial_relation_oo_mv,"<|im_start|>system
You are a helpful assistant.<|im_end|>
<|im_start|>user
<|vision_start|><|image_pad|><|image_pad|><|image_pad|><|image_pad|><|image_pad|><|image_pad|><|image_pad|><|image_pad|><|ima...",The clock is positioned above the steel beam in the first image.,"Relative to the steel beam(blue bbox), the clock(red bbox) is  and below. To the observer, it might seem farther. The the clock(red bbox) and the steel beam(blue bbox) are in front of the observer.
",64,198,0.0,0.007579266053336318,0.785698413848877,0.225,0.46186506013510575,0.46186506013510575,sentence
793,obj_spatial_relation_oo_mv,"<|im_start|>system
You are a helpful assistant.<|im_end|>
<|im_start|>user
<|vision_start|><|image_pad|><|image_pad|><|image_pad|><|image_pad|><|image_pad|><|image_pad|><|image_pad|><|image_pad|><|ima...","The pipe (red bbox: [123, 0, 171, 303]) is not present in the provided images, so we cannot determine its positional relationship to the electrical panel (blue bbox: [564, 0, 670, 31]) as seen by the observer.","the pipe(red bbox) exists to the right  relative to the electrical panel(blue bbox). To the viewer, it seems farther. The the pipe(red bbox) and the electrical panel(blue bbox) are in front of the observer.
",209,207,0.0,0.03507841920856979,0.8471914529800415,0.225,0.4981114103317347,0.4981114103317347,sentence
794,obj_spatial_relation_oo_mv,"<|im_start|>system
You are a helpful assistant.<|im_end|>
<|im_start|>user
<|vision_start|><|image_pad|><|image_pad|><|image_pad|><|image_pad|><|image_pad|><|image_pad|><|image_pad|><|image_pad|><|ima...","The box (red bbox: [602, 588, 715, 629]) in the first image (Image 2670) appears to be located in a different area than the box (blue bbox: [65, 196, 164, 299]) in the second image (Image 1080) based on the observer's viewpoint. The first image shows a machine room with white cabinets and a white air conditioning unit, while the second image shows a different machine room with a white cabinet and a white air conditioning unit, but the objects' positions are different. The first image's viewpoint is not directly mirrored by the second image's viewpoint, so we cannot compare the exact 3D positions of the boxes in the two images.","the box(red bbox) can be identified as to the left above the box(blue bbox). To the observer, it appears closer. The the box(red bbox) and the box(blue bbox) are in front of the observer.
",634,188,0.0,0.005683702469777155,0.7253820896148682,0.18000000000000002,0.41782778530138953,0.41782778530138953,sentence
795,obj_spatial_relation_oo_mv,"<|im_start|>system
You are a helpful assistant.<|im_end|>
<|im_start|>user
<|vision_start|><|image_pad|><|image_pad|><|image_pad|><|image_pad|><|image_pad|><|image_pad|><|image_pad|><|image_pad|><|ima...",The pipe is to the left of the clock.,"the pipe(red bbox) exists to the left  relative to the clock(blue bbox). To the viewer, it seems closer. The the pipe(red bbox) and the clock(blue bbox) are in front of the observer.
",37,183,0.0,0.012128553369933614,0.7698954343795776,0.225,0.45487342786377555,0.45487342786377555,sentence
796,obj_spatial_relation_oo_mv,"<|im_start|>system
You are a helpful assistant.<|im_end|>
<|im_start|>user
<|vision_start|><|image_pad|><|image_pad|><|image_pad|><|image_pad|><|image_pad|><|image_pad|><|image_pad|><|image_pad|><|ima...","The box (red bbox: [0, 57, 55, 135]) is not present in the images provided, hence it cannot be determined how it is spatially oriented in relation to the electrical panel (blue bbox: [831, 51, 910, 260]) from the observer's perspective.","The observer notes the box(red bbox) is to the left below the electrical panel(blue bbox). Additionally, it appears closer. The the box(red bbox) and the electrical panel(blue bbox) are in front of the observer.
",236,212,0.0,0.016496625424967437,0.7802612781524658,0.18000000000000002,0.4474299641612264,0.4474299641612264,sentence
797,obj_spatial_relation_oo_mv,"<|im_start|>system
You are a helpful assistant.<|im_end|>
<|im_start|>user
<|vision_start|><|image_pad|><|image_pad|><|image_pad|><|image_pad|><|image_pad|><|image_pad|><|image_pad|><|image_pad|><|ima...","The observer's perspective on the spatial arrangement of the pipes (red bbox: [389, 83, 472, 290]) with respect to the electrical control panels (blue bbox: [211, 38, 406, 290]) shows that the pipes are positioned closer to the right side of the electrical control panels in the first image. In the second image, the pipes appear to be in a similar relative position to the electrical control panels but might be slightly more to the right. The exact spatial relationship would require a more precise calculation of the 3D center points, but based on the camera poses and translation vectors provided, the pipes seem to be consistently closer to the right side of the electrical control panels in both images.","the pipes(red bbox) is seen to be to the right  the electrical control panels(blue bbox). It may also appear closer to the observer. The the pipes(red bbox) and the electrical control panels(blue bbox) are in front of the observer.
",709,232,0.0,0.02613653057027244,0.7977782487869263,0.675,0.6066164305075177,0.6066164305075177,sentence
798,obj_spatial_relation_oo_mv,"<|im_start|>system
You are a helpful assistant.<|im_end|>
<|im_start|>user
<|vision_start|><|image_pad|><|image_pad|><|image_pad|><|image_pad|><|image_pad|><|image_pad|><|image_pad|><|image_pad|><|ima...",The pipe (red) is positioned to the right of the pipe (blue) in the first image.,"In reference to the pipe(blue bbox), the pipe(red bbox) is to the right and . It also appears farther when observed. The the pipe(red bbox) and the pipe(blue bbox) are in front of the observer.
",80,194,0.0,0.02704242203949745,0.7739267945289612,0.45,0.5273718816723801,0.5273718816723801,sentence
799,obj_spatial_relation_oo_mv,"<|im_start|>system
You are a helpful assistant.<|im_end|>
<|im_start|>user
<|vision_start|><|image_pad|><|image_pad|><|image_pad|><|image_pad|><|image_pad|><|image_pad|><|image_pad|><|image_pad|><|ima...","In the first image, the standing poster is located to the left of the electrical panel, closer to the foreground. In the second image, the standing poster is located further to the left and in the background compared to the first image, while the electrical panel is to the right of the standing poster and in the foreground.","the standing poster(red bbox) exists to the right  relative to the electrical panel(blue bbox).  The the standing poster(red bbox) and the electrical panel(blue bbox) are in front of the observer.
",325,197,0.0,0.03399549237361798,0.7980344295501709,0.6,0.585816313249809,0.585816313249809,sentence
800,obj_spatial_relation_oo_mv,"<|im_start|>system
You are a helpful assistant.<|im_end|>
<|im_start|>user
<|vision_start|><|image_pad|><|image_pad|><|image_pad|><|image_pad|><|image_pad|><|image_pad|><|image_pad|><|image_pad|><|ima...","In the first image, the hairdryer (red bbox: [397, 114, 478, 153]) is spatially closer to the hygiene products (blue bbox: [9, 335, 37, 366]) compared to the second image. The first image has a camera pose with a translation vector of [0.735405, 1.669847, 1.351037], which indicates a slightly different position than the second image with a translation vector of [0.909674, 2.060774, 1.409219]. The relative position of the hairdryer and hygiene products can be further analyzed by considering the spatial coordinates of the bounding boxes and the translation vectors.","the hairdryer(red bbox) is seen in a position to the left below the hygiene products(blue bbox). It seems farther in this setup. The the hairdryer(red bbox) and the hygiene products(blue bbox) are in front of the observer.
",569,223,0.0,0.010222859636827902,0.7795240879058838,0.15,0.43680661588030745,0.43680661588030745,sentence
801,obj_spatial_relation_oo_mv,"<|im_start|>system
You are a helpful assistant.<|im_end|>
<|im_start|>user
<|vision_start|><|image_pad|><|image_pad|><|image_pad|><|image_pad|><|image_pad|><|image_pad|><|image_pad|><|image_pad|><|ima...","The chair (red bounding box) is located in front of the objects (blue bounding box) in the first image, as the chair is closer to the observer in the real-world scene compared to the objects, which are further back in the room.","To describe the scene, the chair(red bbox) is to the right above the objects(blue bbox). Additionally, it seems farther to the observer. The the chair(red bbox) and the objects(blue bbox) are in front of the observer.
",227,218,0.0,0.08644370615638991,0.8523123860359192,0.36000000000000004,0.5514449342492376,0.5514449342492376,sentence
802,obj_spatial_relation_oo_mv,"<|im_start|>system
You are a helpful assistant.<|im_end|>
<|im_start|>user
<|vision_start|><|image_pad|><|image_pad|><|image_pad|><|image_pad|><|image_pad|><|image_pad|><|image_pad|><|image_pad|><|ima...","The phone charger is located at coordinates (414, 0) and the kitchen rag is at (53, 948) in the first image. The 3D center points of the phone charger and the kitchen rag in the primary perspective of the first image are approximately (414, 0, 1) and (53, 948, 1) respectively, based on the camera intrinsic parameters and the camera poses. The phone charger is further away from the kitchen rag, as the x and y coordinates of the phone charger are much larger than those of the kitchen rag.","the phone charger(red bbox) is to the left above with the kitchen rag(blue bbox). From here, it appears farther. The the phone charger(red bbox) and the kitchen rag(blue bbox) are in front of the observer.
",491,206,0.0,0.020194887246389532,0.6880273818969727,0.36000000000000004,0.4560526683977642,0.4560526683977642,sentence
803,obj_spatial_relation_oo_mv,"<|im_start|>system
You are a helpful assistant.<|im_end|>
<|im_start|>user
<|vision_start|><|image_pad|><|image_pad|><|image_pad|><|image_pad|><|image_pad|><|image_pad|><|image_pad|><|image_pad|><|ima...","The router (red bbox: [553, 125, 601, 199]) is situated in front of the paper bag (blue bbox: [929, 433, 999, 617]) in the first image.","To the observer, the router(red bbox) seems to the left and above the paper bag(blue bbox).  The the router(red bbox) and the paper bag(blue bbox) are in front of the observer.
",135,177,0.0,0.09221800625170956,0.7618900537490845,0.54,0.5613886281248842,0.5613886281248842,sentence
804,obj_spatial_relation_oo_mv,"<|im_start|>system
You are a helpful assistant.<|im_end|>
<|im_start|>user
<|vision_start|><|image_pad|><|image_pad|><|image_pad|><|image_pad|><|image_pad|><|image_pad|><|image_pad|><|image_pad|><|ima...","The window is positioned to the right of the flowers, and the distance between them is relatively small.","the window(red bbox) is spatially to the right and  with respect to the flowers(blue bbox). It seems farther to the observer. The the window(red bbox) and the flowers(blue bbox) are in front of the observer.
",104,208,0.0,0.032540591836027165,0.7517815828323364,0.54,0.5443989097833737,0.5443989097833737,sentence
805,obj_spatial_relation_oo_mv,"<|im_start|>system
You are a helpful assistant.<|im_end|>
<|im_start|>user
<|vision_start|><|image_pad|><|image_pad|><|image_pad|><|image_pad|><|image_pad|><|image_pad|><|image_pad|><|image_pad|><|ima...","The trolley is positioned to the left of the electric kettle from the observer's point of view, as the trolley is located in the first image, and the electric kettle is located in the second image. The first image is the main focus, and the trolley is on the left side of the bed, while the electric kettle is on the right side of the bed in the second image.","Observing the trolley(red bbox) reveals it is to the right above the electric kettle(blue bbox). It is perceived as farther. The the trolley(red bbox) and the electric kettle(blue bbox) are in front of the observer.
",359,216,0.0,0.026092598487349974,0.7800407409667969,0.36000000000000004,0.5032388901808684,0.5032388901808684,sentence
806,obj_spatial_relation_oo_mv,"<|im_start|>system
You are a helpful assistant.<|im_end|>
<|im_start|>user
<|vision_start|><|image_pad|><|image_pad|><|image_pad|><|image_pad|><|image_pad|><|image_pad|><|image_pad|><|image_pad|><|ima...","The power socket and the bookshelf do not align with respect to each other as the bookshelf is in a different room and the images are from different perspectives. The power socket is located on the wall in the main view image, and the bookshelf is in a different room, which is not visible in the main view image. Therefore, it is not possible to calculate the alignment between them.","the power socket(red bbox) is seen to be to the right  the bookshelf(blue bbox). It may also appear farther to the observer. The the power socket(red bbox) and the bookshelf(blue bbox) are in front of the observer.
",384,215,0.0,0.012338428038250094,0.642613410949707,0.225,0.39127439108250356,0.39127439108250356,sentence
807,obj_spatial_relation_oo_mv,"<|im_start|>system
You are a helpful assistant.<|im_end|>
<|im_start|>user
<|vision_start|><|image_pad|><|image_pad|><|image_pad|><|image_pad|><|image_pad|><|image_pad|><|image_pad|><|image_pad|><|ima...",The mouse is located to the right and slightly below the phone charger.,"the mouse(red bbox) is to the right below with the phone charger(blue bbox). From here, it appears closer. The the mouse(red bbox) and the phone charger(blue bbox) are in front of the observer.
",71,194,0.0,0.02404729678669151,0.8061014413833618,0.36000000000000004,0.5158601800490192,0.5158601800490192,sentence
808,obj_spatial_relation_oo_mv,"<|im_start|>system
You are a helpful assistant.<|im_end|>
<|im_start|>user
<|vision_start|><|image_pad|><|image_pad|><|image_pad|><|image_pad|><|image_pad|><|image_pad|><|image_pad|><|image_pad|><|ima...","In the first image, the storage bin (red bounding box) is located on the floor to the left of the desk, while the phone charger (blue bounding box) is on the desk, closer to the center. In the second image, the phone charger (blue bounding box) is also on the desk, but it is closer to the right side compared to the first image. The storage bin is not visible in the second image. Therefore, the storage bin is positioned to the left of the desk and closer to the floor in the first image, whereas the phone charger is on the desk, closer to the right in the second image.","From this position, the storage bin(red bbox) looks to the left below the phone charger(blue bbox). It is also closer as seen. The the storage bin(red bbox) and the phone charger(blue bbox) are in front of the observer.
",573,220,0.0,0.01881163947634414,0.7946996688842773,0.54,0.5631121623374076,0.5631121623374076,sentence
809,obj_spatial_relation_oo_mv,"<|im_start|>system
You are a helpful assistant.<|im_end|>
<|im_start|>user
<|vision_start|><|image_pad|><|image_pad|><|image_pad|><|image_pad|><|image_pad|><|image_pad|><|image_pad|><|image_pad|><|ima...","The paper bag (blue bbox: [18, 152, 24, 242]) is located to the left of the red object (red bbox: [948, 605, 999, 639]) in the first image. However, in the second image, the red object is not present, and there is no paper bag in the scene.","the objects(red bbox) can be described as being to the right below in relation to the paper bag(blue bbox).  The the objects(red bbox) and the paper bag(blue bbox) are in front of the observer.
",240,194,0.0,0.017317490673177862,0.7475185394287109,0.225,0.44472276784899106,0.44472276784899106,sentence
810,obj_spatial_relation_oo_mv,"<|im_start|>system
You are a helpful assistant.<|im_end|>
<|im_start|>user
<|vision_start|><|image_pad|><|image_pad|><|image_pad|><|image_pad|><|image_pad|><|image_pad|><|image_pad|><|image_pad|><|ima...","The power socket is located on the wall, to the right of the desk. In the first image, the desk is at the bottom of the image, and the power socket is to the right of it. The camera's viewpoint in the first image is looking at the desk from above, so the power socket appears to be to the right of the desk.","Describing spatially, the power socket(red bbox) is to the left and above in relation to the desk(blue bbox). It also appears farther. The the power socket(red bbox) and the desk(blue bbox) are in front of the observer.
",307,220,0.0,0.02972187671140025,0.722777247428894,0.36000000000000004,0.47533299905672705,0.47533299905672705,sentence
811,obj_spatial_relation_oo_mv,"<|im_start|>system
You are a helpful assistant.<|im_end|>
<|im_start|>user
<|vision_start|><|image_pad|><|image_pad|><|image_pad|><|image_pad|><|image_pad|><|image_pad|><|image_pad|><|image_pad|><|ima...","To calculate the relative positions of the window frame and the power socket, we need to use the camera poses and translation vectors for the images where these objects are present. However, in this case, the window frame and power socket are not present in the same image, so we cannot directly compare their positions.","the window frame(red bbox) is seen to be to the left above the power socket(blue bbox). It may also appear farther to the observer. The the window frame(red bbox) is behind the observer. The the power socket(blue bbox) is in front of the observer.
",320,248,0.0,0.016454280515305727,0.641217827796936,0.15,0.3688997700015291,0.3688997700015291,sentence
812,obj_spatial_relation_oo_mv,"<|im_start|>system
You are a helpful assistant.<|im_end|>
<|im_start|>user
<|vision_start|><|image_pad|><|image_pad|><|image_pad|><|image_pad|><|image_pad|><|image_pad|><|image_pad|><|image_pad|><|ima...","The clothes hanger is positioned to the left of the storage cabinet, relative to the observer's perspective.","When observing the storage cabinet(blue bbox), the clothes hanger(red bbox) appears to the left . Additionally, it is perceived as farther. The the clothes hanger(red bbox) and the storage cabinet(blue bbox) are in front of the observer.
",108,238,0.0,0.029827081905916868,0.8026145696640015,0.45,0.5422727012131842,0.5422727012131842,sentence
813,obj_spatial_relation_oo_mv,"<|im_start|>system
You are a helpful assistant.<|im_end|>
<|im_start|>user
<|vision_start|><|image_pad|><|image_pad|><|image_pad|><|image_pad|><|image_pad|><|image_pad|><|image_pad|><|image_pad|><|ima...",The heater is to the left of the desk.,"Placing the heater(red bbox) spatially, it is to the left and  the desk(blue bbox). This view also shows it as farther. The the heater(red bbox) and the desk(blue bbox) are in front of the observer.
",38,199,0.0,0.020524522247468757,0.7364764213562012,0.225,0.43984311512759433,0.43984311512759433,sentence
814,obj_spatial_relation_oo_mv,"<|im_start|>system
You are a helpful assistant.<|im_end|>
<|im_start|>user
<|vision_start|><|image_pad|><|image_pad|><|image_pad|><|image_pad|><|image_pad|><|image_pad|><|image_pad|><|image_pad|><|ima...","The window (red bbox: [618, 10, 767, 510]) is located in the background of the first image, which is the main perspective representing the observer's viewpoint. Based on the camera poses, the file (blue bbox: [707, 491, 917, 583]) is closer to the foreground of the first image, meaning it is in front of the window when compared to the first image's viewpoint.","the window(red bbox) is noted to be to the left above the file(blue bbox). It might be perceived as closer from this view. The the window(red bbox) and the file(blue bbox) are in front of the observer.
",361,202,0.0,0.05382598430511784,0.8556299209594727,0.54,0.60058015734076,0.60058015734076,sentence
815,obj_spatial_relation_oo_mv,"<|im_start|>system
You are a helpful assistant.<|im_end|>
<|im_start|>user
<|vision_start|><|image_pad|><|image_pad|><|image_pad|><|image_pad|><|image_pad|><|image_pad|><|image_pad|><|image_pad|><|ima...","The window (red bbox: [552, 0, 998, 234]) is to the right of the beam (blue bbox: [526, 68, 706, 990]) in the first image.","In reference to the beam(blue bbox), the window(red bbox) is to the left and . It also appears closer when observed. The the window(red bbox) and the beam(blue bbox) are in front of the observer.
",122,196,0.0,0.03554344966090838,0.8521550893783569,0.225,0.5006862346213602,0.5006862346213602,sentence
816,obj_spatial_relation_oo_mv,"<|im_start|>system
You are a helpful assistant.<|im_end|>
<|im_start|>user
<|vision_start|><|image_pad|><|image_pad|><|image_pad|><|image_pad|><|image_pad|><|image_pad|><|image_pad|><|image_pad|><|ima...",The box is positioned below the electrical duct.,"the box(red bbox) occupies a space to the right below the electrical duct(blue bbox). It is noted to be farther. The the box(red bbox) and the electrical duct(blue bbox) are in front of the observer.
",48,200,0.0,0.005344767318003792,0.7143142223358154,0.15,0.40322606463150845,0.40322606463150845,sentence
817,obj_spatial_relation_oo_mv,"<|im_start|>system
You are a helpful assistant.<|im_end|>
<|im_start|>user
<|vision_start|><|image_pad|><|image_pad|><|image_pad|><|image_pad|><|image_pad|><|image_pad|><|image_pad|><|image_pad|><|ima...","The power socket and the window are not directly visible in the provided images. The first image shows a laboratory setting with a desk, cables, and a phone, while the second image shows a window with a curtain and a small plant. The power socket is likely located on the desk, which is not visible in the second image. Therefore, it is not possible to determine the alignment of the power socket relative to the window based on the given images.","the power socket(red bbox) is to the right below with the window(blue bbox). From here, it appears closer. The the power socket(red bbox) and the window(blue bbox) are in front of the observer.
",446,194,0.0,0.012078988185038445,0.6614024043083191,0.18000000000000002,0.3871169997911672,0.3871169997911672,sentence
818,obj_spatial_relation_oo_mv,"<|im_start|>system
You are a helpful assistant.<|im_end|>
<|im_start|>user
<|vision_start|><|image_pad|><|image_pad|><|image_pad|><|image_pad|><|image_pad|><|image_pad|><|image_pad|><|image_pad|><|ima...",The telephone is positioned to the right of the window sill when comparing the two images.,"the telephone(red bbox) is seen in a position to the left above the window sill(blue bbox). It seems closer in this setup. The the telephone(red bbox) and the window sill(blue bbox) are in front of the observer.
",90,212,0.0,0.013030786987953727,0.7518723011016846,0.18000000000000002,0.432542307948433,0.432542307948433,sentence
819,obj_spatial_relation_oo_mv,"<|im_start|>system
You are a helpful assistant.<|im_end|>
<|im_start|>user
<|vision_start|><|image_pad|><|image_pad|><|image_pad|><|image_pad|><|image_pad|><|image_pad|><|image_pad|><|image_pad|><|ima...",The window sill is positioned to the right of the power socket with respect to the observer's point of view.,"The observer notes the window sill(red bbox) is to the left above the power socket(blue bbox). Additionally, it appears closer. The the window sill(red bbox) and the power socket(blue bbox) are in front of the observer.
",108,220,0.0,0.018847935369598105,0.8620619177818298,0.18000000000000002,0.4888005459648345,0.4888005459648345,sentence
820,obj_spatial_relation_oo_mv,"<|im_start|>system
You are a helpful assistant.<|im_end|>
<|im_start|>user
<|vision_start|><|image_pad|><|image_pad|><|image_pad|><|image_pad|><|image_pad|><|image_pad|><|image_pad|><|image_pad|><|ima...","The computer tower (red bbox: [79, 197, 320, 553]) is to the left of the storage box (blue bbox: [12, 576, 220, 823]) in the first image, and this relationship is consistent in the visualizations.","the computer tower(red bbox), as observed, is located to the left  the storage box(blue bbox). It appears to be farther from this perspective. The the computer tower(red bbox) and the storage box(blue bbox) are in front of the observer.
",196,237,0.0,0.04333493355800545,0.857413649559021,0.45,0.5723738114911116,0.5723738114911116,sentence
821,obj_spatial_relation_oo_mv,"<|im_start|>system
You are a helpful assistant.<|im_end|>
<|im_start|>user
<|vision_start|><|image_pad|><|image_pad|><|image_pad|><|image_pad|><|image_pad|><|image_pad|><|image_pad|><|image_pad|><|ima...","The luggage is located at a higher position in the first image compared to the cap, which is on the ground. In the second image, the luggage is also higher than the cap.","the luggage(red bbox) seems to occupy a position to the left and above in relation to the cap(blue bbox). This makes it appear closer. The the luggage(red bbox) and the cap(blue bbox) are in front of the observer.
",169,214,0.0,0.016067799381290753,0.7065714001655579,0.36000000000000004,0.46449925995903707,0.46449925995903707,sentence
822,obj_spatial_relation_oo_mv,"<|im_start|>system
You are a helpful assistant.<|im_end|>
<|im_start|>user
<|vision_start|><|image_pad|><|image_pad|><|image_pad|><|image_pad|><|image_pad|><|image_pad|><|image_pad|><|image_pad|><|ima...","The toilet paper (red bbox: [751, 728, 849, 847]) is positioned to the right and below the dumbbell (blue bbox: [7, 241, 87, 326]) in the main image, with the dumbbell located more towards the left side of the frame.","From the observer's standpoint, the toilet paper(red bbox) sits to the right above the dumbbell(blue bbox).  The the toilet paper(red bbox) and the dumbbell(blue bbox) are in front of the observer.
",216,198,0.0,0.039239490178721324,0.8479914665222168,0.45,0.5668436312968527,0.5668436312968527,sentence
823,obj_spatial_relation_oo_mv,"<|im_start|>system
You are a helpful assistant.<|im_end|>
<|im_start|>user
<|vision_start|><|image_pad|><|image_pad|><|image_pad|><|image_pad|><|image_pad|><|image_pad|><|image_pad|><|image_pad|><|ima...",The cup is located to the right of the socket in the main image.,"To describe the scene, the cup(red bbox) is to the right above the socket(blue bbox). Additionally, it seems closer to the observer. The the cup(red bbox) is in front of the observer. The the socket(blue bbox) is behind the observer.
",64,234,0.0,0.01607432394074621,0.6902799606323242,0.45,0.48335484510431137,0.48335484510431137,sentence
824,obj_spatial_relation_oo_mv,"<|im_start|>system
You are a helpful assistant.<|im_end|>
<|im_start|>user
<|vision_start|><|image_pad|><|image_pad|><|image_pad|><|image_pad|><|image_pad|><|image_pad|><|image_pad|><|image_pad|><|ima...","The stand (red bbox: [198, 358, 275, 404]) is situated to the left of the computer tower (blue bbox: [59, 792, 278, 999]) in the first image, but it is not clear if this relationship holds in the second image due to the blurriness and lack of detail. The camera poses for the two images suggest a change in viewpoint, which could indicate a rotation or movement of the camera, but the relative position of the stand and the computer tower cannot be definitively determined from the information provided.","Relative to its surroundings, the stand(red bbox) is to the right above the computer tower(blue bbox). It is also closer from here. The the stand(red bbox) and the computer tower(blue bbox) are in front of the observer.
",503,220,0.0,0.021001659702496112,0.820295512676239,0.18000000000000002,0.46834808827861873,0.46834808827861873,sentence
825,obj_spatial_relation_oo_mv,"<|im_start|>system
You are a helpful assistant.<|im_end|>
<|im_start|>user
<|vision_start|><|image_pad|><|image_pad|><|image_pad|><|image_pad|><|image_pad|><|image_pad|><|image_pad|><|image_pad|><|ima...","The picture (red bbox: [0, 722, 71, 839]) and the helmet (blue bbox: [673, 703, 960, 975]) are not directly related in terms of spatial positioning as they are from different images and have different normalized ranges. However, based on the provided information, the picture is located in the lower left corner of the first image, while the helmet is on the right side of the second image. The relative positions are not the same in both images, and thus, there is no direct spatial relationship between the two objects in the context of the given images.","the picture(red bbox) lies spatially to the left  the helmet(blue bbox). It is also observed to be farther. The the picture(red bbox) is in front of the observer. The the helmet(blue bbox) is  the observer.
",556,207,0.0,0.006517022317178745,0.7970083951950073,0.45,0.5348076020609395,0.5348076020609395,sentence
826,obj_spatial_relation_oo_mv,"<|im_start|>system
You are a helpful assistant.<|im_end|>
<|im_start|>user
<|vision_start|><|image_pad|><|image_pad|><|image_pad|><|image_pad|><|image_pad|><|image_pad|><|image_pad|><|image_pad|><|ima...","It is not possible to determine the relative placement of the picture and the pen stand based on the provided information. The information provided is about camera intrinsic parameters and poses, which are not related to the objects in the image.","Observationally, the picture(red bbox) is to the right and above the pen stand(blue bbox). It appears farther in proximity. The the picture(red bbox) and the pen stand(blue bbox) are in front of the observer.
",246,209,0.0,0.04028301616067902,0.5794051885604858,0.18000000000000002,0.3517591975123787,0.3517591975123787,sentence
827,obj_spatial_relation_oo_mv,"<|im_start|>system
You are a helpful assistant.<|im_end|>
<|im_start|>user
<|vision_start|><|image_pad|><|image_pad|><|image_pad|><|image_pad|><|image_pad|><|image_pad|><|image_pad|><|image_pad|><|ima...","In the first image, the fan is positioned to the left of the pen stand, while in the second image, the fan is not visible, indicating that the fan is further away from the pen stand in the second image.","Examining the pen stand(blue bbox), the fan(red bbox) is to the right and below. It might also appear closer. The the fan(red bbox) and the pen stand(blue bbox) are in front of the observer.
",202,191,0.0,0.022065986906895832,0.7803394794464111,0.18000000000000002,0.44858293710458474,0.44858293710458474,sentence
828,obj_spatial_relation_oo_mv,"<|im_start|>system
You are a helpful assistant.<|im_end|>
<|im_start|>user
<|vision_start|><|image_pad|><|image_pad|><|image_pad|><|image_pad|><|image_pad|><|image_pad|><|image_pad|><|image_pad|><|ima...","The dumbbell (red bbox: [864, 490, 949, 631]) is located to the right of the dumbbell (blue bbox: [633, 937, 749, 999]) in the first image.","In reference to the dumbbell(blue bbox), the dumbbell(red bbox) is to the right and . It also appears farther when observed. The the dumbbell(red bbox) and the dumbbell(blue bbox) are in front of the observer.
",139,210,0.0,0.03705058991654031,0.8032858967781067,0.45,0.5440530663723614,0.5440530663723614,sentence
829,obj_spatial_relation_oo_mv,"<|im_start|>system
You are a helpful assistant.<|im_end|>
<|im_start|>user
<|vision_start|><|image_pad|><|image_pad|><|image_pad|><|image_pad|><|image_pad|><|image_pad|><|image_pad|><|image_pad|><|ima...","In the first image, the pens (red bbox: [790, 859, 839, 908]) appear on the desk, and the helmet (blue bbox: [673, 703, 960, 975]) is not present in the image. Therefore, it is not possible to compare the relative positions of the pens and the helmet in the two images.","Describing spatially, the pens(red bbox) is to the right and below in relation to the helmet(blue bbox). It also appears farther. The the pens(red bbox) is in front of the observer. The the helmet(blue bbox) is behind the observer.
",269,232,0.0,0.012975313384476253,0.7517657279968262,0.15,0.4234779266753083,0.4234779266753083,sentence
830,obj_spatial_relation_oo_mv,"<|im_start|>system
You are a helpful assistant.<|im_end|>
<|im_start|>user
<|vision_start|><|image_pad|><|image_pad|><|image_pad|><|image_pad|><|image_pad|><|image_pad|><|image_pad|><|image_pad|><|ima...",The chair is located to the left of the blanket in the first image.,"the chair(red bbox) is seen in a position to the right  the blanket(blue bbox). It seems closer in this setup. The the chair(red bbox) is in front of the observer. The the blanket(blue bbox) is behind the observer.
",67,215,0.0,0.009148793808073196,0.7193591594696045,0.15,0.40650933849641685,0.40650933849641685,sentence
831,obj_spatial_relation_oo_mv,"<|im_start|>system
You are a helpful assistant.<|im_end|>
<|im_start|>user
<|vision_start|><|image_pad|><|image_pad|><|image_pad|><|image_pad|><|image_pad|><|image_pad|><|image_pad|><|image_pad|><|ima...","The cable (red bbox: [441, 45, 457, 362]) is above the chair (blue bbox: [577, 794, 636, 907]) in the first image. In the second image, the chair (blue bbox: [577, 794, 636, 907]) is to the right of the cable (red bbox: [441, 45, 457, 362]). The chair is positioned at a higher Y-coordinate compared to the cable.","In this arrangement, the cable(red bbox) is positioned to the left above the chair(blue bbox). From the observer's perspective, it looks farther. The the cable(red bbox) and the chair(blue bbox) are in front of the observer.
",313,225,0.0,0.015309185684526511,0.870341420173645,0.36000000000000004,0.5462325472237278,0.5462325472237278,sentence
832,obj_spatial_relation_oo_mv,"<|im_start|>system
You are a helpful assistant.<|im_end|>
<|im_start|>user
<|vision_start|><|image_pad|><|image_pad|><|image_pad|><|image_pad|><|image_pad|><|image_pad|><|image_pad|><|image_pad|><|ima...",The kitchen cabinet is to the right of the electric kettle.,"Observing the kitchen cabinet(red bbox) reveals it is to the right above the electric kettle(blue bbox). It is perceived as farther. The the kitchen cabinet(red bbox) and the electric kettle(blue bbox) are in front of the observer.
",59,232,0.0,0.03214847774129036,0.6951153874397278,0.36000000000000004,0.46198738926812194,0.46198738926812194,sentence
833,obj_spatial_relation_oo_mv,"<|im_start|>system
You are a helpful assistant.<|im_end|>
<|im_start|>user
<|vision_start|><|image_pad|><|image_pad|><|image_pad|><|image_pad|><|image_pad|><|image_pad|><|image_pad|><|image_pad|><|ima...",The kitchen cabinet is located behind the cutting board in the first image.,"the kitchen cabinet(red bbox) seems to occupy a position  and below in relation to the cutting board(blue bbox). This makes it appear closer. The the kitchen cabinet(red bbox) is behind the observer. The the cutting board(blue bbox) is in front of the observer.
",75,262,0.0,0.006084227635428653,0.7038377523422241,0.3,0.44313572169819776,0.44313572169819776,sentence
834,obj_spatial_relation_oo_mv,"<|im_start|>system
You are a helpful assistant.<|im_end|>
<|im_start|>user
<|vision_start|><|image_pad|><|image_pad|><|image_pad|><|image_pad|><|image_pad|><|image_pad|><|image_pad|><|image_pad|><|ima...","The kitchen cabinet (red bbox: [526, 745, 764, 999]) is located to the right of the cutting board (blue bbox: [291, 513, 336, 565]). The cabinet appears to be higher and wider than the cutting board, situated above it and to its right. The spatial arrangement suggests that the cabinet is a storage unit for the kitchen, while the cutting board is a surface used for food preparation.","In relation to the cutting board(blue bbox), the kitchen cabinet(red bbox) is positioned to the left and above. It also seems closer from here. The the kitchen cabinet(red bbox) and the cutting board(blue bbox) are in front of the observer.
",384,241,0.0,0.01444090727956078,0.7974393963813782,0.36000000000000004,0.5096078796466013,0.5096078796466013,sentence
835,obj_spatial_relation_oo_mv,"<|im_start|>system
You are a helpful assistant.<|im_end|>
<|im_start|>user
<|vision_start|><|image_pad|><|image_pad|><|image_pad|><|image_pad|><|image_pad|><|image_pad|><|image_pad|><|image_pad|><|ima...",The cabinet is to the left of the chair.,"To describe it, the cabinet(red bbox) is to the right and  the chair(blue bbox). It seems closer from this viewpoint. The the cabinet(red bbox) and the chair(blue bbox) are in front of the observer.
",40,199,0.0,0.009711786326578542,0.6693317890167236,0.225,0.40410825177367754,0.40410825177367754,sentence
836,obj_spatial_relation_oo_mv,"<|im_start|>system
You are a helpful assistant.<|im_end|>
<|im_start|>user
<|vision_start|><|image_pad|><|image_pad|><|image_pad|><|image_pad|><|image_pad|><|image_pad|><|image_pad|><|image_pad|><|ima...","The chair (red bbox: [197, 710, 321, 999]) is positioned to the left of the kettle (blue bbox: [257, 523, 285, 540]) in the first image. The chair's 3D center point is approximately at [300, 500, 500] while the kettle's 3D center point is at [300, 450, 500]. The chair's position in the second image is not provided, so we cannot compare their relative positions directly.","Examining the kettle(blue bbox), the chair(red bbox) is to the left and below. It might also appear closer. The the chair(red bbox) and the kettle(blue bbox) are in front of the observer.
",372,188,0.0,0.021359012567909886,0.805073618888855,0.36000000000000004,0.5148086119580094,0.5148086119580094,sentence
837,obj_spatial_relation_oo_mv,"<|im_start|>system
You are a helpful assistant.<|im_end|>
<|im_start|>user
<|vision_start|><|image_pad|><|image_pad|><|image_pad|><|image_pad|><|image_pad|><|image_pad|><|image_pad|><|image_pad|><|ima...","The kitchen cabinet (red bounding box) is located to the left of the pot holder (blue bounding box) in the kitchen, as seen from the observer's viewpoint. The cabinet is closer to the foreground, while the pot holder is further back, near the stove area.","the kitchen cabinet(red bbox) is spatially to the left and above with respect to the pot holder(blue bbox). It seems farther to the observer. The the kitchen cabinet(red bbox) and the pot holder(blue bbox) are in front of the observer.
",254,236,0.0,0.04271112455807496,0.8117830753326416,0.36000000000000004,0.5224337625779357,0.5224337625779357,sentence
838,obj_spatial_relation_oo_mv,"<|im_start|>system
You are a helpful assistant.<|im_end|>
<|im_start|>user
<|vision_start|><|image_pad|><|image_pad|><|image_pad|><|image_pad|><|image_pad|><|image_pad|><|image_pad|><|image_pad|><|ima...","There is no object at the position of the red bounding box in the first image, and the blue bounding box is in a different room, so it's not possible to determine the position of the suitcase relative to the chair in the first image.","Describing spatially, the suitcase(red bbox) is to the left and  in relation to the chair(blue bbox). It also appears closer. The the suitcase(red bbox) and the chair(blue bbox) are in front of the observer.
",233,208,0.0,0.018512564665120742,0.7561060190200806,0.225,0.44925552244306444,0.44925552244306444,sentence
839,obj_spatial_relation_oo_mv,"<|im_start|>system
You are a helpful assistant.<|im_end|>
<|im_start|>user
<|vision_start|><|image_pad|><|image_pad|><|image_pad|><|image_pad|><|image_pad|><|image_pad|><|image_pad|><|image_pad|><|ima...","The knife (red bbox: [247, 501, 257, 542]) is positioned to the left of the foil dispenser (blue bbox: [788, 104, 844, 185]) in the first image. In the second image, the knife is not visible, and the foil dispenser is not present, making it impossible to compare their positions in the second image.","The observer notes the knife(red bbox) is to the left below the foil dispenser(blue bbox). Additionally, it appears closer. The the knife(red bbox) is behind the observer. The the foil dispenser(blue bbox) is in front of the observer.
",299,235,0.0,0.032998928639199246,0.8363008499145508,0.3,0.5147502106851152,0.5147502106851152,sentence
840,obj_spatial_relation_oo_mv,"<|im_start|>system
You are a helpful assistant.<|im_end|>
<|im_start|>user
<|vision_start|><|image_pad|><|image_pad|><|image_pad|><|image_pad|><|image_pad|><|image_pad|><|image_pad|><|image_pad|><|ima...","The toilet is positioned to the left of the mop in the first image, while in the second image, the toilet is positioned to the left of the sink. The mop in the second image is not present in the first image, so its spatial arrangement cannot be compared.","the toilet(red bbox) is observed to be to the left and  the mop(blue bbox). This also places it closer from the observer's perspective. The the toilet(red bbox) is in front of the observer. The the mop(blue bbox) is  the observer.
",254,231,0.0,0.03253834519099364,0.665294885635376,0.45,0.4741551118558867,0.4741551118558867,sentence
841,obj_spatial_relation_oo_mv,"<|im_start|>system
You are a helpful assistant.<|im_end|>
<|im_start|>user
<|vision_start|><|image_pad|><|image_pad|><|image_pad|><|image_pad|><|image_pad|><|image_pad|><|image_pad|><|image_pad|><|ima...","The trashbin (red bbox: [626, 0, 827, 282]) is positioned to the right of the soap dispenser (blue bbox: [0, 701, 26, 841]) in the first image. The distance between them cannot be calculated without additional information such as the camera poses and intrinsic parameters for the first image. However, in the second image, the trashbin is further away from the soap dispenser, which indicates that the relative position of the trashbin and the soap dispenser in the second image is different from the first image.","the trashbin(red bbox), as observed, is located  below the soap dispenser(blue bbox). It appears to be closer from this perspective. The the trashbin(red bbox) and the soap dispenser(blue bbox) are in front of the observer.
",513,224,0.0,0.01882462374926918,0.8083827495574951,0.225,0.4754562995286014,0.4754562995286014,sentence
842,obj_spatial_relation_oo_mv,"<|im_start|>system
You are a helpful assistant.<|im_end|>
<|im_start|>user
<|vision_start|><|image_pad|><|image_pad|><|image_pad|><|image_pad|><|image_pad|><|image_pad|><|image_pad|><|image_pad|><|ima...","The shower curtain is located behind the shelf, based on the relative positions in the images. The shower curtain is to the left of the shelf and is closer to the observer compared to the shelf.","From this position, the shower curtain(red bbox) looks to the left  the shelf(blue bbox). It is also closer as seen. The the shower curtain(red bbox) and the shelf(blue bbox) are in front of the observer.
",194,205,0.0,0.04877324444306589,0.7953453660011292,0.675,0.6099273318891778,0.6099273318891778,sentence
843,obj_spatial_relation_oo_mv,"<|im_start|>system
You are a helpful assistant.<|im_end|>
<|im_start|>user
<|vision_start|><|image_pad|><|image_pad|><|image_pad|><|image_pad|><|image_pad|><|image_pad|><|image_pad|><|image_pad|><|ima...","The shower (red bbox: [704, 601, 824, 999]) is to the left of the sink (blue bbox: [664, 751, 999, 999]) according to the observer's viewpoint.","the shower(red bbox) occupies a to the left and  spot relative to the sink(blue bbox).  The the shower(red bbox) and the sink(blue bbox) are in front of the observer.
",143,167,0.0,0.04869265823312538,0.8930532336235046,0.45,0.5912651484583774,0.5912651484583774,sentence
844,obj_spatial_relation_oo_mv,"<|im_start|>system
You are a helpful assistant.<|im_end|>
<|im_start|>user
<|vision_start|><|image_pad|><|image_pad|><|image_pad|><|image_pad|><|image_pad|><|image_pad|><|image_pad|><|image_pad|><|ima...","The shower is to the right of the toilet. The 3D center points of the shower and the toilet can be calculated using the camera intrinsic parameters and the camera poses provided. Based on the camera poses, the shower is located at a point further to the right and slightly higher than the toilet.","From this position, the shower(red bbox) looks to the left  the toilet(blue bbox). It is also farther as seen. The the shower(red bbox) and the toilet(blue bbox) are in front of the observer.
",296,192,0.0,0.014440016772524843,0.6934486031532288,0.225,0.41711230493111934,0.41711230493111934,sentence
845,obj_spatial_relation_oo_mv,"<|im_start|>system
You are a helpful assistant.<|im_end|>
<|im_start|>user
<|vision_start|><|image_pad|><|image_pad|><|image_pad|><|image_pad|><|image_pad|><|image_pad|><|image_pad|><|image_pad|><|ima...","In the first image, the trashbin is located to the right of the shower, closer to the sink. In the second image, the position of the shower and the trashbin appears to be unchanged, as the objects remain in the same location relative to the walls and other fixtures.","Relative to its surroundings, the trashbin(red bbox) is to the right below the shower(blue bbox).  The the trashbin(red bbox) and the shower(blue bbox) are in front of the observer.
",266,182,0.0,0.03484913991633375,0.7831155061721802,0.45,0.5335275810693568,0.5335275810693568,sentence
846,obj_spatial_relation_oo_mv,"<|im_start|>system
You are a helpful assistant.<|im_end|>
<|im_start|>user
<|vision_start|><|image_pad|><|image_pad|><|image_pad|><|image_pad|><|image_pad|><|image_pad|><|image_pad|><|image_pad|><|ima...","The soap dispenser is located to the left of the shower curtain in the first image, while in the second image, the soap dispenser is positioned higher and to the right of the shower curtain. This indicates a change in the spatial position of the soap dispenser relative to the shower curtain between the two images.","In the scene, the soap dispenser(red bbox) is to the right  the shower curtain(blue bbox). It is also perceived as farther relative to the observer. The the soap dispenser(red bbox) and the shower curtain(blue bbox) are in front of the observer.
",315,246,0.0,0.047795209704257345,0.7965145111083984,0.45,0.5428162974950507,0.5428162974950507,sentence
847,obj_spatial_relation_oo_mv,"<|im_start|>system
You are a helpful assistant.<|im_end|>
<|im_start|>user
<|vision_start|><|image_pad|><|image_pad|><|image_pad|><|image_pad|><|image_pad|><|image_pad|><|image_pad|><|image_pad|><|ima...",The window is to the left of the shower curtain.,"Describing spatially, the window(red bbox) is to the left and  in relation to the shower curtain(blue bbox). It also appears farther. The the window(red bbox) and the shower curtain(blue bbox) are in front of the observer.
",48,223,0.0,0.02636326588338591,0.6883171200752258,0.45,0.4844312132142901,0.4844312132142901,sentence
848,obj_spatial_relation_oo_mv,"<|im_start|>system
You are a helpful assistant.<|im_end|>
<|im_start|>user
<|vision_start|><|image_pad|><|image_pad|><|image_pad|><|image_pad|><|image_pad|><|image_pad|><|image_pad|><|image_pad|><|ima...","In the first image, the toilet brush is not visible, while in the second image, the toilet brush is positioned on the floor near the toilet, which is to the right of the bathtub. Therefore, the toilet brush is positioned to the right of the bathtub in the second image.","Describing spatially, the toilet brush(red bbox) is to the right and  in relation to the bathtub(blue bbox). It also appears farther. The the toilet brush(red bbox) and the bathtub(blue bbox) are in front of the observer.
",269,222,0.0,0.0797876565691229,0.7199669480323792,0.45,0.5109410053300142,0.5109410053300142,sentence
849,obj_spatial_relation_oo_mv,"<|im_start|>system
You are a helpful assistant.<|im_end|>
<|im_start|>user
<|vision_start|><|image_pad|><|image_pad|><|image_pad|><|image_pad|><|image_pad|><|image_pad|><|image_pad|><|image_pad|><|ima...","In the first image, the shelf (red bbox: [751, 381, 999, 463]) is positioned above the window (blue bbox: [318, 813, 668, 999]), from the observer's viewpoint.","the shelf(red bbox) is noted to be to the right below the window(blue bbox). It might be perceived as closer from this view. The the shelf(red bbox) and the window(blue bbox) are in front of the observer.
",159,205,0.0,0.007839757175105409,0.9010763168334961,0.18000000000000002,0.5061061098517692,0.5061061098517692,sentence
850,obj_spatial_relation_oo_mv,"<|im_start|>system
You are a helpful assistant.<|im_end|>
<|im_start|>user
<|vision_start|><|image_pad|><|image_pad|><|image_pad|><|image_pad|><|image_pad|><|image_pad|><|image_pad|><|image_pad|><|ima...","The wooden crate is positioned below the pipe in the first image. When comparing the positions in the first and second images, the pipe appears to be oriented horizontally, while the wooden crate is on the floor. The camera poses and intrinsic parameters do not provide enough information to accurately determine the 3D orientation and relative positions of the objects. The wooden crate is not directly related to the pipe in terms of relative orientation or distance, as the pipe is an external object not part of the wooden crate's structure.","the wooden crate(red bbox) can be described as being to the right below in relation to the pipe(blue bbox). To the observer, it is farther. The the wooden crate(red bbox) and the pipe(blue bbox) are in front of the observer.
",545,225,0.0,0.010697460126456101,0.6708145141601562,0.36000000000000004,0.44554674910536934,0.44554674910536934,sentence
851,obj_spatial_relation_oo_mv,"<|im_start|>system
You are a helpful assistant.<|im_end|>
<|im_start|>user
<|vision_start|><|image_pad|><|image_pad|><|image_pad|><|image_pad|><|image_pad|><|image_pad|><|image_pad|><|image_pad|><|ima...",The toolbox is located to the left of the luggage trolley in the primary view.,"the toolbox(red bbox) exists to the left  relative to the luggage trolley(blue bbox). To the viewer, it seems closer. The the toolbox(red bbox) and the luggage trolley(blue bbox) are in front of the observer.
",78,209,0.0,0.028849169023351082,0.8123528957366943,0.45,0.5469462816730174,0.5469462816730174,sentence
852,obj_spatial_relation_oo_mv,"<|im_start|>system
You are a helpful assistant.<|im_end|>
<|im_start|>user
<|vision_start|><|image_pad|><|image_pad|><|image_pad|><|image_pad|><|image_pad|><|image_pad|><|image_pad|><|image_pad|><|ima...","In the main view (Image 1), the table (red bounding box) is located to the left and slightly in front of the storage cabinet (blue bounding box). The table appears to be placed against a wall, while the storage cabinet is more centrally located in the room, with a few items stored on top of it.","From this angle, the table(red bbox) is seen to the left  in relation to the storage cabinet(blue bbox). It may also be closer. The the table(red bbox) and the storage cabinet(blue bbox) are in front of the observer.
",295,217,0.0,0.08202346986549305,0.7433124780654907,0.675,0.590560933005844,0.590560933005844,sentence
853,obj_spatial_relation_oo_mv,"<|im_start|>system
You are a helpful assistant.<|im_end|>
<|im_start|>user
<|vision_start|><|image_pad|><|image_pad|><|image_pad|><|image_pad|><|image_pad|><|image_pad|><|image_pad|><|image_pad|><|ima...","It is not possible to determine the relative position of the pipe and the vent between the two images, as the provided camera intrinsic parameters and camera poses are not sufficient to calculate the 3D center points of these objects. Additionally, the bounding boxes provided are normalized to the 0–1000 range and do not give enough information to calculate the 3D coordinates.","the pipe(red bbox) is seen to be to the left above the vent(blue bbox). It may also appear farther to the observer. The the pipe(red bbox) is behind the observer. The the vent(blue bbox) is in front of the observer.
",379,216,0.0,0.012234863178833396,0.5838443040847778,0.15,0.33936912467815555,0.33936912467815555,sentence
854,obj_spatial_relation_oo_mv,"<|im_start|>system
You are a helpful assistant.<|im_end|>
<|im_start|>user
<|vision_start|><|image_pad|><|image_pad|><|image_pad|><|image_pad|><|image_pad|><|image_pad|><|image_pad|><|image_pad|><|ima...",The power socket is to the left of the control panel.,"From this viewpoint, the power socket(red bbox) appears to the left,  the control panel(blue bbox). Additionally, it seems farther. The the power socket(red bbox) and the control panel(blue bbox) are in front of the observer.
",53,226,0.0,0.00870074850492526,0.7749900817871094,0.225,0.45673519059453976,0.45673519059453976,sentence
855,obj_spatial_relation_oo_mv,"<|im_start|>system
You are a helpful assistant.<|im_end|>
<|im_start|>user
<|vision_start|><|image_pad|><|image_pad|><|image_pad|><|image_pad|><|image_pad|><|image_pad|><|image_pad|><|image_pad|><|ima...","The binder and the duct do not appear in the same image, so it is not possible to compare their positions.","the binder(red bbox) can be identified as to the left below the duct(blue bbox). To the observer, it appears farther. The the binder(red bbox) and the duct(blue bbox) are in front of the observer.
",106,197,0.0,0.014226782626577712,0.6463577747344971,0.18000000000000002,0.38002424389256406,0.38002424389256406,sentence
856,obj_spatial_relation_oo_mv,"<|im_start|>system
You are a helpful assistant.<|im_end|>
<|im_start|>user
<|vision_start|><|image_pad|><|image_pad|><|image_pad|><|image_pad|><|image_pad|><|image_pad|><|image_pad|><|image_pad|><|ima...","The table (red bbox: [292, 954, 521, 999]) is located to the left of the box (blue bbox: [874, 411, 999, 549]) in the first image, but the relative positions cannot be determined from the provided information as the images are not in the same scale and the bounding boxes are normalized to the 0–1000 range, not to real-world dimensions.","the table(red bbox) seems to occupy a position to the left and  in relation to the box(blue bbox).  The the table(red bbox) and the box(blue bbox) are in front of the observer.
",337,177,0.0,0.02875384775586596,0.613982081413269,0.45,0.44774181025780774,0.44774181025780774,sentence
857,obj_spatial_relation_oo_mv,"<|im_start|>system
You are a helpful assistant.<|im_end|>
<|im_start|>user
<|vision_start|><|image_pad|><|image_pad|><|image_pad|><|image_pad|><|image_pad|><|image_pad|><|image_pad|><|image_pad|><|ima...",The sofa is to the right of the structure.,"Relative to its surroundings, the sofa(red bbox) is to the right below the structure(blue bbox). It is also farther from here. The the sofa(red bbox) and the structure(blue bbox) are in front of the observer.
",42,209,0.0,0.020524522247468757,0.7358518838882446,0.18000000000000002,0.42603084639361605,0.42603084639361605,sentence
858,obj_spatial_relation_oo_mv,"<|im_start|>system
You are a helpful assistant.<|im_end|>
<|im_start|>user
<|vision_start|><|image_pad|><|image_pad|><|image_pad|><|image_pad|><|image_pad|><|image_pad|><|image_pad|><|image_pad|><|ima...","The storage cabinet (red bounding box) is positioned to the left of the boxes (blue bounding box) from the observer's point of view. The cabinet is closer to the camera than the boxes, indicating that it is in front of the boxes.","the storage cabinet(red bbox), as observed, is located to the left  the boxes(blue bbox). It appears to be farther from this perspective. The the storage cabinet(red bbox) and the boxes(blue bbox) are in front of the observer.
",229,227,0.0,0.1033096571457818,0.8227676749229431,0.675,0.634545768890628,0.634545768890628,sentence
859,obj_spatial_relation_oo_mv,"<|im_start|>system
You are a helpful assistant.<|im_end|>
<|im_start|>user
<|vision_start|><|image_pad|><|image_pad|><|image_pad|><|image_pad|><|image_pad|><|image_pad|><|image_pad|><|image_pad|><|ima...","The duct (red bbox: [653, 0, 697, 403]) is to the left of the box (blue bbox: [711, 770, 795, 833]) as seen by the observer.","Placing the duct(red bbox) spatially, it is  and above the box(blue bbox).  The the duct(red bbox) and the box(blue bbox) are in front of the observer.
",124,152,0.0,0.02499302941518757,0.8286856412887573,0.0,0.5990591807534517,0.5990591807534517,sentence
860,obj_spatial_relation_oo_mv,"<|im_start|>system
You are a helpful assistant.<|im_end|>
<|im_start|>user
<|vision_start|><|image_pad|><|image_pad|><|image_pad|><|image_pad|><|image_pad|><|image_pad|><|image_pad|><|image_pad|><|ima...","The window is to the right of the poster in the first image. In the second image, the window is also to the right of the poster, but the window is closer to the left edge of the frame.","the window(red bbox) holds a position to the left and below the poster(blue bbox).  The the window(red bbox) and the poster(blue bbox) are in front of the observer.
",184,165,0.0,0.03595757358225364,0.7984360456466675,0.45,0.5414095375397845,0.5414095375397845,sentence
861,obj_spatial_relation_oo_mv,"<|im_start|>system
You are a helpful assistant.<|im_end|>
<|im_start|>user
<|vision_start|><|image_pad|><|image_pad|><|image_pad|><|image_pad|><|image_pad|><|image_pad|><|image_pad|><|image_pad|><|ima...",The window is located above the trivet.,"To the observer, the window(red bbox) seems to the right and  the trivet(blue bbox). It is perceived as closer. The the window(red bbox) and the trivet(blue bbox) are in front of the observer.
",39,193,0.0,0.0010595384027315424,0.6270599365234375,0.225,0.38124187594226505,0.38124187594226505,sentence
862,obj_spatial_relation_oo_mv,"<|im_start|>system
You are a helpful assistant.<|im_end|>
<|im_start|>user
<|vision_start|><|image_pad|><|image_pad|><|image_pad|><|image_pad|><|image_pad|><|image_pad|><|image_pad|><|image_pad|><|ima...",The bottle is located to the left of the books in the first image.,"In the scene, the bottle(red bbox) is to the left above the books(blue bbox). It is also perceived as farther relative to the observer. The the bottle(red bbox) and the books(blue bbox) are in front of the observer.
",66,216,0.0,0.01992551106227871,0.678801417350769,0.36000000000000004,0.45138581088784024,0.45138581088784024,sentence
863,obj_spatial_relation_oo_mv,"<|im_start|>system
You are a helpful assistant.<|im_end|>
<|im_start|>user
<|vision_start|><|image_pad|><|image_pad|><|image_pad|><|image_pad|><|image_pad|><|image_pad|><|image_pad|><|image_pad|><|ima...","The mop (red bbox: [860, 308, 988, 999]) is located to the right of the kettle (blue bbox: [457, 337, 484, 399]) in the first image, as the mop's bounding box is on the right side of the kettle's bounding box. In the second image, the relative position of the mop and kettle remains the same, as the bounding boxes maintain the same relative position to each other.","From this angle, the mop(red bbox) is seen to the right  in relation to the kettle(blue bbox). It may also be closer. The the mop(red bbox) and the kettle(blue bbox) are in front of the observer.
",365,196,0.0,0.021904980784680884,0.8044847249984741,0.45,0.5416233586561733,0.5416233586561733,sentence
864,obj_spatial_relation_oo_mv,"<|im_start|>system
You are a helpful assistant.<|im_end|>
<|im_start|>user
<|vision_start|><|image_pad|><|image_pad|><|image_pad|><|image_pad|><|image_pad|><|image_pad|><|image_pad|><|image_pad|><|ima...",The dish sponge is positioned to the left of the bottle.,"To the observer, the dish sponge(red bbox) seems to the right and below the bottle(blue bbox). It is perceived as closer. The the dish sponge(red bbox) and the bottle(blue bbox) are in front of the observer.
",56,208,0.0,0.0073933389133241535,0.7071751952171326,0.0,0.507237521987473,0.507237521987473,sentence
865,obj_spatial_relation_oo_mv,"<|im_start|>system
You are a helpful assistant.<|im_end|>
<|im_start|>user
<|vision_start|><|image_pad|><|image_pad|><|image_pad|><|image_pad|><|image_pad|><|image_pad|><|image_pad|><|image_pad|><|ima...","The window sill is located in front of the bowl, closer to the observer in the primary perspective (Image 1590) compared to the mirrored perspective (Image 6270).","the window sill(red bbox) is seen to be to the right above the bowl(blue bbox). It may also appear closer to the observer. The the window sill(red bbox) is in front of the observer. The the bowl(blue bbox) is behind the observer.
",162,230,0.0,0.09154694560346868,0.8291174173355103,0.45,0.5678680977884488,0.5678680977884488,sentence
866,obj_spatial_relation_oo_mv,"<|im_start|>system
You are a helpful assistant.<|im_end|>
<|im_start|>user
<|vision_start|><|image_pad|><|image_pad|><|image_pad|><|image_pad|><|image_pad|><|image_pad|><|image_pad|><|image_pad|><|ima...",The plate is on the right side of the kitchen counter in the first image.,"Examining the kitchen counter(blue bbox), the plate(red bbox) is to the left and below. It might also appear closer. The the plate(red bbox) and the kitchen counter(blue bbox) are in front of the observer.
",73,206,0.0,0.013246089302499797,0.7351257801055908,0.18000000000000002,0.4242121079132954,0.4242121079132954,sentence
867,obj_spatial_relation_oo_mv,"<|im_start|>system
You are a helpful assistant.<|im_end|>
<|im_start|>user
<|vision_start|><|image_pad|><|image_pad|><|image_pad|><|image_pad|><|image_pad|><|image_pad|><|image_pad|><|image_pad|><|ima...",It's impossible to determine the position of the bottle relative to the cooking pot using the given information.,"Looking closer, the bottle(red bbox) is to the left above in relation to the cooking pot(blue bbox). It might also be closer. The the bottle(red bbox) is in front of the observer. The the cooking pot(blue bbox) is behind the observer.
",112,235,0.0,0.021068703210972418,0.5894440412521362,0.15,0.3439357612682626,0.3439357612682626,sentence
868,obj_spatial_relation_oo_mv,"<|im_start|>system
You are a helpful assistant.<|im_end|>
<|im_start|>user
<|vision_start|><|image_pad|><|image_pad|><|image_pad|><|image_pad|><|image_pad|><|image_pad|><|image_pad|><|image_pad|><|ima...","The bowl is to the left of the light switch in the first image. In the two plucker ray visualizations, the positions of the bowl and the light switch do not have a consistent relationship because they are not visualized in the same way.","In relation to the light switch(blue bbox), the bowl(red bbox) is positioned  and below. It also seems farther from here. The the bowl(red bbox) and the light switch(blue bbox) are in front of the observer.
",236,207,0.0,0.03895172954113247,0.6617331504821777,0.225,0.40615692114931534,0.40615692114931534,sentence
869,obj_spatial_relation_oo_mv,"<|im_start|>system
You are a helpful assistant.<|im_end|>
<|im_start|>user
<|vision_start|><|image_pad|><|image_pad|><|image_pad|><|image_pad|><|image_pad|><|image_pad|><|image_pad|><|image_pad|><|ima...",The kitchen counter is to the left of the frying pan.,"the kitchen counter(red bbox) exists to the left  relative to the frying pan(blue bbox). To the viewer, it seems farther. The the kitchen counter(red bbox) and the frying pan(blue bbox) are in front of the observer.
",53,216,0.0,0.01544545793500939,0.7466796636581421,0.45,0.5114289234160729,0.5114289234160729,sentence
870,obj_spatial_relation_oo_mv,"<|im_start|>system
You are a helpful assistant.<|im_end|>
<|im_start|>user
<|vision_start|><|image_pad|><|image_pad|><|image_pad|><|image_pad|><|image_pad|><|image_pad|><|image_pad|><|image_pad|><|ima...","The picture (red bbox: [0, 50, 17, 138]) is positioned above the shoes (blue bbox: [842, 380, 892, 435]) in the first image. There is no direct spatial positioning information available from the subsequent images to determine the exact relationship in the second image.","Placing the picture(red bbox) spatially, it is to the left and above the shoes(blue bbox). This view also shows it as closer. The the picture(red bbox) and the shoes(blue bbox) are in front of the observer.
",269,207,0.0,0.01323614238074055,0.7875045537948608,0.36000000000000004,0.5043995053735785,0.5043995053735785,sentence
871,obj_spatial_relation_oo_mv,"<|im_start|>system
You are a helpful assistant.<|im_end|>
<|im_start|>user
<|vision_start|><|image_pad|><|image_pad|><|image_pad|><|image_pad|><|image_pad|><|image_pad|><|image_pad|><|image_pad|><|ima...",The book is located to the left of the picture in the first image.,"the picture(red bbox) lies to the left and above relative to the book(blue bbox). It seems farther when viewed. The the picture(red bbox) is in front of the observer. The the book(blue bbox) is behind the observer.
",66,215,0.0,0.019915711183883664,0.6220130324363708,0.3,0.40498965845496215,0.40498965845496215,sentence
872,obj_spatial_relation_oo_mv,"<|im_start|>system
You are a helpful assistant.<|im_end|>
<|im_start|>user
<|vision_start|><|image_pad|><|image_pad|><|image_pad|><|image_pad|><|image_pad|><|image_pad|><|image_pad|><|image_pad|><|ima...",The picture is located to the right of the backpack.,"In relation to the backpack(blue bbox), the picture(red bbox) is positioned to the right and above.  The the picture(red bbox) is in front of the observer. The the backpack(blue bbox) is behind the observer.
",52,208,0.0,0.012961057371434727,0.6341222524642944,0.36000000000000004,0.42765333770643416,0.42765333770643416,sentence
873,obj_spatial_relation_oo_mv,"<|im_start|>system
You are a helpful assistant.<|im_end|>
<|im_start|>user
<|vision_start|><|image_pad|><|image_pad|><|image_pad|><|image_pad|><|image_pad|><|image_pad|><|image_pad|><|image_pad|><|ima...",The book is to the left of the cloth.,"In relation to the cloth(blue bbox), the book(red bbox) is positioned to the left and above. It also seems closer from here. The the book(red bbox) and the cloth(blue bbox) are in front of the observer.
",37,203,0.0,0.008082131852305312,0.6743626594543457,0.18000000000000002,0.3927977560976339,0.3927977560976339,sentence
874,obj_spatial_relation_oo_mv,"<|im_start|>system
You are a helpful assistant.<|im_end|>
<|im_start|>user
<|vision_start|><|image_pad|><|image_pad|><|image_pad|><|image_pad|><|image_pad|><|image_pad|><|image_pad|><|image_pad|><|ima...","The desk lamp (red bbox: [818, 575, 859, 625]) is in front of the picture (blue bbox: [850, 80, 870, 176]) in the two images.","From this position, the desk lamp(red bbox) looks to the right below the picture(blue bbox). It is also closer as seen. The the desk lamp(red bbox) and the picture(blue bbox) are behind the observer.
",125,200,0.0,0.014054682713491752,0.8617686033248901,0.18000000000000002,0.48769523820514343,0.48769523820514343,sentence
875,obj_spatial_relation_oo_mv,"<|im_start|>system
You are a helpful assistant.<|im_end|>
<|im_start|>user
<|vision_start|><|image_pad|><|image_pad|><|image_pad|><|image_pad|><|image_pad|><|image_pad|><|image_pad|><|image_pad|><|ima...",The picture is to the right of the folding fan.,"The arrangement shows the picture(red bbox) as to the right above the folding fan(blue bbox). It also seems farther from this view. The the picture(red bbox) and the folding fan(blue bbox) are in front of the observer.
",47,219,0.0,0.010317792096340745,0.7655812501907349,0.36000000000000004,0.49285418351463556,0.49285418351463556,sentence
876,obj_spatial_relation_oo_mv,"<|im_start|>system
You are a helpful assistant.<|im_end|>
<|im_start|>user
<|vision_start|><|image_pad|><|image_pad|><|image_pad|><|image_pad|><|image_pad|><|image_pad|><|image_pad|><|image_pad|><|ima...",It is not possible to determine the relative position of the window and the paper in the two images based on the provided information. The images and their respective bounding boxes do not provide any information about the objects' locations in the room.,"From the perspective provided, the window(red bbox) is to the left and  the paper(blue bbox). This places it closer as well. The the window(red bbox) is behind the observer. The the paper(blue bbox) is in front of the observer.
",254,228,0.0,0.017534731063172864,0.603202760219574,0.18000000000000002,0.35910832632242157,0.35910832632242157,sentence
877,obj_spatial_relation_oo_mv,"<|im_start|>system
You are a helpful assistant.<|im_end|>
<|im_start|>user
<|vision_start|><|image_pad|><|image_pad|><|image_pad|><|image_pad|><|image_pad|><|image_pad|><|image_pad|><|image_pad|><|ima...","In the first image, the clothes are located to the right of the shelf, while in the second image, the clothes are to the left of the shelf. This indicates that the clothes have moved from the right side to the left side of the shelf between the two images.","the clothes(red bbox) holds a position to the left and below the shelf(blue bbox).  The the clothes(red bbox) and the shelf(blue bbox) are in front of the observer.
",256,165,0.0,0.02840856719034977,0.737537145614624,0.45,0.509450286245382,0.509450286245382,sentence
878,obj_spatial_relation_oo_mv,"<|im_start|>system
You are a helpful assistant.<|im_end|>
<|im_start|>user
<|vision_start|><|image_pad|><|image_pad|><|image_pad|><|image_pad|><|image_pad|><|image_pad|><|image_pad|><|image_pad|><|ima...","The picture is located above the book in both images, but the distance between them appears to be smaller in the second image due to the gradient effect that gives the illusion of a closer proximity to the viewer.","When observing the book(blue bbox), the picture(red bbox) appears to the left below. Additionally, it is perceived as farther. The the picture(red bbox) and the book(blue bbox) are in front of the observer.
",213,207,0.0,0.018673026059983527,0.6575909852981567,0.18000000000000002,0.38653009786107506,0.38653009786107506,sentence
879,obj_spatial_relation_oo_mv,"<|im_start|>system
You are a helpful assistant.<|im_end|>
<|im_start|>user
<|vision_start|><|image_pad|><|image_pad|><|image_pad|><|image_pad|><|image_pad|><|image_pad|><|image_pad|><|image_pad|><|ima...","The decoration lamp (red bbox: [451, 908, 471, 935]) is located to the right and slightly below the book (blue bbox: [523, 470, 544, 596]) in the first image. In the second image, the same objects appear to be in a similar relative position, with the lamp to the right and below the book. The calculations based on the provided camera poses and intrinsic parameters would confirm this relative positioning in a 3D space.","In relation to the book(blue bbox), the decoration lamp(red bbox) is positioned  and below. It also seems farther from here. The the decoration lamp(red bbox) and the book(blue bbox) are in front of the observer.
",420,213,0.0,0.009850470636402665,0.7873659133911133,0.45,0.5306530508228372,0.5306530508228372,sentence
880,obj_spatial_relation_oo_mv,"<|im_start|>system
You are a helpful assistant.<|im_end|>
<|im_start|>user
<|vision_start|><|image_pad|><|image_pad|><|image_pad|><|image_pad|><|image_pad|><|image_pad|><|image_pad|><|image_pad|><|ima...","In the first image, the bookshelf is to the left of the bin, and the bin is to the right of the bookshelf. The second image shows a different angle where the bookshelf is to the right of the bin, and the bin is to the left of the bookshelf. The change in perspective between the two images is due to the camera's movement and rotation, which alters the relative positions of the bookshelf and the bin.","To describe the scene, the bookshelf(red bbox) is to the right  the bin(blue bbox). Additionally, it seems farther to the observer. The the bookshelf(red bbox) and the bin(blue bbox) are in front of the observer.
",401,213,0.0,0.05006200240097211,0.7205862402915955,0.45,0.5053055206259922,0.5053055206259922,sentence
881,obj_spatial_relation_oo_mv,"<|im_start|>system
You are a helpful assistant.<|im_end|>
<|im_start|>user
<|vision_start|><|image_pad|><|image_pad|><|image_pad|><|image_pad|><|image_pad|><|image_pad|><|image_pad|><|image_pad|><|ima...","It is not possible to determine the spatial alignment between the box (red bbox: [0, 685, 78, 952]) and the table (blue bbox: [505, 0, 636, 114]) using the provided information. The bounding boxes are normalized to the 0–1000 range and do not provide information about the 3D center points of the objects, nor the camera poses. The camera intrinsic parameters and poses are for the first and second images, but not for the bounding boxes in the third image. Therefore, the alignment between the box and the table cannot be calculated or judged.","the box(red bbox) holds a position to the right and  the table(blue bbox). From this vantage, it seems closer. The the box(red bbox) is behind the observer. The the table(blue bbox) is in front of the observer.
",544,211,0.0,0.008855092924375942,0.5875885486602783,0.18000000000000002,0.3495652929150143,0.3495652929150143,sentence
882,obj_spatial_relation_oo_mv,"<|im_start|>system
You are a helpful assistant.<|im_end|>
<|im_start|>user
<|vision_start|><|image_pad|><|image_pad|><|image_pad|><|image_pad|><|image_pad|><|image_pad|><|image_pad|><|image_pad|><|ima...","The pillar (red bbox: [0, 0, 203, 309]) is to the left of the bookshelf (blue bbox: [0, 0, 615, 999]) as seen by the observer in the first image.","the pillar(red bbox) lies visibly to the right and  the bookshelf(blue bbox). From this angle, it seems closer. The the pillar(red bbox) and the bookshelf(blue bbox) are in front of the observer.
",145,196,0.0,0.02077623113555106,0.8560045957565308,0.225,0.4996575441053756,0.4996575441053756,sentence
883,obj_spatial_relation_oo_mv,"<|im_start|>system
You are a helpful assistant.<|im_end|>
<|im_start|>user
<|vision_start|><|image_pad|><|image_pad|><|image_pad|><|image_pad|><|image_pad|><|image_pad|><|image_pad|><|image_pad|><|ima...",The table is located above the sign board.,"Looking closer, the table(red bbox) is to the left  in relation to the sign board(blue bbox). It might also be closer. The the table(red bbox) and the sign board(blue bbox) are in front of the observer.
",42,203,0.0,0.0021093905241859607,0.6780951023101807,0.0,0.4849563275141822,0.4849563275141822,sentence
884,obj_spatial_relation_oo_mv,"<|im_start|>system
You are a helpful assistant.<|im_end|>
<|im_start|>user
<|vision_start|><|image_pad|><|image_pad|><|image_pad|><|image_pad|><|image_pad|><|image_pad|><|image_pad|><|image_pad|><|ima...","The bin (red bbox: [532, 102, 619, 255]) is not visible in the first image, so there is no information to determine its spatial relationship with the box (blue bbox: [682, 976, 780, 999]) in the second image.","From a spatial perspective, the bin(red bbox) is to the right and  the box(blue bbox). It looks closer in this view. The the bin(red bbox) and the box(blue bbox) are in front of the observer.
",208,192,0.0,0.008442511500499855,0.7951465845108032,0.225,0.4667617945555016,0.4667617945555016,sentence
885,obj_spatial_relation_oo_mv,"<|im_start|>system
You are a helpful assistant.<|im_end|>
<|im_start|>user
<|vision_start|><|image_pad|><|image_pad|><|image_pad|><|image_pad|><|image_pad|><|image_pad|><|image_pad|><|image_pad|><|ima...","The TV is not present in the spatial relation to the bin in the provided images. The TV is shown in image 1, and the bin is in image 2, but the spatial relationship between the TV and the bin cannot be established from the given images as they are separate and do not share the same frame.","From the observer's standpoint, the tv(red bbox) sits to the left above the bin(blue bbox). It can also be considered closer. The the tv(red bbox) and the bin(blue bbox) are in front of the observer.
",289,200,0.0,0.014251117838838673,0.6156346797943115,0.15,0.35566756346492345,0.35566756346492345,sentence
886,obj_spatial_relation_oo_mv,"<|im_start|>system
You are a helpful assistant.<|im_end|>
<|im_start|>user
<|vision_start|><|image_pad|><|image_pad|><|image_pad|><|image_pad|><|image_pad|><|image_pad|><|image_pad|><|image_pad|><|ima...","The bookshelf (red bbox: [383, 0, 744, 324]) is positioned to the right of the bookshelf (blue bbox: [0, 0, 234, 888]) in the first image, and in the second image, the bookshelf (red bbox: [383, 0, 744, 324]) is still to the right of the bookshelf (blue bbox: [0, 0, 234, 888]), but the second image shows a different angle and distance, which might make the bookshelf (red bbox: [383, 0, 744, 324]) appear closer or further away. However, based on the relative positions in the first image, the bookshelf (red bbox: [383, 0, 744, 324]) is consistently to the right of the bookshelf (blue bbox: [0, 0, 234, 888]).","the bookshelf(red bbox) lies visibly to the left and  the bookshelf(blue bbox). From this angle, it seems farther. The the bookshelf(red bbox) is in front of the observer. The the bookshelf(blue bbox) is  the observer.
",613,219,0.0,0.006759099416617528,0.7465702891349792,0.45,0.5096369644508132,0.5096369644508132,sentence
887,obj_spatial_relation_oo_mv,"<|im_start|>system
You are a helpful assistant.<|im_end|>
<|im_start|>user
<|vision_start|><|image_pad|><|image_pad|><|image_pad|><|image_pad|><|image_pad|><|image_pad|><|image_pad|><|image_pad|><|ima...",The box is to the right of the bookshelf.,"To the observer, the box(red bbox) seems to the left and  the bookshelf(blue bbox). It is perceived as farther. The the box(red bbox) and the bookshelf(blue bbox) are in front of the observer.
",41,193,0.0,0.005514818786888956,0.608853816986084,0.0,0.43647124607202825,0.43647124607202825,sentence
888,obj_spatial_relation_oo_mv,"<|im_start|>system
You are a helpful assistant.<|im_end|>
<|im_start|>user
<|vision_start|><|image_pad|><|image_pad|><|image_pad|><|image_pad|><|image_pad|><|image_pad|><|image_pad|><|image_pad|><|ima...","The bookshelf (red) is positioned behind the curtain (blue) in the two images. The first image, where the bookshelf is seen with the red bounding box, indicates that the bookshelf is located in front of the observer's position relative to the curtain. The second image, where the curtain is visible, shows the bookshelf is located behind the curtain. The depth information from the camera poses (rotation and translation) confirms that the bookshelf is further away from the observer than the curtain, thus behind it in the second image.","Observing the bookshelf(red bbox) reveals it is to the right  the curtain(blue bbox). It is perceived as farther. The the bookshelf(red bbox) and the curtain(blue bbox) are in front of the observer.
",537,199,0.0,0.038266213132481894,0.8628790378570557,0.675,0.6415927615550242,0.6415927615550242,sentence
889,obj_spatial_relation_oo_mv,"<|im_start|>system
You are a helpful assistant.<|im_end|>
<|im_start|>user
<|vision_start|><|image_pad|><|image_pad|><|image_pad|><|image_pad|><|image_pad|><|image_pad|><|image_pad|><|image_pad|><|ima...","The curtain (red bbox: [0, 0, 310, 618]) is positioned to the left of the bookshelf (blue bbox: [0, 0, 806, 903]) in the first image. In the subsequent images, the perspective changes, but the relative position of the curtain and bookshelf remains consistent, with the curtain still to the left of the bookshelf.","the curtain(red bbox) can be spotted to the right and  the bookshelf(blue bbox). The observer may perceive it as farther. The the curtain(red bbox) is behind the observer. The the bookshelf(blue bbox) is in front of the observer.
",312,230,0.0,0.014100013432526398,0.853946328163147,0.18000000000000002,0.48379316676807876,0.48379316676807876,sentence
890,obj_spatial_relation_oo_mv,"<|im_start|>system
You are a helpful assistant.<|im_end|>
<|im_start|>user
<|vision_start|><|image_pad|><|image_pad|><|image_pad|><|image_pad|><|image_pad|><|image_pad|><|image_pad|><|image_pad|><|ima...","In the first image, the windowsill (red bbox: [0, 194, 741, 335]) is to the left of the chair (blue bbox: [660, 640, 824, 999]) in the observer's perspective. However, in the second image, the chair (blue bbox: [660, 640, 824, 999]) is in front of the windowsill (red bbox: [0, 194, 741, 335]). The change in the spatial relationship between the windowsill and the chair indicates that the camera's position and orientation have changed between the two images.","In relation to the chair(blue bbox), the windowsill(red bbox) is positioned to the left and . It also seems closer from here. The the windowsill(red bbox) and the chair(blue bbox) are in front of the observer.
",460,210,0.0,0.053160813611888444,0.8280383348464966,0.675,0.627151330145626,0.627151330145626,sentence
891,obj_spatial_relation_oo_mv,"<|im_start|>system
You are a helpful assistant.<|im_end|>
<|im_start|>user
<|vision_start|><|image_pad|><|image_pad|><|image_pad|><|image_pad|><|image_pad|><|image_pad|><|image_pad|><|image_pad|><|ima...",The corner bench is to the right of the table.,"Describing spatially, the corner bench(red bbox) is to the right and  in relation to the table(blue bbox). It also appears farther. The the corner bench(red bbox) and the table(blue bbox) are in front of the observer.
",46,218,0.0,0.02636326588338591,0.6812825202941895,0.36000000000000004,0.4539139133237719,0.4539139133237719,sentence
892,obj_spatial_relation_oo_mv,"<|im_start|>system
You are a helpful assistant.<|im_end|>
<|im_start|>user
<|vision_start|><|image_pad|><|image_pad|><|image_pad|><|image_pad|><|image_pad|><|image_pad|><|image_pad|><|image_pad|><|ima...","The lamp (red bbox: [874, 0, 999, 633]) is not present in the provided images. Therefore, it is impossible to determine its spatial orientation in relation to the TV based on the given information.","the lamp(red bbox) can be identified as to the right  the tv(blue bbox). To the observer, it appears farther. The the lamp(red bbox) is in front of the observer. The the tv(blue bbox) is behind the observer.
",197,208,0.0,0.015850894170491507,0.7082555294036865,0.18000000000000002,0.41129794353594157,0.41129794353594157,sentence
893,obj_spatial_relation_oo_mv,"<|im_start|>system
You are a helpful assistant.<|im_end|>
<|im_start|>user
<|vision_start|><|image_pad|><|image_pad|><|image_pad|><|image_pad|><|image_pad|><|image_pad|><|image_pad|><|image_pad|><|ima...","The chair (red bbox: [811, 627, 999, 999]) is positioned to the right of the windowsill (blue bbox: [0, 0, 642, 76]) in the two images.","Examining the windowsill(blue bbox), the chair(red bbox) is to the right and . It might also appear closer. The the chair(red bbox) and the windowsill(blue bbox) are in front of the observer.
",135,192,0.0,0.04158206269957349,0.8584951758384705,0.45,0.5725640004591499,0.5725640004591499,sentence
894,obj_spatial_relation_oo_mv,"<|im_start|>system
You are a helpful assistant.<|im_end|>
<|im_start|>user
<|vision_start|><|image_pad|><|image_pad|><|image_pad|><|image_pad|><|image_pad|><|image_pad|><|image_pad|><|image_pad|><|ima...","The chair (red bbox: [0, 722, 284, 999]) is not visible in the second image (Image 770), so it cannot be compared to the power socket (blue bbox: [495, 213, 543, 240]) in that image.","the chair(red bbox), as observed, is located to the left  the power socket(blue bbox). It appears to be closer from this perspective. The the chair(red bbox) and the power socket(blue bbox) are in front of the observer.
",182,220,0.0,0.018373782827476762,0.7969442009925842,0.225,0.4696468570617875,0.4696468570617875,sentence
895,obj_spatial_relation_oo_mv,"<|im_start|>system
You are a helpful assistant.<|im_end|>
<|im_start|>user
<|vision_start|><|image_pad|><|image_pad|><|image_pad|><|image_pad|><|image_pad|><|image_pad|><|image_pad|><|image_pad|><|ima...",It is impossible to determine the positioning of the pillow with respect to the power socket in the second image based on the given information.,"the pillow(red bbox) is observed to be to the right and above the power socket(blue bbox). This also places it farther from the observer's perspective. The the pillow(red bbox) and the power socket(blue bbox) are in front of the observer.
",144,239,0.0,0.01811021033217248,0.7013348937034607,0.18000000000000002,0.40828948891816486,0.40828948891816486,sentence
896,obj_spatial_relation_oo_mv,"<|im_start|>system
You are a helpful assistant.<|im_end|>
<|im_start|>user
<|vision_start|><|image_pad|><|image_pad|><|image_pad|><|image_pad|><|image_pad|><|image_pad|><|image_pad|><|image_pad|><|ima...","The cable raceway (red bbox: [504, 0, 523, 295]) is located in front of the power socket (blue bbox: [590, 0, 617, 41]) in the two images.","From this angle, the cable raceway(red bbox) is seen  above in relation to the power socket(blue bbox).  The the cable raceway(red bbox) and the power socket(blue bbox) are in front of the observer.
",138,199,0.0,0.09939579793234389,0.8162178993225098,0.6,0.6079881092477236,0.6079881092477236,sentence
897,obj_spatial_relation_oo_mv,"<|im_start|>system
You are a helpful assistant.<|im_end|>
<|im_start|>user
<|vision_start|><|image_pad|><|image_pad|><|image_pad|><|image_pad|><|image_pad|><|image_pad|><|image_pad|><|image_pad|><|ima...","The cup is not visible in the second image, so it is impossible to determine its position relative to the chair.","From this viewpoint, the cup(red bbox) appears to the right, above the chair(blue bbox).  The the cup(red bbox) and the chair(blue bbox) are in front of the observer.
",112,167,0.0,0.017404390729700746,0.7514121532440186,0.45,0.5141869547679494,0.5141869547679494,sentence
898,obj_spatial_relation_oo_mv,"<|im_start|>system
You are a helpful assistant.<|im_end|>
<|im_start|>user
<|vision_start|><|image_pad|><|image_pad|><|image_pad|><|image_pad|><|image_pad|><|image_pad|><|image_pad|><|image_pad|><|ima...",The power socket is to the left of the chair.,"the power socket(red bbox) lies visibly to the left and  the chair(blue bbox). From this angle, it seems farther. The the power socket(red bbox) and the chair(blue bbox) are in front of the observer.
",45,200,0.0,0.013927562535983632,0.782605767250061,0.225,0.46158839613222724,0.46158839613222724,sentence
899,obj_spatial_relation_oo_mv,"<|im_start|>system
You are a helpful assistant.<|im_end|>
<|im_start|>user
<|vision_start|><|image_pad|><|image_pad|><|image_pad|><|image_pad|><|image_pad|><|image_pad|><|image_pad|><|image_pad|><|ima...","In the first image, the chair (red bbox: [0, 794, 190, 999]) is situated to the left of the lamp (blue bbox: [331, 0, 459, 211]). In the second image, the chair (red bbox: [0, 794, 190, 999]) is situated to the right of the lamp (blue bbox: [331, 0, 459, 211]).","The observer notes the chair(red bbox) is to the left below the lamp(blue bbox). Additionally, it appears closer. The the chair(red bbox) and the lamp(blue bbox) are in front of the observer.
",261,192,0.0,0.02783436069081935,0.8621804118156433,0.36000000000000004,0.5446570780459855,0.5446570780459855,sentence
900,obj_spatial_relation_oo_mv,"<|im_start|>system
You are a helpful assistant.<|im_end|>
<|im_start|>user
<|vision_start|><|image_pad|><|image_pad|><|image_pad|><|image_pad|><|image_pad|><|image_pad|><|image_pad|><|image_pad|><|ima...","In the first image, the computer tower is positioned on the right side of the desk, and the box is on the left side of the desk. The computer tower is closer to the wall and the window, while the box is closer to the center of the room. There is no direct interaction between the two objects in terms of position, as they are on different sides of the desk. However, in the second image, the computer tower and the box are no longer visible, indicating they may have been moved out of the frame.","the computer tower(red bbox) lies visibly to the left and below the box(blue bbox). From this angle, it seems farther. The the computer tower(red bbox) is behind the observer. The the box(blue bbox) is in front of the observer.
",495,228,0.0,0.010307639408291372,0.7279576659202576,0.3,0.456040360841787,0.456040360841787,sentence
901,obj_spatial_relation_oo_mv,"<|im_start|>system
You are a helpful assistant.<|im_end|>
<|im_start|>user
<|vision_start|><|image_pad|><|image_pad|><|image_pad|><|image_pad|><|image_pad|><|image_pad|><|image_pad|><|image_pad|><|ima...",The mouse is located to the right of the computer tower.,"Examining the computer tower(blue bbox), the mouse(red bbox) is to the right and below. It might also appear closer. The the mouse(red bbox) and the computer tower(blue bbox) are in front of the observer.
",56,205,0.0,0.01752007330057643,0.7473140358924866,0.18000000000000002,0.4311610326063586,0.4311610326063586,sentence
902,obj_spatial_relation_oo_mv,"<|im_start|>system
You are a helpful assistant.<|im_end|>
<|im_start|>user
<|vision_start|><|image_pad|><|image_pad|><|image_pad|><|image_pad|><|image_pad|><|image_pad|><|image_pad|><|image_pad|><|ima...",The power socket is located to the right and slightly above the monitor.,"Looking at the setup, the power socket(red bbox) is positioned to the left and  the monitor(blue bbox). To the observer, it seems farther. The the power socket(red bbox) and the monitor(blue bbox) are in front of the observer.
",72,227,0.0,0.0078112581728398784,0.7128974199295044,0.18000000000000002,0.41201096159932016,0.41201096159932016,sentence
903,obj_spatial_relation_oo_mv,"<|im_start|>system
You are a helpful assistant.<|im_end|>
<|im_start|>user
<|vision_start|><|image_pad|><|image_pad|><|image_pad|><|image_pad|><|image_pad|><|image_pad|><|image_pad|><|image_pad|><|ima...",The power strip is to the right of the ladder.,"Placing the power strip(red bbox) spatially, it is to the left and below the ladder(blue bbox). This view also shows it as closer. The the power strip(red bbox) and the ladder(blue bbox) are in front of the observer.
",46,217,0.0,0.009335924360284792,0.7785298228263855,0.0,0.5587601375503568,0.5587601375503568,sentence
904,obj_spatial_relation_oo_mv,"<|im_start|>system
You are a helpful assistant.<|im_end|>
<|im_start|>user
<|vision_start|><|image_pad|><|image_pad|><|image_pad|><|image_pad|><|image_pad|><|image_pad|><|image_pad|><|image_pad|><|ima...","The box (red bbox: [276, 260, 319, 280]) is positioned behind the computer tower (blue bbox: [115, 571, 241, 799]) from the perspective of the observer in the first image. The camera poses and intrinsic parameters for the images suggest that the relative positions of the objects are consistent across the images, indicating that the box is indeed behind the computer tower in the initial scene.","the box(red bbox) occupies a space to the left above the computer tower(blue bbox). It is noted to be farther. The the box(red bbox) and the computer tower(blue bbox) are in front of the observer.
",395,197,0.0,0.012482968330278779,0.8369220495223999,0.18000000000000002,0.4749576184272557,0.4749576184272557,sentence
905,obj_spatial_relation_oo_mv,"<|im_start|>system
You are a helpful assistant.<|im_end|>
<|im_start|>user
<|vision_start|><|image_pad|><|image_pad|><|image_pad|><|image_pad|><|image_pad|><|image_pad|><|image_pad|><|image_pad|><|ima...","The storage cabinet (red bbox: [449, 305, 617, 721]) is located to the right of the papers (blue bbox: [126, 277, 206, 336]) from the observer's perspective.","the storage cabinet(red bbox) is noted to be to the right  the papers(blue bbox). It might be perceived as farther from this view. The the storage cabinet(red bbox) and the papers(blue bbox) are in front of the observer.
",157,221,0.0,0.036936702227980005,0.8209911584854126,0.45,0.5528829196883023,0.5528829196883023,sentence
906,obj_spatial_relation_oo_mv,"<|im_start|>system
You are a helpful assistant.<|im_end|>
<|im_start|>user
<|vision_start|><|image_pad|><|image_pad|><|image_pad|><|image_pad|><|image_pad|><|image_pad|><|image_pad|><|image_pad|><|ima...","In the first image, the file binder is to the left of the plant, while in the second image, the file binder is to the left and below the plant. Therefore, relative to the observer, the file binder is to the left of the plant in both images.","the file binder(red bbox) is clearly to the left and below the plant(blue bbox). When observed, it is closer. The the file binder(red bbox) and the plant(blue bbox) are in front of the observer.
",240,195,0.0,0.13672649426351807,0.8196327686309814,0.54,0.5991616831681944,0.5991616831681944,sentence
907,obj_spatial_relation_oo_mv,"<|im_start|>system
You are a helpful assistant.<|im_end|>
<|im_start|>user
<|vision_start|><|image_pad|><|image_pad|><|image_pad|><|image_pad|><|image_pad|><|image_pad|><|image_pad|><|image_pad|><|ima...","The power strip (red bbox: [139, 560, 239, 638]) is to the left of the monitor (blue bbox: [783, 481, 857, 645]).","The arrangement shows the power strip(red bbox) as to the right below the monitor(blue bbox). It also seems closer from this view. The the power strip(red bbox) and the monitor(blue bbox) are in front of the observer.
",113,218,0.0,0.01609169747489942,0.8353293538093567,0.0,0.6012614519995119,0.6012614519995119,sentence
908,obj_spatial_relation_oo_mv,"<|im_start|>system
You are a helpful assistant.<|im_end|>
<|im_start|>user
<|vision_start|><|image_pad|><|image_pad|><|image_pad|><|image_pad|><|image_pad|><|image_pad|><|image_pad|><|image_pad|><|ima...","In the first image, the papers (red bbox: [846, 289, 866, 311]) are on the storage rack (blue bbox: [0, 0, 396, 699]), and they are likely in a vertical orientation, aligned with the shelves of the rack. In the second image, the papers are no longer visible, indicating they have been removed from the rack. The orientation of the rack in the second image appears similar to the first, with no significant change in its orientation relative to the observer.","the papers(red bbox) is seen in a position to the right  the storage rack(blue bbox). It seems farther in this setup. The the papers(red bbox) is behind the observer. The the storage rack(blue bbox) is in front of the observer.
",457,228,0.0,0.012078988185038445,0.8446149826049805,0.15,0.4697232889394979,0.4697232889394979,sentence
909,obj_spatial_relation_oo_mv,"<|im_start|>system
You are a helpful assistant.<|im_end|>
<|im_start|>user
<|vision_start|><|image_pad|><|image_pad|><|image_pad|><|image_pad|><|image_pad|><|image_pad|><|image_pad|><|image_pad|><|ima...","In the first image, the table is to the left of the keyboard.","the table(red bbox) is seen in a position to the left below the keyboard(blue bbox). It seems farther in this setup. The the table(red bbox) and the keyboard(blue bbox) are in front of the observer.
",61,199,0.0,0.02061824651012358,0.7497182488441467,0.3,0.468982773724098,0.468982773724098,sentence
910,obj_spatial_relation_oo_mv,"<|im_start|>system
You are a helpful assistant.<|im_end|>
<|im_start|>user
<|vision_start|><|image_pad|><|image_pad|><|image_pad|><|image_pad|><|image_pad|><|image_pad|><|image_pad|><|image_pad|><|ima...","The remove is located to the right of the window, as observed in the first image.","Examining the window(blue bbox), the remove(red bbox) is to the left and . It might also appear closer. The the remove(red bbox) and the window(blue bbox) are in front of the observer.
",81,185,0.0,0.016094031845493604,0.747228741645813,0.225,0.4443331771920052,0.4443331771920052,sentence
911,obj_spatial_relation_oo_mv,"<|im_start|>system
You are a helpful assistant.<|im_end|>
<|im_start|>user
<|vision_start|><|image_pad|><|image_pad|><|image_pad|><|image_pad|><|image_pad|><|image_pad|><|image_pad|><|image_pad|><|ima...","The box (red bbox: [599, 452, 738, 640]) is located to the left of the night stand (blue bbox: [431, 332, 637, 710]) from the observer's perspective.","the box(red bbox) resides to the left and  when viewed in relation to the night stand(blue bbox). This gives it a closer appearance. The the box(red bbox) and the night stand(blue bbox) are in front of the observer.
",149,216,0.0,0.03493257619636099,0.8248308897018433,0.18000000000000002,0.4734019600901938,0.4734019600901938,sentence
912,obj_spatial_relation_oo_mv,"<|im_start|>system
You are a helpful assistant.<|im_end|>
<|im_start|>user
<|vision_start|><|image_pad|><|image_pad|><|image_pad|><|image_pad|><|image_pad|><|image_pad|><|image_pad|><|image_pad|><|ima...","It is not possible to determine the directional placement of the box (red bbox: [0, 850, 155, 999]) relative to the blanket (blue bbox: [501, 469, 601, 535]) in the two images as there are no objects present in the last three images (images 4, 5, and 6).","the box(red bbox) appears to the observer as being to the left and below the blanket(blue bbox). It also seems closer. The the box(red bbox) and the blanket(blue bbox) are in front of the observer.
",254,198,0.0,0.015360875768478385,0.718730092048645,0.18000000000000002,0.4164372211780182,0.4164372211780182,sentence
913,obj_spatial_relation_oo_mv,"<|im_start|>system
You are a helpful assistant.<|im_end|>
<|im_start|>user
<|vision_start|><|image_pad|><|image_pad|><|image_pad|><|image_pad|><|image_pad|><|image_pad|><|image_pad|><|image_pad|><|ima...",The stuffed toy (red bounding box) is positioned to the right and slightly above the book (blue bounding box) in the 3D space.,"Observing the stuffed toy(red bbox) reveals it is to the right below the book(blue bbox). It is perceived as closer. The the stuffed toy(red bbox) and the book(blue bbox) are in front of the observer.
",126,201,0.0,0.036378261167894554,0.7622239589691162,0.36000000000000004,0.496387631718137,0.496387631718137,sentence
914,obj_spatial_relation_oo_mv,"<|im_start|>system
You are a helpful assistant.<|im_end|>
<|im_start|>user
<|vision_start|><|image_pad|><|image_pad|><|image_pad|><|image_pad|><|image_pad|><|image_pad|><|image_pad|><|image_pad|><|ima...","The laundry basket (blue bbox: [156, 574, 214, 669]) is located to the left of the staircase (red bbox: [790, 592, 999, 662]) in the main focus image (Image 3950).","the staircase(red bbox) is observed to be to the right and  the laundry basket(blue bbox). This also places it closer from the observer's perspective. The the staircase(red bbox) and the laundry basket(blue bbox) are in front of the observer.
",163,243,0.0,0.01875177288905047,0.7540633678436279,0.225,0.44828203849962406,0.44828203849962406,sentence
915,obj_spatial_relation_oo_mv,"<|im_start|>system
You are a helpful assistant.<|im_end|>
<|im_start|>user
<|vision_start|><|image_pad|><|image_pad|><|image_pad|><|image_pad|><|image_pad|><|image_pad|><|image_pad|><|image_pad|><|ima...",The cloth is to the right of the pants.,"the cloth(red bbox) is to the right  with the pants(blue bbox). From here, it appears closer. The the cloth(red bbox) and the pants(blue bbox) are in front of the observer.
",39,173,0.0,0.035772374517765895,0.7694194316864014,0.225,0.4593641907467539,0.4593641907467539,sentence
916,obj_spatial_relation_oo_mv,"<|im_start|>system
You are a helpful assistant.<|im_end|>
<|im_start|>user
<|vision_start|><|image_pad|><|image_pad|><|image_pad|><|image_pad|><|image_pad|><|image_pad|><|image_pad|><|image_pad|><|ima...","There are no shoes in the second image, so it is not possible to compare them to the window in the second image.","the shoes(red bbox) is clearly to the left and below the window(blue bbox). When observed, it is closer. The the shoes(red bbox) and the window(blue bbox) are in front of the observer.
",112,185,0.0,0.01991767881624112,0.6676700115203857,0.18000000000000002,0.3918185415234411,0.3918185415234411,sentence
917,obj_spatial_relation_oo_mv,"<|im_start|>system
You are a helpful assistant.<|im_end|>
<|im_start|>user
<|vision_start|><|image_pad|><|image_pad|><|image_pad|><|image_pad|><|image_pad|><|image_pad|><|image_pad|><|image_pad|><|ima...","The staircase and the window are not present in the provided images. The first three images depict a room with an ironing board, clothes, and a chair, while the last three are abstract color gradients and do not contain any identifiable objects. Therefore, it's impossible to determine the spatial arrangement of the staircase and the window based on the given images.","the staircase(red bbox) is seen in a position to the right below the window(blue bbox). It seems closer in this setup. The the staircase(red bbox) is in front of the observer. The the window(blue bbox) is behind the observer.
",368,226,0.0,0.010093587807011401,0.6427226066589355,0.12857142857142856,0.3619514494622986,0.3619514494622986,sentence
918,obj_spatial_relation_oo_mv,"<|im_start|>system
You are a helpful assistant.<|im_end|>
<|im_start|>user
<|vision_start|><|image_pad|><|image_pad|><|image_pad|><|image_pad|><|image_pad|><|image_pad|><|image_pad|><|image_pad|><|ima...",It is not possible to determine the location of the dustbin with respect to the pipe in the given images as the images provided do not contain any visual information about a dustbin or a pipe.,"In relation to the pipe(blue bbox), the dustbin(red bbox) is positioned to the left and above. It also seems closer from here. The the dustbin(red bbox) and the pipe(blue bbox) are in front of the observer.
",192,207,0.0,0.01986162691244834,0.5781288146972656,0.18000000000000002,0.34703673273112245,0.34703673273112245,sentence
919,obj_spatial_relation_oo_mv,"<|im_start|>system
You are a helpful assistant.<|im_end|>
<|im_start|>user
<|vision_start|><|image_pad|><|image_pad|><|image_pad|><|image_pad|><|image_pad|><|image_pad|><|image_pad|><|image_pad|><|ima...",The staircase is to the left of the window.,"In the scene, the staircase(red bbox) is to the right below the window(blue bbox). It is also perceived as closer relative to the observer. The the staircase(red bbox) and the window(blue bbox) are in front of the observer.
",43,224,0.0,0.00622700692922435,0.6529070734977722,0.18000000000000002,0.381698938134731,0.381698938134731,sentence
920,obj_spatial_relation_oo_mv,"<|im_start|>system
You are a helpful assistant.<|im_end|>
<|im_start|>user
<|vision_start|><|image_pad|><|image_pad|><|image_pad|><|image_pad|><|image_pad|><|image_pad|><|image_pad|><|image_pad|><|ima...","The paper (red bbox: [349, 978, 434, 999]) is located to the left of the bucket (blue bbox: [602, 412, 626, 481]) in the first image.","the paper(red bbox) lies visibly to the left and above the bucket(blue bbox). From this angle, it seems closer. The the paper(red bbox) is in front of the observer. The the bucket(blue bbox) is behind the observer.
",133,215,0.0,0.03430740420345379,0.6946668028831482,0.3,0.44419488228226484,0.44419488228226484,sentence
921,obj_spatial_relation_oo_mv,"<|im_start|>system
You are a helpful assistant.<|im_end|>
<|im_start|>user
<|vision_start|><|image_pad|><|image_pad|><|image_pad|><|image_pad|><|image_pad|><|image_pad|><|image_pad|><|image_pad|><|ima...","In the first image, the mug (red) is located at coordinates (0, 658, 234) and the mug (blue) is at (161, 658, 760). Based on the camera intrinsic parameters and poses, the mug (red) appears to be closer to the observer and positioned to the left of the mug (blue) in the second image. The mug (red) is likely in the foreground and the mug (blue) in the background.","Observationally, the mug(red bbox) is to the left and above the mug(blue bbox). It appears closer in proximity. The the mug(red bbox) and the mug(blue bbox) are in front of the observer.
",364,187,0.0,0.02392671313657204,0.8380714654922485,0.54,0.5858210753734387,0.5858210753734387,sentence
922,obj_spatial_relation_oo_mv,"<|im_start|>system
You are a helpful assistant.<|im_end|>
<|im_start|>user
<|vision_start|><|image_pad|><|image_pad|><|image_pad|><|image_pad|><|image_pad|><|image_pad|><|image_pad|><|image_pad|><|ima...","The structure (red bbox: [718, 199, 743, 222]) in the first image is oriented vertically in relation to the storage cabinet (blue bbox: [0, 619, 144, 999]) in the second image. The red bounding box represents the structure and the blue bounding box represents the storage cabinet, both of which are not present in the same image. Therefore, we cannot directly compare their orientation in the two images.","In this arrangement, the structure(red bbox) is positioned to the right above the storage cabinet(blue bbox). From the observer's perspective, it looks closer. The the structure(red bbox) and the storage cabinet(blue bbox) are in front of the observer.
",404,253,0.0,0.013657366886037478,0.7388066053390503,0.18000000000000002,0.4261347760467326,0.4261347760467326,sentence
923,obj_spatial_relation_oo_mv,"<|im_start|>system
You are a helpful assistant.<|im_end|>
<|im_start|>user
<|vision_start|><|image_pad|><|image_pad|><|image_pad|><|image_pad|><|image_pad|><|image_pad|><|image_pad|><|image_pad|><|ima...","The chair (red bbox: [115, 258, 372, 638]) is positioned to the left of the shoes (blue bbox: [523, 590, 616, 664]) in the first image.","From this viewpoint, the chair(red bbox) appears to the left,  the shoes(blue bbox). Additionally, it seems farther. The the chair(red bbox) and the shoes(blue bbox) are in front of the observer.
",135,196,0.0,0.020620573072832313,0.8481534719467163,0.45,0.5632008505879246,0.5632008505879246,sentence
924,obj_spatial_relation_oo_mv,"<|im_start|>system
You are a helpful assistant.<|im_end|>
<|im_start|>user
<|vision_start|><|image_pad|><|image_pad|><|image_pad|><|image_pad|><|image_pad|><|image_pad|><|image_pad|><|image_pad|><|ima...","The bookshelf (red bbox: [49, 0, 999, 999]) is placed to the right of the storage cabinet (blue bbox: [437, 183, 586, 733]) in the two images. The bookshelf is situated further away from the viewer compared to the storage cabinet, as indicated by the different camera poses and translation vectors. The bookshelf is also higher in the frame compared to the storage cabinet.","the bookshelf(red bbox) seems to occupy a position to the right and  in relation to the storage cabinet(blue bbox). This makes it appear farther. The the bookshelf(red bbox) and the storage cabinet(blue bbox) are in front of the observer.
",373,239,0.0,0.03400924806194478,0.8602948188781738,0.7200000000000001,0.6529492590514758,0.6529492590514758,sentence
925,obj_spatial_relation_oo_mv,"<|im_start|>system
You are a helpful assistant.<|im_end|>
<|im_start|>user
<|vision_start|><|image_pad|><|image_pad|><|image_pad|><|image_pad|><|image_pad|><|image_pad|><|image_pad|><|image_pad|><|ima...","The table is positioned to the left of the storage cabinet relative to the observer's viewpoint, as the table is in the first image and the storage cabinet is in the second image, and the table is on the left side of the room.","the table(red bbox) can be described as being to the left  in relation to the storage cabinet(blue bbox). To the observer, it is farther. The the table(red bbox) is behind the observer. The the storage cabinet(blue bbox) is in front of the observer.
",226,250,0.0,0.04662744413365302,0.7725404500961304,0.36000000000000004,0.5035957138747957,0.5035957138747957,sentence
926,obj_spatial_relation_oo_mv,"<|im_start|>system
You are a helpful assistant.<|im_end|>
<|im_start|>user
<|vision_start|><|image_pad|><|image_pad|><|image_pad|><|image_pad|><|image_pad|><|image_pad|><|image_pad|><|image_pad|><|ima...","In the first image, the box (red bbox: [117, 599, 383, 790]) is situated on the floor to the left of the trash can (blue bbox: [680, 575, 898, 885]). The box is closer to the camera than the trash can. In the second image, the box is no longer visible, indicating it may have been moved or the angle of the camera has changed. The trash can remains in the same position, relative to the observer's viewpoint, as in the first image.","In relation to the trash can(blue bbox), the box(red bbox) is positioned to the left and above. It also seems closer from here. The the box(red bbox) and the trash can(blue bbox) are in front of the observer.
",431,209,0.0,0.02224534785123006,0.8488188982009888,0.54,0.5908585186707405,0.5908585186707405,sentence
927,obj_spatial_relation_oo_mv,"<|im_start|>system
You are a helpful assistant.<|im_end|>
<|im_start|>user
<|vision_start|><|image_pad|><|image_pad|><|image_pad|><|image_pad|><|image_pad|><|image_pad|><|image_pad|><|image_pad|><|ima...",The cup is to the right of the bag.,"To the observer, the cup(red bbox) seems  and above the bag(blue bbox). It is perceived as farther. The the cup(red bbox) and the bag(blue bbox) are in front of the observer.
",35,175,0.0,0.0068871752047555,0.619184136390686,0.225,0.37846950323629414,0.37846950323629414,sentence
928,obj_spatial_relation_oo_mv,"<|im_start|>system
You are a helpful assistant.<|im_end|>
<|im_start|>user
<|vision_start|><|image_pad|><|image_pad|><|image_pad|><|image_pad|><|image_pad|><|image_pad|><|image_pad|><|image_pad|><|ima...","The blanket is positioned above the box in the first image, as the blanket is on the bed and the box is on the floor, and in the second image, the box is positioned on the floor and the blanket is not visible.","the blanket(red bbox) holds a position to the left and above the box(blue bbox). From this vantage, it seems closer. The the blanket(red bbox) and the box(blue bbox) are in front of the observer.
",209,196,0.0,0.016508791086203053,0.6660834550857544,0.36000000000000004,0.4443434857601178,0.4443434857601178,sentence
929,obj_spatial_relation_oo_mv,"<|im_start|>system
You are a helpful assistant.<|im_end|>
<|im_start|>user
<|vision_start|><|image_pad|><|image_pad|><|image_pad|><|image_pad|><|image_pad|><|image_pad|><|image_pad|><|image_pad|><|ima...","The foldable mattress (red bbox: [0, 54, 179, 753]) is to the left of the structure (blue bbox: [909, 210, 972, 268]) as seen by the observer.","the foldable mattress(red bbox) resides to the left and below when viewed in relation to the structure(blue bbox). This gives it a closer appearance. The the foldable mattress(red bbox) and the structure(blue bbox) are in front of the observer.
",142,245,0.0,0.03665736704540121,0.8514017462730408,0.15,0.4780323465456006,0.4780323465456006,sentence
930,obj_spatial_relation_oo_mv,"<|im_start|>system
You are a helpful assistant.<|im_end|>
<|im_start|>user
<|vision_start|><|image_pad|><|image_pad|><|image_pad|><|image_pad|><|image_pad|><|image_pad|><|image_pad|><|image_pad|><|ima...","The cable duct (red bbox: [198, 168, 999, 579]) is not present in the first image, while the pipe (blue bbox: [727, 100, 776, 139]) is not present in the second image either. Therefore, it is not possible to compare their relative positions in the two images.","To describe it, the cable duct(red bbox) is to the left and above the pipe(blue bbox). It seems closer from this viewpoint. The the cable duct(red bbox) and the pipe(blue bbox) are in front of the observer.
",259,207,0.0,0.012362883593468847,0.7140218615531921,0.18000000000000002,0.41348350749528984,0.41348350749528984,sentence
931,obj_spatial_relation_oo_mv,"<|im_start|>system
You are a helpful assistant.<|im_end|>
<|im_start|>user
<|vision_start|><|image_pad|><|image_pad|><|image_pad|><|image_pad|><|image_pad|><|image_pad|><|image_pad|><|image_pad|><|ima...",The office chair is to the right of the heater.,"In reference to the heater(blue bbox), the office chair(red bbox) is to the left and . It also appears closer when observed. The the office chair(red bbox) and the heater(blue bbox) are in front of the observer.
",47,212,0.0,0.010317792096340745,0.7579662203788757,0.0,0.5443523837267229,0.5443523837267229,sentence
932,obj_spatial_relation_oo_mv,"<|im_start|>system
You are a helpful assistant.<|im_end|>
<|im_start|>user
<|vision_start|><|image_pad|><|image_pad|><|image_pad|><|image_pad|><|image_pad|><|image_pad|><|image_pad|><|image_pad|><|ima...","There is no pipe or notebook present in the images provided, hence the relative spatial location cannot be determined.","In relation to the notebook(blue bbox), the pipe(red bbox) is positioned to the left and below. It also seems farther from here. The the pipe(red bbox) and the notebook(blue bbox) are in front of the observer.
",118,210,0.0,0.005885548895178888,0.45100778341293335,0.18000000000000002,0.28068100148550246,0.28068100148550246,sentence
933,obj_spatial_relation_oo_mv,"<|im_start|>system
You are a helpful assistant.<|im_end|>
<|im_start|>user
<|vision_start|><|image_pad|><|image_pad|><|image_pad|><|image_pad|><|image_pad|><|image_pad|><|image_pad|><|image_pad|><|ima...","The windowsill (red bbox: [624, 485, 999, 999]) is positioned above the cable duct (blue bbox: [198, 168, 999, 579]) in the first image, as it is closer to the top of the image.","In reference to the cable duct(blue bbox), the windowsill(red bbox) is to the right and below. It also appears farther when observed. The the windowsill(red bbox) and the cable duct(blue bbox) are in front of the observer.
",177,223,0.0,0.021363984359735043,0.8751121759414673,0.18000000000000002,0.4958288848426806,0.4958288848426806,sentence
934,obj_spatial_relation_oo_mv,"<|im_start|>system
You are a helpful assistant.<|im_end|>
<|im_start|>user
<|vision_start|><|image_pad|><|image_pad|><|image_pad|><|image_pad|><|image_pad|><|image_pad|><|image_pad|><|image_pad|><|ima...","The pipe is located to the right of the power sockets in the main perspective (Image 1). The observer's viewpoint in Image 1700 suggests that the pipe is positioned at a lower elevation compared to the power sockets in Image 10730, indicating a possible difference in the installation height of the pipe and the power sockets.","From this angle, the pipe(red bbox) is seen  below in relation to the power sockets(blue bbox). It may also be farther. The the pipe(red bbox) and the power sockets(blue bbox) are in front of the observer.
",326,206,0.0,0.03549988305905961,0.7501903176307678,0.45,0.5171951354271959,0.5171951354271959,sentence
935,obj_spatial_relation_oo_mv,"<|im_start|>system
You are a helpful assistant.<|im_end|>
<|im_start|>user
<|vision_start|><|image_pad|><|image_pad|><|image_pad|><|image_pad|><|image_pad|><|image_pad|><|image_pad|><|image_pad|><|ima...",The chair is to the left of the curtain.,"the chair(red bbox) is seen in a position to the left below the curtain(blue bbox). It seems farther in this setup. The the chair(red bbox) is in front of the observer. The the curtain(blue bbox) is behind the observer.
",40,220,0.0,0.005791100528362494,0.7365603446960449,0.2571428571428571,0.4465812495965521,0.4465812495965521,sentence
936,obj_spatial_relation_oo_mv,"<|im_start|>system
You are a helpful assistant.<|im_end|>
<|im_start|>user
<|vision_start|><|image_pad|><|image_pad|><|image_pad|><|image_pad|><|image_pad|><|image_pad|><|image_pad|><|image_pad|><|ima...","The pipe (red bbox: [232, 390, 259, 469]) is not positioned relative to the office chair (blue bbox: [554, 128, 653, 361]) as the second image does not contain the office chair. The pipe is located on the wall to the left of the window, and the office chair is on the right side of the room.","From this position, the pipe(red bbox) looks to the right  the office chair(blue bbox). It is also farther as seen. The the pipe(red bbox) and the office chair(blue bbox) are in front of the observer.
",291,201,0.0,0.03121445771309794,0.8438287377357483,0.45,0.5631572604104937,0.5631572604104937,sentence
937,obj_spatial_relation_oo_mv,"<|im_start|>system
You are a helpful assistant.<|im_end|>
<|im_start|>user
<|vision_start|><|image_pad|><|image_pad|><|image_pad|><|image_pad|><|image_pad|><|image_pad|><|image_pad|><|image_pad|><|ima...","The windowsill (red bbox: [0, 177, 120, 310]) and the intercom (blue bbox: [495, 242, 566, 306]) are not visible in the images provided, so it's not possible to determine their spatial relationship based on the given information.","Examining the intercom(blue bbox), the windowsill(red bbox) is to the left and below. It might also appear farther. The the windowsill(red bbox) and the intercom(blue bbox) are in front of the observer.
",229,203,0.0,0.014577516118523641,0.7370182275772095,0.18000000000000002,0.42542461701230944,0.42542461701230944,sentence
938,obj_spatial_relation_oo_mv,"<|im_start|>system
You are a helpful assistant.<|im_end|>
<|im_start|>user
<|vision_start|><|image_pad|><|image_pad|><|image_pad|><|image_pad|><|image_pad|><|image_pad|><|image_pad|><|image_pad|><|ima...","The windowsill (red bbox: [0, 177, 120, 310]) is positioned above the cable duct (blue bbox: [835, 392, 999, 595]) in the first image. In the observer's viewpoint, the windowsill is further away from the observer than the cable duct, which is closer to the observer's perspective.","the windowsill(red bbox) is spatially to the left and below with respect to the cable duct(blue bbox). It seems farther to the observer. The the windowsill(red bbox) and the cable duct(blue bbox) are in front of the observer.
",280,226,0.0,0.01737344452227641,0.9330717325210571,0.36000000000000004,0.5780105551649838,0.5780105551649838,sentence
939,obj_spatial_relation_oo_mv,"<|im_start|>system
You are a helpful assistant.<|im_end|>
<|im_start|>user
<|vision_start|><|image_pad|><|image_pad|><|image_pad|><|image_pad|><|image_pad|><|image_pad|><|image_pad|><|image_pad|><|ima...","The jacket (red bbox: [673, 817, 790, 999]) appears to be located in front of the power sockets (blue bbox: [925, 816, 999, 980]) relative to the observer.","the jacket(red bbox) seems to occupy a position to the left and  in relation to the power sockets(blue bbox). This makes it appear closer. The the jacket(red bbox) and the power sockets(blue bbox) are in front of the observer.
",155,227,0.0,0.08439579997659592,0.8423508405685425,0.36000000000000004,0.5460545802795904,0.5460545802795904,sentence
940,obj_spatial_relation_oo_mv,"<|im_start|>system
You are a helpful assistant.<|im_end|>
<|im_start|>user
<|vision_start|><|image_pad|><|image_pad|><|image_pad|><|image_pad|><|image_pad|><|image_pad|><|image_pad|><|image_pad|><|ima...","In the first image, the shelf is positioned to the left of the curtain rail, while in the second image, the shelf is positioned to the right of the curtain rail. The shelf appears to be higher than the curtain rail in the first image and at the same level as the curtain rail in the second image.","The arrangement shows the shelf(red bbox) as to the left below the curtain rail(blue bbox). It also seems closer from this view. The the shelf(red bbox) and the curtain rail(blue bbox) are in front of the observer.
",296,215,0.0,0.029772075064752827,0.7352819442749023,0.36000000000000004,0.48159538715040173,0.48159538715040173,sentence
941,obj_spatial_relation_oo_mv,"<|im_start|>system
You are a helpful assistant.<|im_end|>
<|im_start|>user
<|vision_start|><|image_pad|><|image_pad|><|image_pad|><|image_pad|><|image_pad|><|image_pad|><|image_pad|><|image_pad|><|ima...","The electrical duct (red bbox: [424, 87, 999, 303]) is positioned above the shelf (blue bbox: [40, 292, 297, 333]) in the primary view, which is the first image. The observer's viewpoint in the first image suggests that the shelf is on the ground level, while the electrical duct is higher up, likely attached to the wall or ceiling. The relative positioning of these objects does not change significantly between the first and second images, as the second image is taken from a slightly different angle but still shows the same objects in the same relative positions.","Relative to the shelf(blue bbox), the electrical duct(red bbox) is to the right and above. To the observer, it might seem closer. The the electrical duct(red bbox) is behind the observer. The the shelf(blue bbox) is in front of the observer.
",568,242,0.0,0.009216461347242317,0.8474334478378296,0.3,0.5155600161883632,0.5155600161883632,sentence
942,obj_spatial_relation_oo_mv,"<|im_start|>system
You are a helpful assistant.<|im_end|>
<|im_start|>user
<|vision_start|><|image_pad|><|image_pad|><|image_pad|><|image_pad|><|image_pad|><|image_pad|><|image_pad|><|image_pad|><|ima...","The box is to the right of the shelf in the first image, while it is not visible in the second image.","the box(red bbox) is clearly to the right and above the shelf(blue bbox). When observed, it is farther. The the box(red bbox) and the shelf(blue bbox) are in front of the observer.
",101,181,0.0,0.04589837750489991,0.7062374949455261,0.36000000000000004,0.470298422973743,0.470298422973743,sentence
943,obj_spatial_relation_oo_mv,"<|im_start|>system
You are a helpful assistant.<|im_end|>
<|im_start|>user
<|vision_start|><|image_pad|><|image_pad|><|image_pad|><|image_pad|><|image_pad|><|image_pad|><|image_pad|><|image_pad|><|ima...",The bottle is to the left of the box.,"To the observer, the bottle(red bbox) seems to the left and above the box(blue bbox).  The the bottle(red bbox) and the box(blue bbox) are in front of the observer.
",37,165,0.0,0.016926759781399108,0.6470518112182617,0.225,0.3944112575654107,0.3944112575654107,sentence
944,obj_spatial_relation_oo_mv,"<|im_start|>system
You are a helpful assistant.<|im_end|>
<|im_start|>user
<|vision_start|><|image_pad|><|image_pad|><|image_pad|><|image_pad|><|image_pad|><|image_pad|><|image_pad|><|image_pad|><|ima...","The container is spatially located to the right and slightly above the plant in the first image, while in the second image, the container is to the right of the plant, but it is not possible to determine their exact relative positions due to the lack of information about the camera poses and translation vectors in the second image.","the container(red bbox) can be described as being to the left below in relation to the plant(blue bbox).  The the container(red bbox) and the plant(blue bbox) are in front of the observer.
",333,189,0.0,0.013746129461298865,0.6261509656906128,0.225,0.3833247087375662,0.3833247087375662,sentence
945,obj_spatial_relation_oo_mv,"<|im_start|>system
You are a helpful assistant.<|im_end|>
<|im_start|>user
<|vision_start|><|image_pad|><|image_pad|><|image_pad|><|image_pad|><|image_pad|><|image_pad|><|image_pad|><|image_pad|><|ima...","In the first image, the bottle is located at a specific 3D position within the room, and the lounge pug is not visible in the first image. However, in the second image, the lounge pug is positioned to the left of the bed, which is further to the right than the location of the bottle in the first image. Since the second image is taken from a different angle and perspective, the position of the lounge pug in the second image is not directly comparable to the bottle's position in the first image. Therefore, we cannot definitively say whether the lounge pug is to the left or right of the bottle in the second image based on the given information.","the lounge pug(red bbox) is to the left below with the bottle(blue bbox). From here, it appears closer. The the lounge pug(red bbox) and the bottle(blue bbox) are in front of the observer.
",649,189,0.0,0.032648481400044144,0.6805762052536011,0.36000000000000004,0.45481779890680935,0.45481779890680935,sentence
946,obj_spatial_relation_oo_mv,"<|im_start|>system
You are a helpful assistant.<|im_end|>
<|im_start|>user
<|vision_start|><|image_pad|><|image_pad|><|image_pad|><|image_pad|><|image_pad|><|image_pad|><|image_pad|><|image_pad|><|ima...","The shelf (red bbox: [0, 638, 149, 706]) is located in front of the power socket (blue bbox: [475, 465, 483, 501]).","the shelf(red bbox), as observed, is located to the left above the power socket(blue bbox). It appears to be farther from this perspective. The the shelf(red bbox) and the power socket(blue bbox) are in front of the observer.
",115,226,0.0,0.0706017671350423,0.8966483473777771,0.36000000000000004,0.570444527115897,0.570444527115897,sentence
947,obj_spatial_relation_oo_mv,"<|im_start|>system
You are a helpful assistant.<|im_end|>
<|im_start|>user
<|vision_start|><|image_pad|><|image_pad|><|image_pad|><|image_pad|><|image_pad|><|image_pad|><|image_pad|><|image_pad|><|ima...",There are no plate (red) and pouch (blue) in the second image.,"To describe the scene, the plate(red bbox) is to the right below the pouch(blue bbox). Additionally, it seems farther to the observer. The the plate(red bbox) and the pouch(blue bbox) are in front of the observer.
",62,214,0.0,0.0032600324564242555,0.6697934865951538,0.18000000000000002,0.3895487497888617,0.3895487497888617,sentence
948,obj_spatial_relation_oo_mv,"<|im_start|>system
You are a helpful assistant.<|im_end|>
<|im_start|>user
<|vision_start|><|image_pad|><|image_pad|><|image_pad|><|image_pad|><|image_pad|><|image_pad|><|image_pad|><|image_pad|><|ima...","The bottle is positioned to the left of the plant, with a horizontal distance of approximately 3 units in the first image, while in the second image, the horizontal distance between the bottle and the plant is about 3 units.","the bottle(red bbox) is spatially to the left and below with respect to the plant(blue bbox). It seems closer to the observer. The the bottle(red bbox) and the plant(blue bbox) are in front of the observer.
",224,207,0.0,0.04066870399856362,0.6916666030883789,0.36000000000000004,0.4619670423439022,0.4619670423439022,sentence
949,obj_spatial_relation_oo_mv,"<|im_start|>system
You are a helpful assistant.<|im_end|>
<|im_start|>user
<|vision_start|><|image_pad|><|image_pad|><|image_pad|><|image_pad|><|image_pad|><|image_pad|><|image_pad|><|image_pad|><|ima...",The plant is located to the left of the air conditioner when viewed from the observer's perspective.,"In reference to the air conditioner(blue bbox), the plant(red bbox) is to the left and above.  The the plant(red bbox) and the air conditioner(blue bbox) are in front of the observer.
",100,184,0.0,0.039104280211682725,0.7397410273551941,0.225,0.4451913697199336,0.4451913697199336,sentence
950,obj_spatial_relation_oo_mv,"<|im_start|>system
You are a helpful assistant.<|im_end|>
<|im_start|>user
<|vision_start|><|image_pad|><|image_pad|><|image_pad|><|image_pad|><|image_pad|><|image_pad|><|image_pad|><|image_pad|><|ima...",The bed is to the right of the plush doll.,"From this angle, the bed(red bbox) is seen to the left  in relation to the plush doll(blue bbox). It may also be closer. The the bed(red bbox) and the plush doll(blue bbox) are in front of the observer.
",42,203,0.0,0.0048856532470904135,0.690851092338562,0.0,0.49486096688385584,0.49486096688385584,sentence
951,obj_spatial_relation_oo_mv,"<|im_start|>system
You are a helpful assistant.<|im_end|>
<|im_start|>user
<|vision_start|><|image_pad|><|image_pad|><|image_pad|><|image_pad|><|image_pad|><|image_pad|><|image_pad|><|image_pad|><|ima...","The picture (red bbox: [888, 101, 999, 295]) appears to be located above the cabinet (blue bbox: [0, 433, 64, 478]) in relation to the observer.","Observationally, the picture(red bbox) is to the right and above the cabinet(blue bbox). It appears closer in proximity. The the picture(red bbox) and the cabinet(blue bbox) are in front of the observer.
",144,204,0.0,0.02270481137811642,0.8900303244590759,0.36000000000000004,0.5575561245051612,0.5575561245051612,sentence
952,obj_spatial_relation_oo_mv,"<|im_start|>system
You are a helpful assistant.<|im_end|>
<|im_start|>user
<|vision_start|><|image_pad|><|image_pad|><|image_pad|><|image_pad|><|image_pad|><|image_pad|><|image_pad|><|image_pad|><|ima...",There is no tissue box in the second image.,"the tissue box(red bbox) is to the left above with the power socket(blue bbox).  The the tissue box(red bbox) and the power socket(blue bbox) are in front of the observer.
",43,172,0.0,0.003288635647171524,0.5322292447090149,0.225,0.33427234948394174,0.33427234948394174,sentence
953,obj_spatial_relation_oo_mv,"<|im_start|>system
You are a helpful assistant.<|im_end|>
<|im_start|>user
<|vision_start|><|image_pad|><|image_pad|><|image_pad|><|image_pad|><|image_pad|><|image_pad|><|image_pad|><|image_pad|><|ima...","To determine the spatial orientation of the bedside lamp and the cabinet from the observer's perspective, we would need to use the camera poses and translation vectors provided. However, the provided camera poses and translation vectors are for the first image and do not correspond to the second image, which means we cannot use them to determine the spatial orientation of the objects in the second image. Therefore, we cannot judge the spatial orientation of the bedside lamp and the cabinet in relation to each other in the second image based on the information provided.","In the scene, the bedside lamp(red bbox) is to the right above the cabinet(blue bbox). It is also perceived as closer relative to the observer. The the bedside lamp(red bbox) and the cabinet(blue bbox) are in front of the observer.
",575,232,0.0,0.01090373731330527,0.6213706731796265,0.3,0.40286608405247426,0.40286608405247426,sentence
954,obj_spatial_relation_oo_mv,"<|im_start|>system
You are a helpful assistant.<|im_end|>
<|im_start|>user
<|vision_start|><|image_pad|><|image_pad|><|image_pad|><|image_pad|><|image_pad|><|image_pad|><|image_pad|><|image_pad|><|ima...","The light switch (red bbox: [633, 240, 660, 293]) is positioned lower and more to the right in the second image compared to the pillow (blue bbox: [162, 151, 295, 181]) in the first image.","the light switch(red bbox) appears to the observer as being to the right and above the pillow(blue bbox). It also seems closer. The the light switch(red bbox) and the pillow(blue bbox) are in front of the observer.
",188,215,0.0,0.04085485012945641,0.8281419277191162,0.36000000000000004,0.5302419338854494,0.5302419338854494,sentence
955,obj_spatial_relation_oo_mv,"<|im_start|>system
You are a helpful assistant.<|im_end|>
<|im_start|>user
<|vision_start|><|image_pad|><|image_pad|><|image_pad|><|image_pad|><|image_pad|><|image_pad|><|image_pad|><|image_pad|><|ima...",The robot vacuum cleaner is to the left of the jacket.,"the robot vacuum cleaner(red bbox) holds a position to the right and below the jacket(blue bbox). From this vantage, it seems farther. The the robot vacuum cleaner(red bbox) and the jacket(blue bbox) are in front of the observer.
",54,230,0.0,0.01177911511146669,0.7843158841133118,0.0,0.5635910929699275,0.5635910929699275,sentence
956,obj_spatial_relation_oo_mv,"<|im_start|>system
You are a helpful assistant.<|im_end|>
<|im_start|>user
<|vision_start|><|image_pad|><|image_pad|><|image_pad|><|image_pad|><|image_pad|><|image_pad|><|image_pad|><|image_pad|><|ima...",The light switch is to the right of the pillow.,"Observing the light switch(red bbox) reveals it is to the right above the pillow(blue bbox). It is perceived as farther. The the light switch(red bbox) and the pillow(blue bbox) are in front of the observer.
",47,208,0.0,0.029135914759814006,0.7194832563400269,0.18000000000000002,0.41956881112197625,0.41956881112197625,sentence
957,obj_spatial_relation_oo_mv,"<|im_start|>system
You are a helpful assistant.<|im_end|>
<|im_start|>user
<|vision_start|><|image_pad|><|image_pad|><|image_pad|><|image_pad|><|image_pad|><|image_pad|><|image_pad|><|image_pad|><|ima...","The curtain rod and the robot vacuum cleaner are not in the same image, and therefore cannot be compared in terms of spatial relationship from the given viewpoints and camera poses. The first image shows a bedroom scene with a curtain rod, while the robot vacuum cleaner is not present in the first image or its corresponding visualization.","In the scene, the curtain rod(red bbox) is to the right above the robot vacuum cleaner(blue bbox). It is also perceived as farther relative to the observer. The the curtain rod(red bbox) and the robot vacuum cleaner(blue bbox) are in front of the observer.
",340,257,0.0,0.0791188256545285,0.7005106210708618,0.18000000000000002,0.4200790756663366,0.4200790756663366,sentence
958,obj_spatial_relation_oo_mv,"<|im_start|>system
You are a helpful assistant.<|im_end|>
<|im_start|>user
<|vision_start|><|image_pad|><|image_pad|><|image_pad|><|image_pad|><|image_pad|><|image_pad|><|image_pad|><|image_pad|><|ima...","The light switch (red bbox: [862, 428, 879, 467]) is located to the right of the cabinet (blue bbox: [0, 348, 105, 585]) in the observer's viewpoint.","the light switch(red bbox), as observed, is located to the right above the cabinet(blue bbox). It appears to be farther from this perspective. The the light switch(red bbox) and the cabinet(blue bbox) are in front of the observer.
",149,231,0.0,0.11651099655460564,0.9295051097869873,0.36000000000000004,0.5960547542044148,0.5960547542044148,sentence
959,obj_spatial_relation_oo_mv,"<|im_start|>system
You are a helpful assistant.<|im_end|>
<|im_start|>user
<|vision_start|><|image_pad|><|image_pad|><|image_pad|><|image_pad|><|image_pad|><|image_pad|><|image_pad|><|image_pad|><|ima...","In the first image, the curtain rod (red bbox: [503, 71, 999, 183]) appears above the curtain (blue bbox: [610, 0, 757, 665]). The 3D center points of the curtain rod and the curtain in the first image are approximately at (999.5, 999.5) and (665, 0) respectively. In the second image, the 3D center points of the curtain rod and the curtain are approximately at (999.5, 999.5) and (665, 0) respectively.","the curtain rod(red bbox) lies to the left and  relative to the curtain(blue bbox). It seems farther when viewed. The the curtain rod(red bbox) and the curtain(blue bbox) are in front of the observer.
",404,201,0.0,0.012448539701173243,0.738503098487854,0.225,0.4392412571841617,0.4392412571841617,sentence
960,obj_spatial_relation_oo_mv,"<|im_start|>system
You are a helpful assistant.<|im_end|>
<|im_start|>user
<|vision_start|><|image_pad|><|image_pad|><|image_pad|><|image_pad|><|image_pad|><|image_pad|><|image_pad|><|image_pad|><|ima...","In the first image, the mug (blue bbox: [112, 383, 207, 531]) is located on the desk and is to the right of the computer mouse. In the second image, the spray bottle (red bbox: [420, 293, 427, 304]) is also on the desk, but it is positioned further back on the desk, closer to the left side of the desk compared to the mug in the first image. The spatial relationship between the spray bottle and the mug is such that the spray bottle is behind the mug when viewed from the observer's perspective.","From this position, the spray bottle(red bbox) looks to the left below the mug(blue bbox). It is also farther as seen. The the spray bottle(red bbox) is behind the observer. The the mug(blue bbox) is in front of the observer.
",497,226,0.0,0.026831394071811357,0.851143479347229,0.45,0.5659380184879768,0.5659380184879768,sentence
961,obj_spatial_relation_oo_mv,"<|im_start|>system
You are a helpful assistant.<|im_end|>
<|im_start|>user
<|vision_start|><|image_pad|><|image_pad|><|image_pad|><|image_pad|><|image_pad|><|image_pad|><|image_pad|><|image_pad|><|ima...","The table (red bbox: [0, 0, 752, 796]) is positioned in front of the paper tray (blue bbox: [558, 127, 642, 247]) in the first image. In the second image, the table is not visible, indicating it might be out of the frame or the observer is looking at a different part of the room. The camera poses and intrinsic parameters do not provide information about the relative positioning of the table and the paper tray in the second image.","the table(red bbox) exists  below relative to the paper tray(blue bbox).  The the table(red bbox) and the paper tray(blue bbox) are in front of the observer.
",433,158,0.0,0.04982856300360744,0.8330125212669373,0.6,0.6064719732341901,0.6064719732341901,sentence
962,obj_spatial_relation_oo_mv,"<|im_start|>system
You are a helpful assistant.<|im_end|>
<|im_start|>user
<|vision_start|><|image_pad|><|image_pad|><|image_pad|><|image_pad|><|image_pad|><|image_pad|><|image_pad|><|image_pad|><|ima...","The papers are located to the right of the mug in the first image. In the second image, the mug is not present, but the papers are still located to the right of the mug's previous position.","From this position, the papers(red bbox) looks to the left above the mug(blue bbox). It is also farther as seen. The the papers(red bbox) is in front of the observer. The the mug(blue bbox) is  the observer.
",189,208,0.0,0.020124752149761872,0.7182128429412842,0.18000000000000002,0.41713137190059446,0.41713137190059446,sentence
963,obj_spatial_relation_oo_mv,"<|im_start|>system
You are a helpful assistant.<|im_end|>
<|im_start|>user
<|vision_start|><|image_pad|><|image_pad|><|image_pad|><|image_pad|><|image_pad|><|image_pad|><|image_pad|><|image_pad|><|ima...","In the first image, the spray bottle is positioned in the foreground, closer to the camera, while the monitor is further back in the background. In the second image, the spray bottle is not visible, and the monitor is in a different position, but based on the provided camera poses and intrinsic parameters, the monitor appears to be positioned further away from the camera than in the first image. Therefore, based on the provided information, the spray bottle is positioned closer to the camera than the monitor in the first image, and the monitor is positioned further away from the camera than in the first image in the second image.","the spray bottle(red bbox) resides to the left and  when viewed in relation to the monitor(blue bbox). This gives it a farther appearance. The the spray bottle(red bbox) and the monitor(blue bbox) are in front of the observer.
",637,227,0.0,0.00871697534593749,0.762980580329895,0.36000000000000004,0.491233685234135,0.491233685234135,sentence
964,obj_spatial_relation_oo_mv,"<|im_start|>system
You are a helpful assistant.<|im_end|>
<|im_start|>user
<|vision_start|><|image_pad|><|image_pad|><|image_pad|><|image_pad|><|image_pad|><|image_pad|><|image_pad|><|image_pad|><|ima...","The papers are positioned to the right of the coffee machine, as the red bounding box for the papers is on the right side of the blue bounding box for the coffee machine.","the papers(red bbox), as observed, is located to the right below the coffee machine(blue bbox). It appears to be closer from this perspective. The the papers(red bbox) is in front of the observer. The the coffee machine(blue bbox) is behind the observer.
",170,255,0.0,0.04002069713972322,0.8007824420928955,0.3,0.49839536047439237,0.49839536047439237,sentence
965,obj_spatial_relation_oo_mv,"<|im_start|>system
You are a helpful assistant.<|im_end|>
<|im_start|>user
<|vision_start|><|image_pad|><|image_pad|><|image_pad|><|image_pad|><|image_pad|><|image_pad|><|image_pad|><|image_pad|><|ima...","The monitor is positioned in front of the papers, closer to the camera's perspective in the second image compared to the first image. This can be inferred from the camera poses and translation vectors, where the second image has a smaller translation vector, indicating a closer proximity to the objects.","Looking at the setup, the monitor(red bbox) is positioned to the right and  the papers(blue bbox). To the observer, it seems closer. The the monitor(red bbox) and the papers(blue bbox) are in front of the observer.
",304,215,0.0,0.0767713207708933,0.7160754203796387,0.54,0.535391974343998,0.535391974343998,sentence
966,obj_spatial_relation_oo_mv,"<|im_start|>system
You are a helpful assistant.<|im_end|>
<|im_start|>user
<|vision_start|><|image_pad|><|image_pad|><|image_pad|><|image_pad|><|image_pad|><|image_pad|><|image_pad|><|image_pad|><|ima...","In the first image, the table is positioned to the left of the telephone, with the table's left edge closer to the viewer than the telephone. In the second image, the perspective shifts, but the relative position of the table and the telephone remains consistent, with the table still to the left of the telephone.","the table(red bbox) exists to the right below relative to the telephone(blue bbox). To the viewer, it seems closer. The the table(red bbox) and the telephone(blue bbox) are in front of the observer.
",314,199,0.0,0.01739828337747427,0.7534156441688538,0.36000000000000004,0.48818747875992174,0.48818747875992174,sentence
967,obj_spatial_relation_oo_mv,"<|im_start|>system
You are a helpful assistant.<|im_end|>
<|im_start|>user
<|vision_start|><|image_pad|><|image_pad|><|image_pad|><|image_pad|><|image_pad|><|image_pad|><|image_pad|><|image_pad|><|ima...","There are no papers or headphones in the second image, so it's impossible to calculate the spatial relationship between them.","From a spatial perspective, the papers(red bbox) is to the right and above the headphones(blue bbox). It looks farther in this view. The the papers(red bbox) and the headphones(blue bbox) are in front of the observer.
",125,218,0.0,0.006772140680311052,0.5961464643478394,0.18000000000000002,0.3534276603099819,0.3534276603099819,sentence
968,obj_spatial_relation_oo_mv,"<|im_start|>system
You are a helpful assistant.<|im_end|>
<|im_start|>user
<|vision_start|><|image_pad|><|image_pad|><|image_pad|><|image_pad|><|image_pad|><|image_pad|><|image_pad|><|image_pad|><|ima...","The flower pot is to the left of the network outlet in the primary perspective, based on the initial image. In the visualization images, the flower pot (red bbox) is positioned to the left of the network outlet (blue bbox) in all three images. This suggests that the flower pot is closer to the left side of the scene in the initial image, relative to the network outlet.","the flower pot(red bbox) is clearly to the right and above the network outlet(blue bbox). When observed, it is closer. The the flower pot(red bbox) is behind the observer. The the network outlet(blue bbox) is in front of the observer.
",371,235,0.0,0.016560333622783228,0.8480429649353027,0.45,0.562333549192208,0.562333549192208,sentence
969,obj_spatial_relation_oo_mv,"<|im_start|>system
You are a helpful assistant.<|im_end|>
<|im_start|>user
<|vision_start|><|image_pad|><|image_pad|><|image_pad|><|image_pad|><|image_pad|><|image_pad|><|image_pad|><|image_pad|><|ima...","The vase (red bbox: [195, 641, 381, 919]) lies in front of the box (blue bbox: [942, 622, 999, 757]) in the first image.","the vase(red bbox) seems to occupy a position to the left and above in relation to the box(blue bbox). This makes it appear farther. The the vase(red bbox) and the box(blue bbox) are in front of the observer.
",120,209,0.0,0.06321623277507298,0.7807979583740234,0.36000000000000004,0.5110422257420263,0.5110422257420263,sentence
970,obj_spatial_relation_oo_mv,"<|im_start|>system
You are a helpful assistant.<|im_end|>
<|im_start|>user
<|vision_start|><|image_pad|><|image_pad|><|image_pad|><|image_pad|><|image_pad|><|image_pad|><|image_pad|><|image_pad|><|ima...",The pipe is to the left of the tap in the first image and to the right of the tap in the second image.,"The observer notes the pipe(red bbox) is  below the tap(blue bbox).  The the pipe(red bbox) and the tap(blue bbox) are in front of the observer.
",102,145,0.0,0.02458143909150987,0.6493467688560486,0.3,0.41958967224632626,0.41958967224632626,sentence
971,obj_spatial_relation_oo_mv,"<|im_start|>system
You are a helpful assistant.<|im_end|>
<|im_start|>user
<|vision_start|><|image_pad|><|image_pad|><|image_pad|><|image_pad|><|image_pad|><|image_pad|><|image_pad|><|image_pad|><|ima...",The pipe is to the right of the trash can.,"the pipe(red bbox) is seen to be to the right  the trash can(blue bbox). It may also appear farther to the observer. The the pipe(red bbox) and the trash can(blue bbox) are in front of the observer.
",42,199,0.0,0.010668043043839283,0.7398654222488403,0.225,0.43956631973318805,0.43956631973318805,sentence
972,obj_spatial_relation_oo_mv,"<|im_start|>system
You are a helpful assistant.<|im_end|>
<|im_start|>user
<|vision_start|><|image_pad|><|image_pad|><|image_pad|><|image_pad|><|image_pad|><|image_pad|><|image_pad|><|image_pad|><|ima...","In the first image, the sink is positioned in front of the paper towel dispenser, as it is in the same area and closer to the camera's perspective.","From the observer's standpoint, the sink(red bbox) sits to the right below the paper towel dispenser(blue bbox). It can also be considered closer. The the sink(red bbox) and the paper towel dispenser(blue bbox) are in front of the observer.
",147,241,0.0,0.09973084230152934,0.7648921608924866,0.45,0.5373922489065491,0.5373922489065491,sentence
973,obj_spatial_relation_oo_mv,"<|im_start|>system
You are a helpful assistant.<|im_end|>
<|im_start|>user
<|vision_start|><|image_pad|><|image_pad|><|image_pad|><|image_pad|><|image_pad|><|image_pad|><|image_pad|><|image_pad|><|ima...","The paper towel dispenser is located on the wall to the left of the trash can in the first image. In the second image, the paper towel dispenser has been added above the trash can, closer to the left side of the wall. The observer's perspective, calculated from the camera poses, indicates that the dispenser is slightly further away from the left edge in the second image compared to the first.","Looking closer, the paper towel dispenser(red bbox) is to the right above in relation to the trash can(blue bbox). It might also be farther. The the paper towel dispenser(red bbox) and the trash can(blue bbox) are in front of the observer.
",395,240,0.0,0.035249018375964294,0.8082529902458191,0.6,0.5911762987981023,0.5911762987981023,sentence
974,obj_spatial_relation_oo_mv,"<|im_start|>system
You are a helpful assistant.<|im_end|>
<|im_start|>user
<|vision_start|><|image_pad|><|image_pad|><|image_pad|><|image_pad|><|image_pad|><|image_pad|><|image_pad|><|image_pad|><|ima...","The light switch is located to the left of the pipe in the first image. However, the light switch is not present in the second image, so we cannot determine its position relative to the pipe in the second image.","the light switch(red bbox) holds a position to the left and above the pipe(blue bbox). From this vantage, it seems farther. The the light switch(red bbox) and the pipe(blue bbox) are in front of the observer.
",211,209,0.0,0.042266572401851284,0.7218418121337891,0.36000000000000004,0.47737422054726475,0.47737422054726475,sentence
975,obj_spatial_relation_oo_mv,"<|im_start|>system
You are a helpful assistant.<|im_end|>
<|im_start|>user
<|vision_start|><|image_pad|><|image_pad|><|image_pad|><|image_pad|><|image_pad|><|image_pad|><|image_pad|><|image_pad|><|ima...",The soap is located to the right of the pipe.,"To describe it, the soap(red bbox) is to the right and above the pipe(blue bbox). It seems farther from this viewpoint. The the soap(red bbox) and the pipe(blue bbox) are in front of the observer.
",45,197,0.0,0.01172764968698494,0.7612559199333191,0.18000000000000002,0.43697348990405654,0.43697348990405654,sentence
976,obj_spatial_relation_oo_mv,"<|im_start|>system
You are a helpful assistant.<|im_end|>
<|im_start|>user
<|vision_start|><|image_pad|><|image_pad|><|image_pad|><|image_pad|><|image_pad|><|image_pad|><|image_pad|><|image_pad|><|ima...",The socket is not visible in the second image.,"the socket(red bbox) is clearly to the right and below the paper towel dispenser(blue bbox).  The the socket(red bbox) and the paper towel dispenser(blue bbox) are behind the observer.
",46,185,0.0,0.00342007805822536,0.54583740234375,0.225,0.34110271678352005,0.34110271678352005,sentence
977,obj_spatial_relation_oo_mv,"<|im_start|>system
You are a helpful assistant.<|im_end|>
<|im_start|>user
<|vision_start|><|image_pad|><|image_pad|><|image_pad|><|image_pad|><|image_pad|><|image_pad|><|image_pad|><|image_pad|><|ima...","The tap (red bbox: [821, 968, 849, 999]) is positioned to the right of the light switch (blue bbox: [638, 113, 666, 158]) in the first image.","In the scene, the tap(red bbox) is to the right below the light switch(blue bbox). It is also perceived as closer relative to the observer. The the tap(red bbox) and the light switch(blue bbox) are in front of the observer.
",141,224,0.0,0.03626733633847991,0.8129037618637085,0.36000000000000004,0.5217053481995502,0.5217053481995502,sentence
978,obj_spatial_relation_oo_mv,"<|im_start|>system
You are a helpful assistant.<|im_end|>
<|im_start|>user
<|vision_start|><|image_pad|><|image_pad|><|image_pad|><|image_pad|><|image_pad|><|image_pad|><|image_pad|><|image_pad|><|ima...","The tap and the soap are not present in the same image. The tap is in Image 2 and the soap is in Image 3, so it's not possible to compare their positions in the same image.","the tap(red bbox) is clearly to the left and below the soap(blue bbox). When observed, it is closer. The the tap(red bbox) is in front of the observer. The the soap(blue bbox) is  the observer.
",172,194,0.0,0.016230629896197737,0.6170425415039062,0.18000000000000002,0.3657673967311927,0.3657673967311927,sentence
979,obj_spatial_relation_oo_mv,"<|im_start|>system
You are a helpful assistant.<|im_end|>
<|im_start|>user
<|vision_start|><|image_pad|><|image_pad|><|image_pad|><|image_pad|><|image_pad|><|image_pad|><|image_pad|><|image_pad|><|ima...",The socket is closer to the observer than the pipe.,"the socket(red bbox) lies visibly to the left and below the pipe(blue bbox).  The the socket(red bbox) and the pipe(blue bbox) are in front of the observer.
",51,157,0.0,0.009696315640691053,0.7767776846885681,0.0,0.5576115792463175,0.5576115792463175,sentence
980,obj_spatial_relation_oo_mv,"<|im_start|>system
You are a helpful assistant.<|im_end|>
<|im_start|>user
<|vision_start|><|image_pad|><|image_pad|><|image_pad|><|image_pad|><|image_pad|><|image_pad|><|image_pad|><|image_pad|><|ima...",The light switch is located on the wall to the right of the paper bag.,"the light switch(red bbox) lies spatially to the right above the paper bag(blue bbox). It is also observed to be closer. The the light switch(red bbox) and the paper bag(blue bbox) are in front of the observer.
",70,211,0.0,0.025641373671073532,0.726749837398529,0.18000000000000002,0.42250319343347925,0.42250319343347925,sentence
981,obj_spatial_relation_oo_mv,"<|im_start|>system
You are a helpful assistant.<|im_end|>
<|im_start|>user
<|vision_start|><|image_pad|><|image_pad|><|image_pad|><|image_pad|><|image_pad|><|image_pad|><|image_pad|><|image_pad|><|ima...","The exit sign is located to the left of the window in the first image, and in the second image, it is to the left of the window as well. Since the camera poses and the normalized bounding box positions are not given, we can't calculate the exact 3D orientation, but the exit sign is on the same side relative to the window in both images.","the exit sign(red bbox) stands to the right and below relative to the window(blue bbox). It also appears farther in this configuration. The the exit sign(red bbox) is behind the observer. The the window(blue bbox) is in front of the observer.
",338,243,0.0,0.029214481468933323,0.655738353729248,0.15,0.37871207315841066,0.37871207315841066,sentence
982,obj_spatial_relation_oo_mv,"<|im_start|>system
You are a helpful assistant.<|im_end|>
<|im_start|>user
<|vision_start|><|image_pad|><|image_pad|><|image_pad|><|image_pad|><|image_pad|><|image_pad|><|image_pad|><|image_pad|><|ima...",The slipper is positioned to the left of the power socket.,"Placing the slipper(red bbox) spatially, it is  and below the power socket(blue bbox). This view also shows it as closer. The the slipper(red bbox) and the power socket(blue bbox) are in front of the observer.
",58,210,0.0,0.007039834011019595,0.7660207152366638,0.0,0.5491690348864798,0.5491690348864798,sentence
983,obj_spatial_relation_oo_mv,"<|im_start|>system
You are a helpful assistant.<|im_end|>
<|im_start|>user
<|vision_start|><|image_pad|><|image_pad|><|image_pad|><|image_pad|><|image_pad|><|image_pad|><|image_pad|><|image_pad|><|ima...",The cabinet is to the left of the pipe.,"the cabinet(red bbox) occupies a to the left and below spot relative to the pipe(blue bbox). It might also seem closer. The the cabinet(red bbox) and the pipe(blue bbox) are behind the observer.
",39,195,0.0,0.009369921121238469,0.7123289108276367,0.3,0.448038439638066,0.448038439638066,sentence
984,obj_spatial_relation_oo_mv,"<|im_start|>system
You are a helpful assistant.<|im_end|>
<|im_start|>user
<|vision_start|><|image_pad|><|image_pad|><|image_pad|><|image_pad|><|image_pad|><|image_pad|><|image_pad|><|image_pad|><|ima...","The bucket and the light switch do not appear in the same image, so it is not possible to calculate their spatial relationship based on the provided information.","Looking closer, the bucket(red bbox) is  below in relation to the light switch(blue bbox). It might also be farther. The the bucket(red bbox) and the light switch(blue bbox) are in front of the observer.
",161,204,0.0,0.03625230353479214,0.574691653251648,0.18000000000000002,0.3485962873327824,0.3485962873327824,sentence
985,obj_spatial_relation_oo_mv,"<|im_start|>system
You are a helpful assistant.<|im_end|>
<|im_start|>user
<|vision_start|><|image_pad|><|image_pad|><|image_pad|><|image_pad|><|image_pad|><|image_pad|><|image_pad|><|image_pad|><|ima...","The cable duct is located to the right of the window, based on the observations in the images.","the cable duct(red bbox) is seen to be to the right above the window(blue bbox). It may also appear closer to the observer. The the cable duct(red bbox) is behind the observer. The the window(blue bbox) is in front of the observer.
",94,232,0.0,0.023191064985521464,0.7767431139945984,0.3,0.4830097699944035,0.4830097699944035,sentence
986,obj_spatial_relation_oo_mv,"<|im_start|>system
You are a helpful assistant.<|im_end|>
<|im_start|>user
<|vision_start|><|image_pad|><|image_pad|><|image_pad|><|image_pad|><|image_pad|><|image_pad|><|image_pad|><|image_pad|><|ima...",The detergent is to the left of the ironing board.,"the detergent(red bbox) exists to the left above relative to the ironing board(blue bbox).  The the detergent(red bbox) and the ironing board(blue bbox) are in front of the observer.
",50,183,0.0,0.02296266860208243,0.7893409729003906,0.45,0.5342630201706118,0.5342630201706118,sentence
987,obj_spatial_relation_oo_mv,"<|im_start|>system
You are a helpful assistant.<|im_end|>
<|im_start|>user
<|vision_start|><|image_pad|><|image_pad|><|image_pad|><|image_pad|><|image_pad|><|image_pad|><|image_pad|><|image_pad|><|ima...","The light switch (red bbox: [98, 324, 160, 424]) is located to the left of the shoes (blue bbox: [506, 627, 605, 719]) in the two images.","the light switch(red bbox) exists  above relative to the shoes(blue bbox). To the viewer, it seems farther. The the light switch(red bbox) is in front of the observer. The the shoes(blue bbox) is behind the observer.
",137,217,0.0,0.020274680688313642,0.799011766910553,0.18000000000000002,0.4575608195929392,0.4575608195929392,sentence
988,obj_spatial_relation_oo_mv,"<|im_start|>system
You are a helpful assistant.<|im_end|>
<|im_start|>user
<|vision_start|><|image_pad|><|image_pad|><|image_pad|><|image_pad|><|image_pad|><|image_pad|><|image_pad|><|image_pad|><|ima...","The pipe (red bbox: [380, 0, 431, 123]) is higher than the pipe (blue bbox: [207, 565, 514, 668]) in the two images, as the red pipe is positioned on the ceiling while the blue pipe is on the ground.","To describe it, the pipe(red bbox) is to the left and above the pipe(blue bbox). It seems closer from this viewpoint. The the pipe(red bbox) is behind the observer. The the pipe(blue bbox) is in front of the observer.
",199,218,0.0,0.00841532109425047,0.6920382380485535,0.3,0.4377021832431268,0.4377021832431268,sentence
989,obj_spatial_relation_oo_mv,"<|im_start|>system
You are a helpful assistant.<|im_end|>
<|im_start|>user
<|vision_start|><|image_pad|><|image_pad|><|image_pad|><|image_pad|><|image_pad|><|image_pad|><|image_pad|><|image_pad|><|ima...","The tray (red bbox: [739, 0, 999, 199]) in the first image appears to be positioned in front of the tray (blue bbox: [854, 874, 999, 999]) in the second image, as indicated by the camera poses and translation vectors which suggest the first image was taken from a position closer to the first tray than the second tray.","the tray(red bbox) is noted to be  above the tray(blue bbox). It might be perceived as farther from this view. The the tray(red bbox) and the tray(blue bbox) are in front of the observer.
",319,188,0.0,0.056587275392682865,0.7783713340759277,0.45,0.5355031221165004,0.5355031221165004,sentence
990,obj_spatial_relation_oo_mv,"<|im_start|>system
You are a helpful assistant.<|im_end|>
<|im_start|>user
<|vision_start|><|image_pad|><|image_pad|><|image_pad|><|image_pad|><|image_pad|><|image_pad|><|image_pad|><|image_pad|><|ima...","The power socket (red bbox) is positioned to the right of the projector rail (blue bbox) in the first image. There is no projector rail visible in the subsequent images, so it's not possible to determine its relative orientation to the power socket in those images.","the power socket(red bbox) lies spatially to the right below the projector rail(blue bbox). It is also observed to be farther. The the power socket(red bbox) and the projector rail(blue bbox) are in front of the observer.
",265,222,0.0,0.0407505119805112,0.8169841766357422,0.36000000000000004,0.5246421907139733,0.5246421907139733,sentence
991,obj_spatial_relation_oo_mv,"<|im_start|>system
You are a helpful assistant.<|im_end|>
<|im_start|>user
<|vision_start|><|image_pad|><|image_pad|><|image_pad|><|image_pad|><|image_pad|><|image_pad|><|image_pad|><|image_pad|><|ima...","The power socket (red bbox: [516, 456, 528, 475]) is located to the right of the heater (blue bbox: [474, 283, 685, 378]) in the first image.","the power socket(red bbox) exists to the left  relative to the heater(blue bbox). To the viewer, it seems farther. The the power socket(red bbox) and the heater(blue bbox) are in front of the observer.
",141,202,0.0,0.021199999667676973,0.8376275300979614,0.225,0.4905537649825161,0.4905537649825161,sentence
992,obj_spatial_relation_oo_mv,"<|im_start|>system
You are a helpful assistant.<|im_end|>
<|im_start|>user
<|vision_start|><|image_pad|><|image_pad|><|image_pad|><|image_pad|><|image_pad|><|image_pad|><|image_pad|><|image_pad|><|ima...","The box (red bbox: [0, 33, 98, 272]) is located in front of the power socket (blue bbox: [618, 380, 627, 395]) from the observer's perspective. In Image 1, the box is on a white cabinet to the left of the desk, while in Image 2, the power socket is on the wall to the right of the whiteboard. The box is closer to the observer than the power socket.","the box(red bbox) seems to occupy a position to the left and above in relation to the power socket(blue bbox). This makes it appear closer. The the box(red bbox) and the power socket(blue bbox) are in front of the observer.
",349,224,0.0,0.06656381810604059,0.8296343088150024,0.7200000000000001,0.6441299180287093,0.6441299180287093,sentence
993,obj_spatial_relation_oo_mv,"<|im_start|>system
You are a helpful assistant.<|im_end|>
<|im_start|>user
<|vision_start|><|image_pad|><|image_pad|><|image_pad|><|image_pad|><|image_pad|><|image_pad|><|image_pad|><|image_pad|><|ima...","The projector screen (red bbox: [731, 318, 999, 423]) is located in the room, likely above the table (blue bbox: [884, 0, 999, 217]), judging by the perspective in the image. The exact positioning would need to be determined by looking at the 3D center points of these objects and comparing their z-coordinates. The z-coordinate of the projector screen would be higher than the z-coordinate of the table, assuming the table is on the ground.","The arrangement shows the projector screen(red bbox) as to the left above the table(blue bbox). It also seems closer from this view. The the projector screen(red bbox) and the table(blue bbox) are in front of the observer.
",441,223,0.0,0.011975695025427464,0.814171552658081,0.36000000000000004,0.517480915334126,0.517480915334126,sentence
994,obj_spatial_relation_oo_mv,"<|im_start|>system
You are a helpful assistant.<|im_end|>
<|im_start|>user
<|vision_start|><|image_pad|><|image_pad|><|image_pad|><|image_pad|><|image_pad|><|image_pad|><|image_pad|><|image_pad|><|ima...","The projector rail is positioned above and to the left of the window frame when viewed from the observer's perspective, as the ceiling is higher than the window and the rail is not visible from the floor level in the window frame's plane.","the projector rail(red bbox) lies to the right and above relative to the window frame(blue bbox). It seems closer when viewed. The the projector rail(red bbox) and the window frame(blue bbox) are in front of the observer.
",238,222,0.0,0.024224768999509153,0.8475728034973145,0.36000000000000004,0.536631355548559,0.536631355548559,sentence
995,obj_spatial_relation_oo_mv,"<|im_start|>system
You are a helpful assistant.<|im_end|>
<|im_start|>user
<|vision_start|><|image_pad|><|image_pad|><|image_pad|><|image_pad|><|image_pad|><|image_pad|><|image_pad|><|image_pad|><|ima...","The window (red bbox: [910, 0, 999, 416]) is located to the right of the window (blue bbox: [930, 136, 999, 540]) relative to the observer.","From this position, the window(red bbox) looks to the left  the window(blue bbox). It is also farther as seen. The the window(red bbox) and the window(blue bbox) are in front of the observer.
",139,192,0.0,0.021848129654680342,0.8913971185684204,0.225,0.5175681852151462,0.5175681852151462,sentence
996,obj_spatial_relation_oo_mv,"<|im_start|>system
You are a helpful assistant.<|im_end|>
<|im_start|>user
<|vision_start|><|image_pad|><|image_pad|><|image_pad|><|image_pad|><|image_pad|><|image_pad|><|image_pad|><|image_pad|><|ima...","The window (red bbox: [220, 764, 347, 999]) is positioned above the window sill (blue bbox: [0, 778, 126, 817]) in the second image, as it is higher in the scene.","the window(red bbox) is seen in a position to the right above the window sill(blue bbox). It seems closer in this setup. The the window(red bbox) and the window sill(blue bbox) are in front of the observer.
",162,207,0.0,0.03767573590970964,0.8518734574317932,0.36000000000000004,0.5414718758978385,0.5414718758978385,sentence
997,obj_spatial_relation_oo_mv,"<|im_start|>system
You are a helpful assistant.<|im_end|>
<|im_start|>user
<|vision_start|><|image_pad|><|image_pad|><|image_pad|><|image_pad|><|image_pad|><|image_pad|><|image_pad|><|image_pad|><|ima...","Based on the camera poses and translation vectors provided, the window frame (red bbox: [806, 0, 902, 288]) and the power sockets (blue bbox: [587, 459, 606, 497]) appear to be in the same room but at different positions. The window frame is located towards the back of the room and higher up, while the power sockets are closer to the floor and towards the side of the room. Therefore, from the observer's perspective, the window frame is located behind and above the power sockets.","When observing the power sockets(blue bbox), the window frame(red bbox) appears to the right above. Additionally, it is perceived as closer. The the window frame(red bbox) and the power sockets(blue bbox) are in front of the observer.
",483,235,0.0,0.02224534785123006,0.8371561765670776,0.54,0.5850271578537849,0.5850271578537849,sentence
998,obj_spatial_relation_oo_mv,"<|im_start|>system
You are a helpful assistant.<|im_end|>
<|im_start|>user
<|vision_start|><|image_pad|><|image_pad|><|image_pad|><|image_pad|><|image_pad|><|image_pad|><|image_pad|><|image_pad|><|ima...","The light switches (red bbox: [130, 272, 172, 360]) are located in the first image, and the chair (blue bbox: [549, 219, 706, 539]) is in the second image. The light switches are to the left of the chair in the room, so in terms of spatial location, the light switches are to the left of the chair.","Observing the light switches(red bbox) reveals it is to the left above the chair(blue bbox). It is perceived as farther. The the light switches(red bbox) is in front of the observer. The the chair(blue bbox) is behind the observer.
",298,232,0.0,0.03116049993538979,0.8116325736045837,0.3,0.5020483867893698,0.5020483867893698,sentence
999,obj_spatial_relation_oo_mv,"<|im_start|>system
You are a helpful assistant.<|im_end|>
<|im_start|>user
<|vision_start|><|image_pad|><|image_pad|><|image_pad|><|image_pad|><|image_pad|><|image_pad|><|image_pad|><|image_pad|><|ima...","In the first image, the chair is located to the right of the table, while in the second image, the table is in front of the chair.","The observer notes the chair(red bbox) is to the right  the table(blue bbox). Additionally, it appears closer. The the chair(red bbox) and the table(blue bbox) are in front of the observer.
",130,190,0.0,0.12648721750421546,0.7291425466537476,0.675,0.5923687168277169,0.5923687168277169,sentence
